ISO-10303-21;
HEADER;
FILE_DESCRIPTION (( 'STEP AP214' ),
    '1' );
FILE_NAME ('CUI_DEVICES_TB002V-500-02BE.step',
    '2019-10-21T06:01:23',
    ( '' ),
    ( '' ),
    'SwSTEP 2.0',
    'SolidWorks 2019',
    '' );
FILE_SCHEMA (( 'AUTOMOTIVE_DESIGN' ));
ENDSEC;

DATA;
#1 = CONICAL_SURFACE ( 'NONE', #4236, 0.5000000000000000000, 0.4636476084710116075 ) ;
#2 = FILL_AREA_STYLE_COLOUR ( '', #2288 ) ;
#3 = EDGE_LOOP ( 'NONE', ( #1126, #2202, #329, #3133 ) ) ;
#4 = CARTESIAN_POINT ( 'NONE',  ( 7.500000000000000000, 2.500000000000010214, 9.999999999999992895 ) ) ;
#5 = ORIENTED_EDGE ( 'NONE', *, *, #2892, .F. ) ;
#6 = CARTESIAN_POINT ( 'NONE',  ( 0.4500000000000000666, 7.250000000000000000, 0.6500000000000010214 ) ) ;
#7 = UNCERTAINTY_MEASURE_WITH_UNIT (LENGTH_MEASURE( 1.000000000000000082E-05 ), #1610, 'distance_accuracy_value', 'NONE');
#8 = VERTEX_POINT ( 'NONE', #1403 ) ;
#9 = ORIENTED_EDGE ( 'NONE', *, *, #2817, .F. ) ;
#10 = DIRECTION ( 'NONE',  ( 0.0000000000000000000, 1.000000000000000000, 0.0000000000000000000 ) ) ;
#11 = CARTESIAN_POINT ( 'NONE',  ( 10.00000000000000000, 0.9499999999999999556, 6.200000000000001066 ) ) ;
#12 = CARTESIAN_POINT ( 'NONE',  ( 1.043633278484559668, 6.148436649458580483, 5.454695900211619985 ) ) ;
#13 = ORIENTED_EDGE ( 'NONE', *, *, #1974, .T. ) ;
#14 = SURFACE_STYLE_FILL_AREA ( #2316 ) ;
#15 = EDGE_CURVE ( 'NONE', #1318, #3444, #236, .T. ) ;
#16 = DIRECTION ( 'NONE',  ( -1.000000000000000000, -5.580452358381269806E-16, 0.0000000000000000000 ) ) ;
#17 = CARTESIAN_POINT ( 'NONE',  ( 4.500000000000000888, 6.221952518161529611, 5.100000000000011191 ) ) ;
#18 = EDGE_CURVE ( 'NONE', #2735, #4018, #3679, .T. ) ;
#19 = ORIENTED_EDGE ( 'NONE', *, *, #725, .F. ) ;
#20 = B_SPLINE_CURVE_WITH_KNOTS ( 'NONE', 3,
 ( #4174, #2230, #572, #1918, #3226, #1267 ),
 .UNSPECIFIED., .F., .F.,
 ( 4, 2, 4 ),
 ( 6.201606099209435078E-16, 0.0001520665957077595057, 0.0003041331914148988477 ),
 .UNSPECIFIED. ) ;
#21 = CARTESIAN_POINT ( 'NONE',  ( 4.205878195200130065, 6.087585864700089999, 5.702659885757030089 ) ) ;
#22 = EDGE_CURVE ( 'NONE', #2310, #3940, #2538, .T. ) ;
#23 = ORIENTED_EDGE ( 'NONE', *, *, #2999, .F. ) ;
#24 = FILL_AREA_STYLE_COLOUR ( '', #4137 ) ;
#25 = ADVANCED_FACE ( 'NONE', ( #1081 ), #2001, .T. ) ;
#26 = VERTEX_POINT ( 'NONE', #2059 ) ;
#27 = FACE_OUTER_BOUND ( 'NONE', #1934, .T. ) ;
#28 = ORIENTED_EDGE ( 'NONE', *, *, #3785, .T. ) ;
#29 = LINE ( 'NONE', #3249, #3239 ) ;
#30 = PLANE ( 'NONE',  #1378 ) ;
#31 = ORIENTED_EDGE ( 'NONE', *, *, #248, .T. ) ;
#32 = SURFACE_STYLE_FILL_AREA ( #3013 ) ;
#33 = LINE ( 'NONE', #439, #477 ) ;
#34 = ORIENTED_EDGE ( 'NONE', *, *, #763, .F. ) ;
#35 = CARTESIAN_POINT ( 'NONE',  ( 6.042213446764645113, 3.850000000000008971, 9.481490714224461769 ) ) ;
#36 = VECTOR ( 'NONE', #1823, 1000.000000000000000 ) ;
#37 = ADVANCED_FACE ( 'NONE', ( #1060, #731, #1439 ), #2761, .T. ) ;
#38 = SURFACE_STYLE_FILL_AREA ( #3088 ) ;
#39 = CARTESIAN_POINT ( 'NONE',  ( 8.956366702911532585, 6.148436653995700496, 5.454695792913989649 ) ) ;
#40 = ORIENTED_EDGE ( 'NONE', *, *, #3823, .F. ) ;
#41 = CARTESIAN_POINT ( 'NONE',  ( 2.500000000000000000, -4.450000000000000178, 2.149999999999990141 ) ) ;
#42 = FACE_OUTER_BOUND ( 'NONE', #3113, .T. ) ;
#43 = SURFACE_STYLE_FILL_AREA ( #2405 ) ;
#44 = AXIS2_PLACEMENT_3D ( 'NONE', #2603, #305, #1652 ) ;
#45 = UNCERTAINTY_MEASURE_WITH_UNIT (LENGTH_MEASURE( 1.000000000000000082E-05 ), #3023, 'distance_accuracy_value', 'NONE');
#46 = STYLED_ITEM ( 'NONE', ( #3829 ), #490 ) ;
#47 = ORIENTED_EDGE ( 'NONE', *, *, #3635, .T. ) ;
#48 = CARTESIAN_POINT ( 'NONE',  ( 8.961427646674049896, 6.340242470895601556, 5.485183436963615655 ) ) ;
#49 = CIRCLE ( 'NONE', #2274, 1.400000000000000133 ) ;
#50 = DIRECTION ( 'NONE',  ( 0.3481553119113969808, -0.8703882797784889824, -0.3481553119113949823 ) ) ;
#51 = AXIS2_PLACEMENT_3D ( 'NONE', #3816, #3481, #803 ) ;
#52 = EDGE_CURVE ( 'NONE', #358, #4122, #203, .T. ) ;
#53 = ORIENTED_EDGE ( 'NONE', *, *, #593, .T. ) ;
#54 = CIRCLE ( 'NONE', #534, 1.400000000000000133 ) ;
#55 = CARTESIAN_POINT ( 'NONE',  ( 0.4500000000000000666, 6.250000000000031086, 5.700000000000000178 ) ) ;
#56 = LINE ( 'NONE', #213, #367 ) ;
#57 = VECTOR ( 'NONE', #3117, 1000.000000000000000 ) ;
#58 = AXIS2_PLACEMENT_3D ( 'NONE', #2369, #3696, #2051 ) ;
#59 = ORIENTED_EDGE ( 'NONE', *, *, #15, .F. ) ;
#60 = AXIS2_PLACEMENT_3D ( 'NONE', #4259, #1295, #2351 ) ;
#61 =( NAMED_UNIT ( * ) SI_UNIT ( $, .STERADIAN. ) SOLID_ANGLE_UNIT ( ) );
#62 = ORIENTED_EDGE ( 'NONE', *, *, #4195, .T. ) ;
#63 = MECHANICAL_DESIGN_GEOMETRIC_PRESENTATION_REPRESENTATION (  '', ( #2096 ), #2434 ) ;
#64 = PRESENTATION_LAYER_ASSIGNMENT (  '', '', ( #836 ) ) ;
#65 =( NAMED_UNIT ( * ) PLANE_ANGLE_UNIT ( ) SI_UNIT ( $, .RADIAN. ) );
#66 = CARTESIAN_POINT ( 'NONE',  ( 8.977355748483210718, 6.378927027922910220, 5.621778233683960124 ) ) ;
#67 = ORIENTED_EDGE ( 'NONE', *, *, #2363, .F. ) ;
#68 = DIRECTION ( 'NONE',  ( 0.0000000000000000000, 1.000000000000000000, 0.0000000000000000000 ) ) ;
#69 = DIRECTION ( 'NONE',  ( 1.717547996016639994E-16, 0.0000000000000000000, 1.000000000000000000 ) ) ;
#70 = ADVANCED_FACE ( 'NONE', ( #1178 ), #3104, .F. ) ;
#71 = FILL_AREA_STYLE_COLOUR ( '', #4032 ) ;
#72 = VERTEX_POINT ( 'NONE', #2865 ) ;
#73 = DIRECTION ( 'NONE',  ( 1.000000000000000000, 0.0000000000000000000, 0.0000000000000000000 ) ) ;
#74 = DIRECTION ( 'NONE',  ( 6.323770134184271214E-17, 0.9848077530122081313, 0.1736481776669300259 ) ) ;
#75 = DIRECTION ( 'NONE',  ( 0.0000000000000000000, 0.0000000000000000000, 1.000000000000000000 ) ) ;
#76 = ADVANCED_FACE ( 'NONE', ( #4156 ), #2178, .F. ) ;
#77 = LINE ( 'NONE', #3730, #3815 ) ;
#78 = CARTESIAN_POINT ( 'NONE',  ( 4.087037305134390230, 3.850000000000010303, 8.986637655680240755 ) ) ;
#79 = DIRECTION ( 'NONE',  ( 0.0000000000000000000, -3.675221047034999628E-15, 1.000000000000000000 ) ) ;
#80 = CARTESIAN_POINT ( 'NONE',  ( 10.00000000000000000, 0.9499999999999999556, 6.200000000000001066 ) ) ;
#81 = ORIENTED_EDGE ( 'NONE', *, *, #1119, .T. ) ;
#82 = SURFACE_STYLE_USAGE ( .BOTH. , #1822 ) ;
#83 = VERTEX_POINT ( 'NONE', #3521 ) ;
#84 = ORIENTED_EDGE ( 'NONE', *, *, #2090, .T. ) ;
#85 = VERTEX_POINT ( 'NONE', #4194 ) ;
#86 = PRESENTATION_STYLE_ASSIGNMENT (( #1087 ) ) ;
#87 = APPLICATION_CONTEXT ( 'automotive_design' ) ;
#88 = EDGE_CURVE ( 'NONE', #2807, #2315, #802, .T. ) ;
#89 = CARTESIAN_POINT ( 'NONE',  ( 9.550000000000000711, 7.750000000000000000, 0.4500000000000020095 ) ) ;
#90 = CARTESIAN_POINT ( 'NONE',  ( 2.500000000000000000, 6.000000000000000000, 9.999999999999996447 ) ) ;
#91 = AXIS2_PLACEMENT_3D ( 'NONE', #4260, #561, #1949 ) ;
#92 = ORIENTED_EDGE ( 'NONE', *, *, #93, .T. ) ;
#93 = EDGE_CURVE ( 'NONE', #1157, #1223, #2443, .T. ) ;
#94 = LINE ( 'NONE', #4087, #157 ) ;
#95 =( NAMED_UNIT ( * ) SI_UNIT ( $, .STERADIAN. ) SOLID_ANGLE_UNIT ( ) );
#96 =( NAMED_UNIT ( * ) PLANE_ANGLE_UNIT ( ) SI_UNIT ( $, .RADIAN. ) );
#97 = ORIENTED_EDGE ( 'NONE', *, *, #3741, .F. ) ;
#98 = EDGE_CURVE ( 'NONE', #1920, #3917, #2589, .T. ) ;
#99 = CARTESIAN_POINT ( 'NONE',  ( 0.0000000000000000000, 4.900000000000000355, 3.275000000000000355 ) ) ;
#100 = ORIENTED_EDGE ( 'NONE', *, *, #758, .T. ) ;
#101 = ORIENTED_EDGE ( 'NONE', *, *, #3102, .F. ) ;
#102 = EDGE_CURVE ( 'NONE', #781, #1938, #444, .T. ) ;
#103 = PRODUCT_CONTEXT ( 'NONE', #976, 'mechanical' ) ;
#104 = COLOUR_RGB ( '',0.2862745098039215508, 0.6431372549019607199, 0.8666666666666666963 ) ;
#105 = LINE ( 'NONE', #3725, #2762 ) ;
#106 = CARTESIAN_POINT ( 'NONE',  ( 0.0000000000000000000, 0.1499999999999999944, -2.576321994024960090E-15 ) ) ;
#107 = SURFACE_STYLE_FILL_AREA ( #1477 ) ;
#108 = FACE_BOUND ( 'NONE', #1449, .T. ) ;
#109 = LINE ( 'NONE', #2070, #2836 ) ;
#110 = ORIENTED_EDGE ( 'NONE', *, *, #2089, .F. ) ;
#111 = DIRECTION ( 'NONE',  ( 0.0000000000000000000, 0.4264192316982558517, 0.9045256429962995615 ) ) ;
#112 = DIRECTION ( 'NONE',  ( 0.0000000000000000000, 0.0000000000000000000, -1.000000000000000000 ) ) ;
#113 = CARTESIAN_POINT ( 'NONE',  ( 6.450000000000000178, 6.370920840910899940, 3.569044486294639995 ) ) ;
#114 = ORIENTED_EDGE ( 'NONE', *, *, #779, .T. ) ;
#115 = DIRECTION ( 'NONE',  ( 1.000000000000000000, 0.0000000000000000000, 0.0000000000000000000 ) ) ;
#116 = VECTOR ( 'NONE', #3372, 1000.000000000000000 ) ;
#117 = MECHANICAL_DESIGN_GEOMETRIC_PRESENTATION_REPRESENTATION (  '', ( #399 ), #3954 ) ;
#118 = PRESENTATION_STYLE_ASSIGNMENT (( #2525 ) ) ;
#119 = PRODUCT ( 'CUI_DEVICES_TB002V-500-02BE', 'CUI_DEVICES_TB002V-500-02BE', '', ( #515 ) ) ;
#120 = EDGE_CURVE ( 'NONE', #344, #2780, #1130, .T. ) ;
#121 = ORIENTED_EDGE ( 'NONE', *, *, #4215, .F. ) ;
#122 = DIRECTION ( 'NONE',  ( 0.0000000000000000000, -1.000000000000000000, 0.0000000000000000000 ) ) ;
#123 = CARTESIAN_POINT ( 'NONE',  ( 8.961949539121981445, 6.695801932966229053, 5.479919480100697626 ) ) ;
#124 = UNCERTAINTY_MEASURE_WITH_UNIT (LENGTH_MEASURE( 1.000000000000000082E-05 ), #3792, 'distance_accuracy_value', 'NONE');
#125 = AXIS2_PLACEMENT_3D ( 'NONE', #3171, #4180, #1203 ) ;
#126 = ORIENTED_EDGE ( 'NONE', *, *, #2055, .F. ) ;
#127 = CARTESIAN_POINT ( 'NONE',  ( 9.074407072548709152, 3.850000000000010303, 9.158054070484201503 ) ) ;
#128 = CIRCLE ( 'NONE', #3058, 1.413776159319739989 ) ;
#129 = CARTESIAN_POINT ( 'NONE',  ( 1.091470100434432045, 6.803742317568937104, 5.258069125366945151 ) ) ;
#130 = ORIENTED_EDGE ( 'NONE', *, *, #1579, .T. ) ;
#131 = DIRECTION ( 'NONE',  ( 0.0000000000000000000, 1.000000000000000000, 0.0000000000000000000 ) ) ;
#132 = DIRECTION ( 'NONE',  ( 0.2716300227878299944, -0.06713375248915300075, 0.9600573889080840084 ) ) ;
#133 = CARTESIAN_POINT ( 'NONE',  ( 2.500000000000000000, 4.250000000000009770, 9.500000000000010658 ) ) ;
#134 = DIRECTION ( 'NONE',  ( 0.0000000000000000000, 0.0000000000000000000, 1.000000000000000000 ) ) ;
#135 = DIRECTION ( 'NONE',  ( -0.8660254037844391517, -0.4999999999999990563, 0.0000000000000000000 ) ) ;
#136 = CARTESIAN_POINT ( 'NONE',  ( 2.500000000000000000, -3.950000000000000178, 3.149999999999990141 ) ) ;
#137 = EDGE_CURVE ( 'NONE', #4202, #3364, #2307, .T. ) ;
#138 = SURFACE_SIDE_STYLE ('',( #3130 ) ) ;
#139 = EDGE_LOOP ( 'NONE', ( #2804, #3039, #2173, #3537 ) ) ;
#140 = EDGE_CURVE ( 'NONE', #2741, #737, #2782, .T. ) ;
#141 = LINE ( 'NONE', #1487, #3712 ) ;
#142 = VERTEX_POINT ( 'NONE', #3257 ) ;
#143 = CARTESIAN_POINT ( 'NONE',  ( 6.057217321801799059, 6.518892729351694726, 5.379133184779042232 ) ) ;
#144 = CARTESIAN_POINT ( 'NONE',  ( 8.924099116621579952, 6.560463200155851382, 5.313097438219569923 ) ) ;
#145 = EDGE_LOOP ( 'NONE', ( #478, #62, #2883, #2739 ) ) ;
#146 = DIRECTION ( 'NONE',  ( 6.323770134184271214E-17, -0.9848077530122081313, -0.1736481776669300259 ) ) ;
#147 = DIRECTION ( 'NONE',  ( 0.0000000000000000000, -1.000000000000000000, 0.0000000000000000000 ) ) ;
#148 = AXIS2_PLACEMENT_3D ( 'NONE', #2289, #3942, #1342 ) ;
#149 = FACE_OUTER_BOUND ( 'NONE', #3437, .T. ) ;
#150 = PLANE ( 'NONE',  #3155 ) ;
#151 = CARTESIAN_POINT ( 'NONE',  ( 10.50000000000000000, 1.838675134594820015, 6.200000000000001066 ) ) ;
#152 = VECTOR ( 'NONE', #2136, 1000.000000000000000 ) ;
#153 = LINE ( 'NONE', #2115, #2623 ) ;
#154 = LINE ( 'NONE', #1983, #1031 ) ;
#155 = DIRECTION ( 'NONE',  ( -1.000000000000000000, -5.580452358381269806E-16, 0.0000000000000000000 ) ) ;
#156 = CARTESIAN_POINT ( 'NONE',  ( 3.996623964658529538, 6.250000000000089706, 5.516661212398780378 ) ) ;
#157 = VECTOR ( 'NONE', #112, 1000.000000000000000 ) ;
#158 = ORIENTED_EDGE ( 'NONE', *, *, #1984, .T. ) ;
#159 = B_SPLINE_CURVE_WITH_KNOTS ( 'NONE', 3,
 ( #3524, #3867, #3583, #1555, #2198, #852 ),
 .UNSPECIFIED., .F., .F.,
 ( 4, 2, 4 ),
 ( 0.0000000000000000000, 0.4556032744929219835, 1.000000000000000000 ),
 .UNSPECIFIED. ) ;
#160 = CARTESIAN_POINT ( 'NONE',  ( 2.500000000000000000, 0.1499999999999999944, 2.649999999999990141 ) ) ;
#161 = ORIENTED_EDGE ( 'NONE', *, *, #968, .T. ) ;
#162 = DIRECTION ( 'NONE',  ( -1.000000000000000000, 0.0000000000000000000, 0.0000000000000000000 ) ) ;
#163 = DIRECTION ( 'NONE',  ( 0.0000000000000000000, 1.000000000000000000, 0.0000000000000000000 ) ) ;
#164 = ADVANCED_FACE ( 'NONE', ( #2910 ), #3912, .T. ) ;
#165 = UNCERTAINTY_MEASURE_WITH_UNIT (LENGTH_MEASURE( 1.000000000000000082E-05 ), #2425, 'distance_accuracy_value', 'NONE');
#166 = ORIENTED_EDGE ( 'NONE', *, *, #3206, .F. ) ;
#167 = DIRECTION ( 'NONE',  ( 1.000000000000000000, 0.0000000000000000000, 0.0000000000000000000 ) ) ;
#168 =( NAMED_UNIT ( * ) SI_UNIT ( $, .STERADIAN. ) SOLID_ANGLE_UNIT ( ) );
#169 = EDGE_CURVE ( 'NONE', #2218, #2395, #2035, .T. ) ;
#170 = AXIS2_PLACEMENT_3D ( 'NONE', #2931, #2888, #1618 ) ;
#171 = CARTESIAN_POINT ( 'NONE',  ( 3.976625426533427543, 6.471519187294227038, 5.653980163197300790 ) ) ;
#172 =( NAMED_UNIT ( * ) SI_UNIT ( $, .STERADIAN. ) SOLID_ANGLE_UNIT ( ) );
#173 = AXIS2_PLACEMENT_3D ( 'NONE', #1638, #221, #290 ) ;
#174 = CARTESIAN_POINT ( 'NONE',  ( 7.500000000000000000, -4.450000000000000178, 2.149999999999999911 ) ) ;
#175 = CIRCLE ( 'NONE', #2687, 1.413776159319739989 ) ;
#176 = PRESENTATION_LAYER_ASSIGNMENT (  '', '', ( #4152 ) ) ;
#177 = DIRECTION ( 'NONE',  ( 0.0000000000000000000, 0.0000000000000000000, -1.000000000000000000 ) ) ;
#178 = DIRECTION ( 'NONE',  ( 0.0000000000000000000, 0.0000000000000000000, 1.000000000000000000 ) ) ;
#179 = COLOUR_RGB ( '',0.2862745098039215508, 0.6431372549019607199, 0.8666666666666666963 ) ;
#180 = CARTESIAN_POINT ( 'NONE',  ( 3.995650848407130251, 6.249999999999960032, 5.507834059304349772 ) ) ;
#181 = VECTOR ( 'NONE', #69, 1000.000000000000000 ) ;
#182 = EDGE_LOOP ( 'NONE', ( #1118, #1980, #4258, #3196 ) ) ;
#183 = VECTOR ( 'NONE', #1500, 1000.000000000000114 ) ;
#184 = DIRECTION ( 'NONE',  ( 0.0000000000000000000, -1.000000000000000000, 0.0000000000000000000 ) ) ;
#185 = VERTEX_POINT ( 'NONE', #3890 ) ;
#186 = CARTESIAN_POINT ( 'NONE',  ( 5.906089525206200008, 4.650000000000010125, 8.893318922984189356 ) ) ;
#187 = VECTOR ( 'NONE', #1033, 1000.000000000000000 ) ;
#188 = VERTEX_POINT ( 'NONE', #1923 ) ;
#189 = LINE ( 'NONE', #2496, #2664 ) ;
#190 = EDGE_CURVE ( 'NONE', #1263, #1539, #3624, .T. ) ;
#191 =( GEOMETRIC_REPRESENTATION_CONTEXT ( 3 ) GLOBAL_UNCERTAINTY_ASSIGNED_CONTEXT ( ( #2493 ) ) GLOBAL_UNIT_ASSIGNED_CONTEXT ( ( #1059, #1771, #772 ) ) REPRESENTATION_CONTEXT ( 'NONE', 'WORKASPACE' ) );
#192 = DIRECTION ( 'NONE',  ( 0.0000000000000000000, 0.0000000000000000000, 1.000000000000000000 ) ) ;
#193 = VECTOR ( 'NONE', #1566, 1000.000000000000000 ) ;
#194 = EDGE_CURVE ( 'NONE', #2441, #344, #641, .T. ) ;
#195 = SURFACE_SIDE_STYLE ('',( #571 ) ) ;
#196 =( NAMED_UNIT ( * ) PLANE_ANGLE_UNIT ( ) SI_UNIT ( $, .RADIAN. ) );
#197 = DIRECTION ( 'NONE',  ( 0.8660254037843231334, -0.5000000000002000622, 0.0000000000000000000 ) ) ;
#198 = EDGE_LOOP ( 'NONE', ( #1297, #2164 ) ) ;
#199 = DIRECTION ( 'NONE',  ( 0.3481553119113961481, 0.8703882797784894265, -0.3481553119113950934 ) ) ;
#200 = FACE_OUTER_BOUND ( 'NONE', #629, .T. ) ;
#201 = ADVANCED_FACE ( 'NONE', ( #1293 ), #598, .T. ) ;
#202 = CARTESIAN_POINT ( 'NONE',  ( 9.750000000000000000, 7.750000000000000000, 9.017126979087359724E-16 ) ) ;
#203 = LINE ( 'NONE', #489, #2751 ) ;
#204 = EDGE_LOOP ( 'NONE', ( #3281, #2899, #1151, #1485 ) ) ;
#205 = CARTESIAN_POINT ( 'NONE',  ( 8.995650848407130695, 6.249999999999950262, 5.507834059304340002 ) ) ;
#206 = LINE ( 'NONE', #562, #3190 ) ;
#207 = ORIENTED_EDGE ( 'NONE', *, *, #3873, .F. ) ;
#208 = CARTESIAN_POINT ( 'NONE',  ( 4.062892611431221823, 4.650000000000010125, 9.314249409997589879 ) ) ;
#209 = LINE ( 'NONE', #1558, #317 ) ;
#210 = ORIENTED_EDGE ( 'NONE', *, *, #3844, .T. ) ;
#211 = PLANE ( 'NONE',  #1451 ) ;
#212 = CARTESIAN_POINT ( 'NONE',  ( 2.500000000000000000, 9.550000000000029132, 1.349999999999999867 ) ) ;
#213 = CARTESIAN_POINT ( 'NONE',  ( 4.549999999999999822, 7.750000000000000000, 0.4499999999999990119 ) ) ;
#214 = CARTESIAN_POINT ( 'NONE',  ( 1.449999999999999956, 5.950000000000040146, 3.494824785299559977 ) ) ;
#215 = CARTESIAN_POINT ( 'NONE',  ( 7.576979650206509653, 6.669166114049719596, 5.694239332014509714 ) ) ;
#216 = EDGE_CURVE ( 'NONE', #358, #3940, #1311, .T. ) ;
#217 = EDGE_LOOP ( 'NONE', ( #97, #856 ) ) ;
#218 = LINE ( 'NONE', #3842, #887 ) ;
#219 = MECHANICAL_DESIGN_GEOMETRIC_PRESENTATION_REPRESENTATION (  '', ( #2245 ), #292 ) ;
#220 = CARTESIAN_POINT ( 'NONE',  ( 5.937107388568627186, 3.850000000000009415, 9.314249409997643170 ) ) ;
#221 = DIRECTION ( 'NONE',  ( 1.000000000000000000, 0.0000000000000000000, 0.0000000000000000000 ) ) ;
#222 = EDGE_CURVE ( 'NONE', #2643, #1269, #4282, .T. ) ;
#223 = ORIENTED_EDGE ( 'NONE', *, *, #222, .T. ) ;
#224 = CARTESIAN_POINT ( 'NONE',  ( 6.023037437513499626, 6.379043465882250352, 5.701156363462390075 ) ) ;
#225 = FACE_OUTER_BOUND ( 'NONE', #2937, .T. ) ;
#226 = VERTEX_POINT ( 'NONE', #2587 ) ;
#227 = CARTESIAN_POINT ( 'NONE',  ( 14.55000000000000071, 6.250000000000031086, 0.6500000000000260014 ) ) ;
#228 = EDGE_CURVE ( 'NONE', #2983, #838, #2235, .T. ) ;
#229 = ORIENTED_EDGE ( 'NONE', *, *, #1139, .T. ) ;
#230 = CARTESIAN_POINT ( 'NONE',  ( 0.7999999999999990452, 3.850000000000010303, 8.800000000000009592 ) ) ;
#231 = CARTESIAN_POINT ( 'NONE',  ( 4.750000000000000000, 7.750000000000000000, -3.392157292132870029E-15 ) ) ;
#232 = DIRECTION ( 'NONE',  ( 0.0000000000000000000, 1.000000000000000000, 0.0000000000000000000 ) ) ;
#233 = ORIENTED_EDGE ( 'NONE', *, *, #1287, .T. ) ;
#234 = SURFACE_STYLE_FILL_AREA ( #1914 ) ;
#235 = PRESENTATION_STYLE_ASSIGNMENT (( #553 ) ) ;
#236 = B_SPLINE_CURVE_WITH_KNOTS ( 'NONE', 3,
 ( #3702, #2718, #422, #3383 ),
 .UNSPECIFIED., .F., .F.,
 ( 4, 4 ),
 ( 0.0000000000000000000, 0.0001440220723375999377 ),
 .UNSPECIFIED. ) ;
#237 = VERTEX_POINT ( 'NONE', #3933 ) ;
#238 = LINE ( 'NONE', #3207, #1738 ) ;
#239 = DIRECTION ( 'NONE',  ( 1.000000000000000000, 0.0000000000000000000, 0.0000000000000000000 ) ) ;
#240 = EDGE_CURVE ( 'NONE', #1535, #1844, #4079, .T. ) ;
#241 = DIRECTION ( 'NONE',  ( 4.311199699514559827E-15, -1.000000000000000000, 0.0000000000000000000 ) ) ;
#242 = CIRCLE ( 'NONE', #2689, 0.1000000000000002554 ) ;
#243 = ORIENTED_EDGE ( 'NONE', *, *, #3913, .F. ) ;
#244 = AXIS2_PLACEMENT_3D ( 'NONE', #2337, #3662, #1916 ) ;
#245 = DIRECTION ( 'NONE',  ( 1.000000000000000000, 0.0000000000000000000, 0.0000000000000000000 ) ) ;
#246 = DIRECTION ( 'NONE',  ( 1.000000000000000000, 0.0000000000000000000, 0.0000000000000000000 ) ) ;
#247 = AXIS2_PLACEMENT_3D ( 'NONE', #2359, #3924, #2266 ) ;
#248 = EDGE_CURVE ( 'NONE', #1066, #354, #1794, .T. ) ;
#249 = ORIENTED_EDGE ( 'NONE', *, *, #3021, .F. ) ;
#250 = DIRECTION ( 'NONE',  ( 0.0000000000000000000, 1.000000000000000000, 0.0000000000000000000 ) ) ;
#251 = ORIENTED_EDGE ( 'NONE', *, *, #4240, .T. ) ;
#252 = VECTOR ( 'NONE', #620, 1000.000000000000000 ) ;
#253 = EDGE_CURVE ( 'NONE', #781, #2267, #268, .T. ) ;
#254 = ORIENTED_EDGE ( 'NONE', *, *, #3162, .T. ) ;
#255 = DIRECTION ( 'NONE',  ( -1.000000000000000000, 0.0000000000000000000, 4.231032868236119855E-16 ) ) ;
#256 = CARTESIAN_POINT ( 'NONE',  ( 0.0000000000000000000, 0.0000000000000000000, -2.576321994024960090E-15 ) ) ;
#257 = DIRECTION ( 'NONE',  ( 0.0000000000000000000, 0.0000000000000000000, -1.000000000000000000 ) ) ;
#258 =( LENGTH_UNIT ( ) NAMED_UNIT ( * ) SI_UNIT ( .MILLI., .METRE. ) );
#259 = DIRECTION ( 'NONE',  ( 0.0000000000000000000, -1.000000000000000000, 0.0000000000000000000 ) ) ;
#260 = AXIS2_PLACEMENT_3D ( 'NONE', #1728, #2135, #1402 ) ;
#261 = CARTESIAN_POINT ( 'NONE',  ( 6.051396625928302520, 6.749929893868253927, 5.399706028769492683 ) ) ;
#262 = B_SPLINE_CURVE_WITH_KNOTS ( 'NONE', 3,
 ( #3982, #1967, #2648, #3337, #3256, #3294 ),
 .UNSPECIFIED., .F., .F.,
 ( 4, 2, 4 ),
 ( 8.673617379884034509E-19, 0.0002833620155395567310, 0.0005667240310791125946 ),
 .UNSPECIFIED. ) ;
#263 = ORIENTED_EDGE ( 'NONE', *, *, #2677, .T. ) ;
#264 = PRESENTATION_LAYER_ASSIGNMENT (  '', '', ( #2096 ) ) ;
#265 = CARTESIAN_POINT ( 'NONE',  ( 3.549999999999999822, 6.370920840910899940, 3.569044486294639995 ) ) ;
#266 = CARTESIAN_POINT ( 'NONE',  ( 3.958155913534195935, 6.384612859889001513, 5.465433459372714076 ) ) ;
#267 = LINE ( 'NONE', #310, #2162 ) ;
#268 = LINE ( 'NONE', #2280, #2894 ) ;
#269 = PRESENTATION_LAYER_ASSIGNMENT (  '', '', ( #2440 ) ) ;
#270 = ORIENTED_EDGE ( 'NONE', *, *, #120, .T. ) ;
#271 = ADVANCED_FACE ( 'NONE', ( #3605 ), #1968, .F. ) ;
#272 = CARTESIAN_POINT ( 'NONE',  ( 8.924099116621579952, 6.782835288287570208, 5.313097438219569923 ) ) ;
#273 = ADVANCED_FACE ( 'NONE', ( #3278 ), #969, .T. ) ;
#274 = FILL_AREA_STYLE ('',( #2 ) ) ;
#275 = ORIENTED_EDGE ( 'NONE', *, *, #1365, .F. ) ;
#276 = EDGE_CURVE ( 'NONE', #1920, #4083, #311, .T. ) ;
#277 = ORIENTED_EDGE ( 'NONE', *, *, #3206, .T. ) ;
#278 = DIRECTION ( 'NONE',  ( -1.000000000000000000, 0.0000000000000000000, 0.0000000000000000000 ) ) ;
#279 = ORIENTED_EDGE ( 'NONE', *, *, #2201, .T. ) ;
#280 = CARTESIAN_POINT ( 'NONE',  ( 0.0000000000000000000, 1.718879291340180027, 9.827925769509480602 ) ) ;
#281 = ADVANCED_FACE ( 'NONE', ( #886 ), #1510, .T. ) ;
#282 = ORIENTED_EDGE ( 'NONE', *, *, #240, .T. ) ;
#283 = CARTESIAN_POINT ( 'NONE',  ( 0.8992189406417899766, 3.850000000000010303, 8.800000000000009592 ) ) ;
#284 = CARTESIAN_POINT ( 'NONE',  ( 7.500000000000000000, 4.250000000000009770, 8.099999999999999645 ) ) ;
#285 = SURFACE_STYLE_USAGE ( .BOTH. , #2968 ) ;
#286 =( LENGTH_UNIT ( ) NAMED_UNIT ( * ) SI_UNIT ( .MILLI., .METRE. ) );
#287 = ORIENTED_EDGE ( 'NONE', *, *, #2258, .T. ) ;
#288 = DIRECTION ( 'NONE',  ( 0.0000000000000000000, 1.000000000000000000, 0.0000000000000000000 ) ) ;
#289 = CARTESIAN_POINT ( 'NONE',  ( 1.005392207408169147, 6.250000000000031086, 5.499015461808847149 ) ) ;
#290 = DIRECTION ( 'NONE',  ( 0.0000000000000000000, 0.0000000000000000000, -1.000000000000000000 ) ) ;
#291 = ORIENTED_EDGE ( 'NONE', *, *, #1428, .T. ) ;
#292 =( GEOMETRIC_REPRESENTATION_CONTEXT ( 3 ) GLOBAL_UNCERTAINTY_ASSIGNED_CONTEXT ( ( #740 ) ) GLOBAL_UNIT_ASSIGNED_CONTEXT ( ( #936, #2959, #610 ) ) REPRESENTATION_CONTEXT ( 'NONE', 'WORKASPACE' ) );
#293 = DIRECTION ( 'NONE',  ( 0.0000000000000000000, 1.000000000000000000, 0.0000000000000000000 ) ) ;
#294 = CARTESIAN_POINT ( 'NONE',  ( 3.957924419191280574, 6.384681414832980018, 5.464040407139529876 ) ) ;
#295 = ORIENTED_EDGE ( 'NONE', *, *, #2134, .F. ) ;
#296 = VERTEX_POINT ( 'NONE', #558 ) ;
#297 = FILL_AREA_STYLE_COLOUR ( '', #1632 ) ;
#298 = VERTEX_POINT ( 'NONE', #1241 ) ;
#299 = SURFACE_SIDE_STYLE ('',( #3327 ) ) ;
#300 = ADVANCED_FACE ( 'NONE', ( #3560 ), #521, .T. ) ;
#301 = ORIENTED_EDGE ( 'NONE', *, *, #844, .F. ) ;
#302 = ORIENTED_EDGE ( 'NONE', *, *, #2380, .F. ) ;
#303 = CARTESIAN_POINT ( 'NONE',  ( 3.875649002070729932, 6.820490948317419644, 5.141853884246489592 ) ) ;
#304 = APPLICATION_CONTEXT ( 'automotive_design' ) ;
#305 = DIRECTION ( 'NONE',  ( 0.9284766908852588596, 0.3713906763541049982, -4.784109839334419496E-16 ) ) ;
#306 = CARTESIAN_POINT ( 'NONE',  ( 2.500000000000000000, 5.850000000000009415, 8.000000000000010658 ) ) ;
#307 = ADVANCED_FACE ( 'NONE', ( #1750 ), #3671, .T. ) ;
#308 = CARTESIAN_POINT ( 'NONE',  ( 3.986631417075581663, 6.290959454331964018, 5.697427312480231265 ) ) ;
#309 = FACE_OUTER_BOUND ( 'NONE', #2660, .T. ) ;
#310 = CARTESIAN_POINT ( 'NONE',  ( 1.449999999999999956, 5.950000000000040146, 2.800000000000019806 ) ) ;
#311 = LINE ( 'NONE', #2977, #3373 ) ;
#312 = EDGE_LOOP ( 'NONE', ( #1553, #3454, #2228, #1777 ) ) ;
#313 = CARTESIAN_POINT ( 'NONE',  ( 4.500000000000000888, 6.405650476444289865, 3.372082935692199968 ) ) ;
#314 = DIRECTION ( 'NONE',  ( 0.2716300227878299944, 0.06713375248915300075, -0.9600573889080840084 ) ) ;
#315 = ORIENTED_EDGE ( 'NONE', *, *, #2201, .F. ) ;
#316 = CIRCLE ( 'NONE', #2010, 1.649999999999999467 ) ;
#317 = VECTOR ( 'NONE', #4201, 1000.000000000000227 ) ;
#318 = DIRECTION ( 'NONE',  ( 0.0000000000000000000, 0.0000000000000000000, 1.000000000000000000 ) ) ;
#319 = EDGE_LOOP ( 'NONE', ( #3109, #1274, #4246, #1634 ) ) ;
#320 = ORIENTED_EDGE ( 'NONE', *, *, #322, .F. ) ;
#321 = AXIS2_PLACEMENT_3D ( 'NONE', #17, #1928, #2570 ) ;
#322 = EDGE_CURVE ( 'NONE', #3065, #2286, #2963, .T. ) ;
#323 = DIRECTION ( 'NONE',  ( 0.0000000000000000000, 0.0000000000000000000, -1.000000000000000000 ) ) ;
#324 = AXIS2_PLACEMENT_3D ( 'NONE', #331, #988, #1682 ) ;
#325 = CARTESIAN_POINT ( 'NONE',  ( 0.4500000000000000666, 2.200000000000000178, 0.6500000000000010214 ) ) ;
#326 = DIRECTION ( 'NONE',  ( 0.0000000000000000000, 0.0000000000000000000, 1.000000000000000000 ) ) ;
#327 = TOROIDAL_SURFACE ( 'NONE', #1100, 1.413776159319739989, 0.2000000000000000111 ) ;
#328 = STYLED_ITEM ( 'NONE', ( #3733 ), #1072 ) ;
#329 = ORIENTED_EDGE ( 'NONE', *, *, #2374, .T. ) ;
#330 = EDGE_CURVE ( 'NONE', #3813, #2310, #2669, .T. ) ;
#331 = CARTESIAN_POINT ( 'NONE',  ( 2.500000000000000000, 4.250000000000009770, 8.800000000000009592 ) ) ;
#332 = CARTESIAN_POINT ( 'NONE',  ( 3.969861671524570923, 6.381146321193673643, 5.536094731138559766 ) ) ;
#333 = DIRECTION ( 'NONE',  ( 0.0000000000000000000, 1.000000000000000000, 0.0000000000000000000 ) ) ;
#334 =( BOUNDED_CURVE ( )  B_SPLINE_CURVE ( 3, ( #3161, #2517, #3838, #857 ),
 .UNSPECIFIED., .F., .T. ) 
 B_SPLINE_CURVE_WITH_KNOTS ( ( 4, 4 ),
 ( 1.617317421061990945, 1.640609496874660067 ),
 .UNSPECIFIED. ) 
 CURVE ( )  GEOMETRIC_REPRESENTATION_ITEM ( )  RATIONAL_B_SPLINE_CURVE ( ( 1.000000000000000000, 0.9999547904446798308, 0.9999547904446798308, 1.000000000000000000 ) ) 
 REPRESENTATION_ITEM ( '' )  );
#335 = DIRECTION ( 'NONE',  ( 0.0000000000000000000, 0.0000000000000000000, -1.000000000000000000 ) ) ;
#336 = DIRECTION ( 'NONE',  ( -0.2716300227878299944, -0.06713375248915300075, 0.9600573889080840084 ) ) ;
#337 = STYLED_ITEM ( 'NONE', ( #3208 ), #3966 ) ;
#338 = VERTEX_POINT ( 'NONE', #3060 ) ;
#339 = EDGE_CURVE ( 'NONE', #868, #2112, #1035, .T. ) ;
#340 = SURFACE_SIDE_STYLE ('',( #1013 ) ) ;
#341 = PLANE ( 'NONE',  #3150 ) ;
#342 = ORIENTED_EDGE ( 'NONE', *, *, #2557, .F. ) ;
#343 = UNCERTAINTY_MEASURE_WITH_UNIT (LENGTH_MEASURE( 1.000000000000000082E-05 ), #286, 'distance_accuracy_value', 'NONE');
#344 = VERTEX_POINT ( 'NONE', #2371 ) ;
#345 = SURFACE_SIDE_STYLE ('',( #2127 ) ) ;
#346 = DIRECTION ( 'NONE',  ( 0.0000000000000000000, 0.0000000000000000000, 1.000000000000000000 ) ) ;
#347 = CARTESIAN_POINT ( 'NONE',  ( 2.500000000000000000, 5.950000000000040146, 2.750000000000000000 ) ) ;
#348 = CARTESIAN_POINT ( 'NONE',  ( 5.450000000000009948, 7.750000000000000000, 5.900000000000000355 ) ) ;
#349 = ORIENTED_EDGE ( 'NONE', *, *, #4055, .T. ) ;
#350 = CARTESIAN_POINT ( 'NONE',  ( 10.50000000000000000, 0.8864914703891380032, 6.200000000000001066 ) ) ;
#351 = CARTESIAN_POINT ( 'NONE',  ( 7.500000000000000000, 2.636732100714121341, 9.314249409997579221 ) ) ;
#352 = LINE ( 'NONE', #2347, #1455 ) ;
#353 = ADVANCED_FACE ( 'NONE', ( #2392 ), #1703, .T. ) ;
#354 = VERTEX_POINT ( 'NONE', #1685 ) ;
#355 = SHAPE_REPRESENTATION ( 'TB002V-500-02P_Blue - S', ( #970 ), #3610 ) ;
#356 = FILL_AREA_STYLE_COLOUR ( '', #4064 ) ;
#357 = DIRECTION ( 'NONE',  ( 0.0000000000000000000, -1.000000000000000000, -3.965082230804130614E-15 ) ) ;
#358 = VERTEX_POINT ( 'NONE', #351 ) ;
#359 = DIRECTION ( 'NONE',  ( 1.000000000000000000, 0.0000000000000000000, -5.152643988049929844E-16 ) ) ;
#360 = CYLINDRICAL_SURFACE ( 'NONE', #2693, 0.4000000000000001887 ) ;
#361 = EDGE_CURVE ( 'NONE', #1392, #1008, #371, .T. ) ;
#362 = VECTOR ( 'NONE', #3100, 1000.000000000000000 ) ;
#363 = EDGE_LOOP ( 'NONE', ( #3440, #4213, #101, #642, #3898, #2929 ) ) ;
#364 = CARTESIAN_POINT ( 'NONE',  ( 10.00000000000000000, 7.750000000000000000, 2.576321994024960090E-15 ) ) ;
#365 = DIRECTION ( 'NONE',  ( -1.000000000000000000, 0.0000000000000000000, 3.641714079092569968E-16 ) ) ;
#366 =( NAMED_UNIT ( * ) PLANE_ANGLE_UNIT ( ) SI_UNIT ( $, .RADIAN. ) );
#367 = VECTOR ( 'NONE', #2521, 1000.000000000000000 ) ;
#368 = ORIENTED_EDGE ( 'NONE', *, *, #3227, .F. ) ;
#369 = PRESENTATION_STYLE_ASSIGNMENT (( #2753 ) ) ;
#370 = DIRECTION ( 'NONE',  ( 0.0000000000000000000, 1.000000000000000000, 0.0000000000000000000 ) ) ;
#371 = LINE ( 'NONE', #80, #1657 ) ;
#372 = LINE ( 'NONE', #769, #1173 ) ;
#373 = ORIENTED_EDGE ( 'NONE', *, *, #3266, .T. ) ;
#374 = SURFACE_STYLE_USAGE ( .BOTH. , #771 ) ;
#375 = EDGE_CURVE ( 'NONE', #3259, #26, #1414, .T. ) ;
#376 =( NAMED_UNIT ( * ) PLANE_ANGLE_UNIT ( ) SI_UNIT ( $, .RADIAN. ) );
#377 = ORIENTED_EDGE ( 'NONE', *, *, #3575, .F. ) ;
#378 = MECHANICAL_DESIGN_GEOMETRIC_PRESENTATION_REPRESENTATION (  '', ( #3097 ), #3794 ) ;
#379 = ADVANCED_FACE ( 'NONE', ( #2733 ), #3715, .F. ) ;
#380 = CARTESIAN_POINT ( 'NONE',  ( 8.970471856080228790, 6.144996693392779541, 5.536046900691029116 ) ) ;
#381 = EDGE_LOOP ( 'NONE', ( #1655, #921, #2879, #2309 ) ) ;
#382 = FACE_OUTER_BOUND ( 'NONE', #3024, .T. ) ;
#383 = AXIS2_PLACEMENT_3D ( 'NONE', #2429, #365, #4112 ) ;
#384 = ORIENTED_EDGE ( 'NONE', *, *, #1951, .T. ) ;
#385 = CARTESIAN_POINT ( 'NONE',  ( 15.00000000000000000, 1.990236984239069917, 10.00000000000000000 ) ) ;
#386 = MECHANICAL_DESIGN_GEOMETRIC_PRESENTATION_REPRESENTATION (  '', ( #3107 ), #811 ) ;
#387 =( LENGTH_UNIT ( ) NAMED_UNIT ( * ) SI_UNIT ( .MILLI., .METRE. ) );
#388 = CARTESIAN_POINT ( 'NONE',  ( 10.00000000000000000, 0.1499999999999999944, 0.0000000000000000000 ) ) ;
#389 = MECHANICAL_DESIGN_GEOMETRIC_PRESENTATION_REPRESENTATION (  '', ( #1236 ), #2829 ) ;
#390 = CIRCLE ( 'NONE', #2144, 0.5000000000000000000 ) ;
#391 = EDGE_LOOP ( 'NONE', ( #2242, #3654, #2056, #279, #2569, #3068 ) ) ;
#392 = AXIS2_PLACEMENT_3D ( 'NONE', #2232, #2509, #2174 ) ;
#393 =( NAMED_UNIT ( * ) SI_UNIT ( $, .STERADIAN. ) SOLID_ANGLE_UNIT ( ) );
#394 = CARTESIAN_POINT ( 'NONE',  ( 10.00000000000000000, 7.150000000000000355, 6.500000000000000888 ) ) ;
#395 = CARTESIAN_POINT ( 'NONE',  ( 6.450000000000000178, 6.900812423267500328, 3.990870176997169949 ) ) ;
#396 = FACE_OUTER_BOUND ( 'NONE', #645, .T. ) ;
#397 = VECTOR ( 'NONE', #3251, 1000.000000000000000 ) ;
#398 =( NAMED_UNIT ( * ) SI_UNIT ( $, .STERADIAN. ) SOLID_ANGLE_UNIT ( ) );
#399 = STYLED_ITEM ( 'NONE', ( #3660 ), #1306 ) ;
#400 = ORIENTED_EDGE ( 'NONE', *, *, #3073, .T. ) ;
#401 = AXIS2_PLACEMENT_3D ( 'NONE', #3147, #1550, #2482 ) ;
#402 = SURFACE_STYLE_FILL_AREA ( #4119 ) ;
#403 = DIRECTION ( 'NONE',  ( 0.0000000000000000000, -1.000000000000000000, 0.0000000000000000000 ) ) ;
#404 = CIRCLE ( 'NONE', #1532, 1.700000000000000178 ) ;
#405 = EDGE_CURVE ( 'NONE', #4128, #2409, #990, .T. ) ;
#406 = VECTOR ( 'NONE', #4188, 1000.000000000000000 ) ;
#407 = FACE_OUTER_BOUND ( 'NONE', #319, .T. ) ;
#408 = CARTESIAN_POINT ( 'NONE',  ( 9.205878195200131842, 6.087585864700089999, 5.702659885757020319 ) ) ;
#409 = VERTEX_POINT ( 'NONE', #4308 ) ;
#410 = SURFACE_SIDE_STYLE ('',( #2085 ) ) ;
#411 = AXIS2_PLACEMENT_3D ( 'NONE', #3342, #1084, #357 ) ;
#412 = EDGE_CURVE ( 'NONE', #1223, #1444, #1337, .T. ) ;
#413 = ORIENTED_EDGE ( 'NONE', *, *, #791, .F. ) ;
#414 = CARTESIAN_POINT ( 'NONE',  ( 5.993858608708465319, 6.250000000000039968, 5.699344090454419032 ) ) ;
#415 = CARTESIAN_POINT ( 'NONE',  ( 3.856009966283758583, 3.850000000000010303, 9.500000000000010658 ) ) ;
#416 = ORIENTED_EDGE ( 'NONE', *, *, #1175, .T. ) ;
#417 = CARTESIAN_POINT ( 'NONE',  ( 7.500000000000000000, 4.250000000000009770, 9.500000000000000000 ) ) ;
#418 = DIRECTION ( 'NONE',  ( -5.152643988049929844E-16, 0.0000000000000000000, -1.000000000000000000 ) ) ;
#419 = DIRECTION ( 'NONE',  ( -1.000000000000000000, 0.0000000000000000000, 3.641714079092569968E-16 ) ) ;
#420 = ORIENTED_EDGE ( 'NONE', *, *, #4266, .F. ) ;
#421 = DIRECTION ( 'NONE',  ( -0.3713906763541020561, 0.9284766908852600809, -1.047705889746660245E-31 ) ) ;
#422 = CARTESIAN_POINT ( 'NONE',  ( 6.038569758004224575, 6.340207273982838565, 5.485199103679603283 ) ) ;
#423 = ORIENTED_EDGE ( 'NONE', *, *, #3936, .T. ) ;
#424 = FILL_AREA_STYLE_COLOUR ( '', #3127 ) ;
#425 = VERTEX_POINT ( 'NONE', #3647 ) ;
#426 = FILL_AREA_STYLE ('',( #2424 ) ) ;
#427 = CARTESIAN_POINT ( 'NONE',  ( 4.500000000000000888, 6.370920840910899940, 3.569044486294639995 ) ) ;
#428 = UNCERTAINTY_MEASURE_WITH_UNIT (LENGTH_MEASURE( 1.000000000000000082E-05 ), #3349, 'distance_accuracy_value', 'NONE');
#429 = ORIENTED_EDGE ( 'NONE', *, *, #3496, .F. ) ;
#430 = AXIS2_PLACEMENT_3D ( 'NONE', #1255, #2421, #692 ) ;
#431 = CARTESIAN_POINT ( 'NONE',  ( 6.022973818606656593, 6.335261421012972960, 5.690949135155494609 ) ) ;
#432 = ADVANCED_FACE ( 'NONE', ( #661 ), #3220, .F. ) ;
#433 = CARTESIAN_POINT ( 'NONE',  ( 9.100781059358210356, 3.850000000000010303, 8.800000000000000711 ) ) ;
#434 = LINE ( 'NONE', #1784, #57 ) ;
#435 = EDGE_CURVE ( 'NONE', #2267, #868, #153, .T. ) ;
#436 = VERTEX_POINT ( 'NONE', #1790 ) ;
#437 = DIRECTION ( 'NONE',  ( 0.0000000000000000000, 0.9045256429962995615, -0.4264192316982558517 ) ) ;
#438 = ADVANCED_FACE ( 'NONE', ( #3101 ), #4116, .T. ) ;
#439 = CARTESIAN_POINT ( 'NONE',  ( 10.00000000000000000, 7.450000000000000178, 6.500000000000000888 ) ) ;
#440 = VECTOR ( 'NONE', #2682, 1000.000000000000000 ) ;
#441 = DIRECTION ( 'NONE',  ( 5.152643988049929844E-16, 0.0000000000000000000, 1.000000000000000000 ) ) ;
#442 = PRESENTATION_STYLE_ASSIGNMENT (( #568 ) ) ;
#443 =( LENGTH_UNIT ( ) NAMED_UNIT ( * ) SI_UNIT ( .MILLI., .METRE. ) );
#444 = LINE ( 'NONE', #1502, #1931 ) ;
#445 = ORIENTED_EDGE ( 'NONE', *, *, #4144, .F. ) ;
#446 = DIRECTION ( 'NONE',  ( 0.0000000000000000000, 0.0000000000000000000, -1.000000000000000000 ) ) ;
#447 = ORIENTED_EDGE ( 'NONE', *, *, #4074, .F. ) ;
#448 = CARTESIAN_POINT ( 'NONE',  ( 2.500000000000000000, -3.950000000000000178, 2.649999999999990141 ) ) ;
#449 = CARTESIAN_POINT ( 'NONE',  ( 8.975706270095582084, 6.556592751435726285, 5.606841191641855460 ) ) ;
#450 = VERTEX_POINT ( 'NONE', #463 ) ;
#451 = AXIS2_PLACEMENT_3D ( 'NONE', #3862, #1945, #1222 ) ;
#452 = CARTESIAN_POINT ( 'NONE',  ( 0.0000000000000000000, 0.9399999999999999467, 6.200000000000001066 ) ) ;
#453 = CARTESIAN_POINT ( 'NONE',  ( 0.8992189406417899766, 3.850000000000010303, 8.800000000000009592 ) ) ;
#454 = CARTESIAN_POINT ( 'NONE',  ( 4.500000000000000888, 5.950000000000040146, 3.291739462922410375 ) ) ;
#455 = STYLED_ITEM ( 'NONE', ( #2346 ), #379 ) ;
#456 = EDGE_CURVE ( 'NONE', #2565, #982, #242, .T. ) ;
#457 = EDGE_LOOP ( 'NONE', ( #1499, #468 ) ) ;
#458 = CARTESIAN_POINT ( 'NONE',  ( 5.450000000000000178, 7.250000000000000000, 0.6500000000000040190 ) ) ;
#459 = AXIS2_PLACEMENT_3D ( 'NONE', #539, #1891, #2166 ) ;
#460 = CARTESIAN_POINT ( 'NONE',  ( 2.500000000000000000, -4.450000000000000178, 2.649999999999990141 ) ) ;
#461 = CARTESIAN_POINT ( 'NONE',  ( -0.5000000000000000000, 6.405650476444289865, 3.372082935692199968 ) ) ;
#462 = DIRECTION ( 'NONE',  ( 0.0000000000000000000, -1.000000000000000000, -3.965082230804152702E-15 ) ) ;
#463 = CARTESIAN_POINT ( 'NONE',  ( 7.500000000000000000, 6.250000000000031086, 4.150000000000000355 ) ) ;
#464 = CARTESIAN_POINT ( 'NONE',  ( 3.924099116621577288, 6.782835288287568432, 5.313097438219579693 ) ) ;
#465 = PRESENTATION_LAYER_ASSIGNMENT (  '', '', ( #3107 ) ) ;
#466 = VECTOR ( 'NONE', #115, 1000.000000000000000 ) ;
#467 = ADVANCED_FACE ( 'NONE', ( #1498 ), #1461, .T. ) ;
#468 = ORIENTED_EDGE ( 'NONE', *, *, #2508, .F. ) ;
#469 = DIRECTION ( 'NONE',  ( -1.000000000000000000, 0.0000000000000000000, 0.0000000000000000000 ) ) ;
#470 = COLOUR_RGB ( '',0.2862745098039215508, 0.6431372549019607199, 0.8666666666666666963 ) ;
#471 = FACE_OUTER_BOUND ( 'NONE', #2605, .T. ) ;
#472 = CARTESIAN_POINT ( 'NONE',  ( 1.030138328475286746, 6.381146321193630122, 5.536094731139422187 ) ) ;
#473 = AXIS2_PLACEMENT_3D ( 'NONE', #1817, #1462, #792 ) ;
#474 = ADVANCED_FACE ( 'NONE', ( #1816 ), #842, .T. ) ;
#475 = ORIENTED_EDGE ( 'NONE', *, *, #228, .F. ) ;
#476 = CARTESIAN_POINT ( 'NONE',  ( 9.006245792511190729, 6.250000000000031086, 5.665502260967810066 ) ) ;
#477 = VECTOR ( 'NONE', #3353, 1000.000000000000000 ) ;
#478 = ORIENTED_EDGE ( 'NONE', *, *, #763, .T. ) ;
#479 = CARTESIAN_POINT ( 'NONE',  ( 1.449999999999999956, 5.950000000000040146, 3.291739462922410375 ) ) ;
#480 = UNCERTAINTY_MEASURE_WITH_UNIT (LENGTH_MEASURE( 1.000000000000000082E-05 ), #4076, 'distance_accuracy_value', 'NONE');
#481 = ORIENTED_EDGE ( 'NONE', *, *, #1970, .T. ) ;
#482 = DIRECTION ( 'NONE',  ( 0.0000000000000000000, -1.000000000000000000, 0.0000000000000000000 ) ) ;
#483 = CARTESIAN_POINT ( 'NONE',  ( 0.9408890998796640703, 4.650000000000010125, 9.365540160508126988 ) ) ;
#484 =( NAMED_UNIT ( * ) SI_UNIT ( $, .STERADIAN. ) SOLID_ANGLE_UNIT ( ) );
#485 = CARTESIAN_POINT ( 'NONE',  ( 7.500000000000000000, 5.999999999999990230, 10.00000000000000711 ) ) ;
#486 = CARTESIAN_POINT ( 'NONE',  ( 6.450000000000000178, -1.462314593354880232, 3.990870176997169949 ) ) ;
#487 = LINE ( 'NONE', #3192, #1892 ) ;
#488 = EDGE_CURVE ( 'NONE', #3684, #3507, #2800, .T. ) ;
#489 = CARTESIAN_POINT ( 'NONE',  ( 7.500000000000000000, 2.650000000000010125, 9.500000000000000000 ) ) ;
#490 = ADVANCED_FACE ( 'NONE', ( #1148 ), #1168, .T. ) ;
#491 = ORIENTED_EDGE ( 'NONE', *, *, #1842, .T. ) ;
#492 = CYLINDRICAL_SURFACE ( 'NONE', #2944, 0.4000000000000001887 ) ;
#493 = EDGE_CURVE ( 'NONE', #436, #1952, #1281, .T. ) ;
#494 = ORIENTED_EDGE ( 'NONE', *, *, #2394, .T. ) ;
#495 = ADVANCED_FACE ( 'NONE', ( #27 ), #880, .T. ) ;
#496 = CARTESIAN_POINT ( 'NONE',  ( 1.023102752130519599, 6.379062758812164446, 5.679065084668997621 ) ) ;
#497 = ORIENTED_EDGE ( 'NONE', *, *, #1599, .F. ) ;
#498 = LINE ( 'NONE', #3160, #3566 ) ;
#499 = CARTESIAN_POINT ( 'NONE',  ( 8.550000000000000711, 5.950000000000040146, 3.291739462922410375 ) ) ;
#500 = VECTOR ( 'NONE', #2832, 1000.000000000000000 ) ;
#501 = CARTESIAN_POINT ( 'NONE',  ( 3.551316613977629100, 6.900595781960301878, 3.995523657362079817 ) ) ;
#502 = CARTESIAN_POINT ( 'NONE',  ( 2.500000000000000000, 2.836223840680269781, 9.500000000000010658 ) ) ;
#503 =( LENGTH_UNIT ( ) NAMED_UNIT ( * ) SI_UNIT ( .MILLI., .METRE. ) );
#504 = DIRECTION ( 'NONE',  ( 1.000000000000000000, 2.232180943352509796E-16, 0.0000000000000000000 ) ) ;
#505 = PRESENTATION_LAYER_ASSIGNMENT (  '', '', ( #2667 ) ) ;
#506 = DIRECTION ( 'NONE',  ( 0.0000000000000000000, 0.0000000000000000000, -1.000000000000000000 ) ) ;
#507 = MECHANICAL_DESIGN_GEOMETRIC_PRESENTATION_REPRESENTATION (  '', ( #3221 ), #719 ) ;
#508 = CARTESIAN_POINT ( 'NONE',  ( 3.952762705856756931, 6.457752998363945451, 5.432877601087723107 ) ) ;
#509 = DIRECTION ( 'NONE',  ( -5.580452358381269806E-16, 1.000000000000000000, 0.0000000000000000000 ) ) ;
#510 = CARTESIAN_POINT ( 'NONE',  ( 7.500000000000000000, 4.250000000000009770, 8.000000000000000000 ) ) ;
#511 = STYLED_ITEM ( 'NONE', ( #1718 ), #1410 ) ;
#512 = ORIENTED_EDGE ( 'NONE', *, *, #2281, .F. ) ;
#513 = EDGE_CURVE ( 'NONE', #1798, #1341, #4268, .T. ) ;
#514 = DIRECTION ( 'NONE',  ( 0.8660254037845415143, 0.4999999999998216982, 0.0000000000000000000 ) ) ;
#515 = PRODUCT_CONTEXT ( 'NONE', #1836, 'mechanical' ) ;
#516 = VERTEX_POINT ( 'NONE', #3301 ) ;
#517 = LINE ( 'NONE', #1489, #1320 ) ;
#518 = EDGE_CURVE ( 'NONE', #3795, #3550, #4092, .T. ) ;
#519 = DIRECTION ( 'NONE',  ( -1.000000000000000000, 0.0000000000000000000, 0.0000000000000000000 ) ) ;
#520 = CARTESIAN_POINT ( 'NONE',  ( 2.500000000000000000, -4.450000000000000178, 3.149999999999990141 ) ) ;
#521 = CONICAL_SURFACE ( 'NONE', #525, 1.599999999999999867, 0.07130746470380971980 ) ;
#522 = LINE ( 'NONE', #813, #1029 ) ;
#523 = CARTESIAN_POINT ( 'NONE',  ( 4.500000000000000888, 6.700487189948059807, 3.990870176997169949 ) ) ;
#524 = DIRECTION ( 'NONE',  ( -1.000000000000000000, 0.0000000000000000000, 0.0000000000000000000 ) ) ;
#525 = AXIS2_PLACEMENT_3D ( 'NONE', #3017, #335, #2008 ) ;
#526 = SURFACE_STYLE_FILL_AREA ( #2172 ) ;
#527 = VECTOR ( 'NONE', #74, 1000.000000000000000 ) ;
#528 = VECTOR ( 'NONE', #255, 1000.000000000000000 ) ;
#529 =( LENGTH_UNIT ( ) NAMED_UNIT ( * ) SI_UNIT ( .MILLI., .METRE. ) );
#530 = DIRECTION ( 'NONE',  ( 0.0000000000000000000, -1.000000000000000000, 0.0000000000000000000 ) ) ;
#531 = CARTESIAN_POINT ( 'NONE',  ( 4.005306635626549649, 6.250000000000079936, 5.631641418841230262 ) ) ;
#532 = AXIS2_PLACEMENT_3D ( 'NONE', #1474, #2063, #2722 ) ;
#533 = ORIENTED_EDGE ( 'NONE', *, *, #3496, .T. ) ;
#534 = AXIS2_PLACEMENT_3D ( 'NONE', #2688, #638, #1314 ) ;
#535 = DIRECTION ( 'NONE',  ( 0.0000000000000000000, 1.000000000000000000, 0.0000000000000000000 ) ) ;
#536 = SHAPE_DEFINITION_REPRESENTATION ( #1251, #355 ) ;
#537 =( NAMED_UNIT ( * ) SI_UNIT ( $, .STERADIAN. ) SOLID_ANGLE_UNIT ( ) );
#538 = CIRCLE ( 'NONE', #1947, 1.749999999999989342 ) ;
#539 = CARTESIAN_POINT ( 'NONE',  ( 10.00000000000000000, 6.436102000195529804, 9.700000000000001066 ) ) ;
#540 = ADVANCED_FACE ( 'NONE', ( #3631 ), #3269, .T. ) ;
#541 = VERTEX_POINT ( 'NONE', #3656 ) ;
#542 = COLOUR_RGB ( '',0.2862745098039215508, 0.6431372549019607199, 0.8666666666666666963 ) ;
#543 = LINE ( 'NONE', #3200, #2940 ) ;
#544 = PRESENTATION_STYLE_ASSIGNMENT (( #2473 ) ) ;
#545 = EDGE_CURVE ( 'NONE', #1625, #1733, #3243, .T. ) ;
#546 = AXIS2_PLACEMENT_3D ( 'NONE', #160, #1533, #2825 ) ;
#547 = FACE_OUTER_BOUND ( 'NONE', #3689, .T. ) ;
#548 = VECTOR ( 'NONE', #239, 1000.000000000000000 ) ;
#549 = SURFACE_STYLE_USAGE ( .BOTH. , #3856 ) ;
#550 = FILL_AREA_STYLE ('',( #3516 ) ) ;
#551 = ADVANCED_FACE ( 'NONE', ( #1997 ), #1673, .F. ) ;
#552 = EDGE_CURVE ( 'NONE', #612, #142, #2484, .T. ) ;
#553 = SURFACE_STYLE_USAGE ( .BOTH. , #3188 ) ;
#554 = VERTEX_POINT ( 'NONE', #280 ) ;
#555 = CARTESIAN_POINT ( 'NONE',  ( 3.549999999999999822, 6.700487189948059807, 3.990870176997180607 ) ) ;
#556 = FACE_OUTER_BOUND ( 'NONE', #2591, .T. ) ;
#557 = LINE ( 'NONE', #2234, #548 ) ;
#558 = CARTESIAN_POINT ( 'NONE',  ( 0.0000000000000000000, 0.1499999999999999944, 6.388051065821461094 ) ) ;
#559 = EDGE_CURVE ( 'NONE', #1073, #992, #1345, .T. ) ;
#560 = ORIENTED_EDGE ( 'NONE', *, *, #1377, .T. ) ;
#561 = DIRECTION ( 'NONE',  ( 0.0000000000000000000, 0.9975640502598243087, 0.06975647374412512203 ) ) ;
#562 = CARTESIAN_POINT ( 'NONE',  ( 4.200000000000000178, 3.850000000000010303, 8.800000000000009592 ) ) ;
#563 = VERTEX_POINT ( 'NONE', #3345 ) ;
#564 = CARTESIAN_POINT ( 'NONE',  ( 4.500000000000000888, 6.370920840910899940, 3.569044486294639995 ) ) ;
#565 = ORIENTED_EDGE ( 'NONE', *, *, #3282, .F. ) ;
#566 = CARTESIAN_POINT ( 'NONE',  ( 9.550000000000000711, 6.250000000000031086, 0.6500000000000020206 ) ) ;
#567 = DIRECTION ( 'NONE',  ( -0.3713906763541040545, -0.9284766908852591927, 0.0000000000000000000 ) ) ;
#568 = SURFACE_STYLE_USAGE ( .BOTH. , #3425 ) ;
#569 = VERTEX_POINT ( 'NONE', #4059 ) ;
#570 = ADVANCED_FACE ( 'NONE', ( #42 ), #1067, .T. ) ;
#571 = SURFACE_STYLE_FILL_AREA ( #3553 ) ;
#572 = CARTESIAN_POINT ( 'NONE',  ( 9.034292344244866158, 3.850000000000010303, 9.413932751395487131 ) ) ;
#573 = ORIENTED_EDGE ( 'NONE', *, *, #1704, .T. ) ;
#574 = ADVANCED_FACE ( 'NONE', ( #1446 ), #1778, .T. ) ;
#575 =( NAMED_UNIT ( * ) PLANE_ANGLE_UNIT ( ) SI_UNIT ( $, .RADIAN. ) );
#576 = VECTOR ( 'NONE', #3547, 1000.000000000000000 ) ;
#577 = SURFACE_SIDE_STYLE ('',( #3148 ) ) ;
#578 = DIRECTION ( 'NONE',  ( 0.2716300227878299944, 0.06713375248915300075, -0.9600573889080840084 ) ) ;
#579 = CIRCLE ( 'NONE', #3014, 1.613267899285889984 ) ;
#580 = ORIENTED_EDGE ( 'NONE', *, *, #2840, .F. ) ;
#581 = CARTESIAN_POINT ( 'NONE',  ( 6.029529175872699653, 6.144996945065150484, 5.536040986461070013 ) ) ;
#582 = LINE ( 'NONE', #3236, #4310 ) ;
#583 = ORIENTED_EDGE ( 'NONE', *, *, #2862, .T. ) ;
#584 = CARTESIAN_POINT ( 'NONE',  ( 7.500000000000000000, -3.950000000000000178, 2.149999999999999911 ) ) ;
#585 = VERTEX_POINT ( 'NONE', #2470 ) ;
#586 = SURFACE_STYLE_FILL_AREA ( #977 ) ;
#587 = ORIENTED_EDGE ( 'NONE', *, *, #4055, .F. ) ;
#588 = ORIENTED_EDGE ( 'NONE', *, *, #1106, .F. ) ;
#589 = CARTESIAN_POINT ( 'NONE',  ( 6.091769397758586280, 6.595770259307300876, 5.257011279829166384 ) ) ;
#590 = CARTESIAN_POINT ( 'NONE',  ( 7.500000000000000000, 2.650000000000010125, 8.000000000000000000 ) ) ;
#591 = CARTESIAN_POINT ( 'NONE',  ( 0.7936453975103899827, 6.087469678630560210, 5.606236746784579950 ) ) ;
#592 = AXIS2_PLACEMENT_3D ( 'NONE', #4056, #2417, #403 ) ;
#593 = EDGE_CURVE ( 'NONE', #3894, #2490, #3367, .T. ) ;
#594 = ORIENTED_EDGE ( 'NONE', *, *, #3626, .F. ) ;
#595 = DIRECTION ( 'NONE',  ( 0.0000000000000000000, 0.0000000000000000000, -1.000000000000000000 ) ) ;
#596 = CARTESIAN_POINT ( 'NONE',  ( 4.062892611431221823, 4.650000000000010125, 9.314249409997589879 ) ) ;
#597 = DIRECTION ( 'NONE',  ( -3.641714079092569968E-16, 0.0000000000000000000, -1.000000000000000000 ) ) ;
#598 = PLANE ( 'NONE',  #3167 ) ;
#599 = PRESENTATION_LAYER_ASSIGNMENT (  '', '', ( #1317 ) ) ;
#600 = ADVANCED_FACE ( 'NONE', ( #382 ), #2404, .T. ) ;
#601 = B_SPLINE_CURVE_WITH_KNOTS ( 'NONE', 3,
 ( #3582, #605, #2636, #2611, #3261, #2914 ),
 .UNSPECIFIED., .F., .F.,
 ( 4, 2, 4 ),
 ( 0.0000000000000000000, 0.4556032744928619760, 1.000000000000000000 ),
 .UNSPECIFIED. ) ;
#602 = ORIENTED_EDGE ( 'NONE', *, *, #1659, .T. ) ;
#603 = STYLED_ITEM ( 'NONE', ( #654 ), #2548 ) ;
#604 = DIRECTION ( 'NONE',  ( 1.000000000000000000, 0.0000000000000000000, 0.0000000000000000000 ) ) ;
#605 = CARTESIAN_POINT ( 'NONE',  ( 9.068650814749700473, 4.650000000000010125, 9.236151811974439241 ) ) ;
#606 = VECTOR ( 'NONE', #2450, 1000.000000000000000 ) ;
#607 = ORIENTED_EDGE ( 'NONE', *, *, #1495, .T. ) ;
#608 = CIRCLE ( 'NONE', #324, 1.649999999999999467 ) ;
#609 = ORIENTED_EDGE ( 'NONE', *, *, #2526, .F. ) ;
#610 =( NAMED_UNIT ( * ) SI_UNIT ( $, .STERADIAN. ) SOLID_ANGLE_UNIT ( ) );
#611 = TOROIDAL_SURFACE ( 'NONE', #3745, 1.413776159319739989, 0.2000000000000000111 ) ;
#612 = VERTEX_POINT ( 'NONE', #1135 ) ;
#613 = VECTOR ( 'NONE', #3224, 1000.000000000000000 ) ;
#614 = DIRECTION ( 'NONE',  ( -1.000000000000000000, 0.0000000000000000000, 0.0000000000000000000 ) ) ;
#615 = AXIS2_PLACEMENT_3D ( 'NONE', #1315, #288, #1636 ) ;
#616 = EDGE_LOOP ( 'NONE', ( #1134, #2941, #295, #1301, #2596, #233, #3427, #3003, #1424, #1243, #4181, #3194 ) ) ;
#617 = FACE_OUTER_BOUND ( 'NONE', #4097, .T. ) ;
#618 =( NAMED_UNIT ( * ) PLANE_ANGLE_UNIT ( ) SI_UNIT ( $, .RADIAN. ) );
#619 = AXIS2_PLACEMENT_3D ( 'NONE', #2520, #257, #3883 ) ;
#620 = DIRECTION ( 'NONE',  ( -5.152643988049929844E-16, 0.0000000000000000000, -1.000000000000000000 ) ) ;
#621 = ORIENTED_EDGE ( 'NONE', *, *, #1252, .F. ) ;
#622 = VECTOR ( 'NONE', #2975, 1000.000000000000000 ) ;
#623 = DIRECTION ( 'NONE',  ( -1.000000000000000000, 0.0000000000000000000, -3.641714079092569968E-16 ) ) ;
#624 = CARTESIAN_POINT ( 'NONE',  ( 8.550000000000000711, 6.900812423267500328, 3.990870176997169949 ) ) ;
#625 = CARTESIAN_POINT ( 'NONE',  ( 0.0000000000000000000, 6.436102000195529804, 9.700000000000001066 ) ) ;
#626 = EDGE_LOOP ( 'NONE', ( #2895, #1692, #400, #4162 ) ) ;
#627 = ADVANCED_FACE ( 'NONE', ( #1736 ), #360, .F. ) ;
#628 = DIRECTION ( 'NONE',  ( 1.000000000000000000, 0.0000000000000000000, 0.0000000000000000000 ) ) ;
#629 = EDGE_LOOP ( 'NONE', ( #1672, #912, #2870, #2627 ) ) ;
#630 = ORIENTED_EDGE ( 'NONE', *, *, #3282, .T. ) ;
#631 = PLANE ( 'NONE',  #3774 ) ;
#632 = ORIENTED_EDGE ( 'NONE', *, *, #2757, .F. ) ;
#633 = LINE ( 'NONE', #1978, #2776 ) ;
#634 = VERTEX_POINT ( 'NONE', #1715 ) ;
#635 = ORIENTED_EDGE ( 'NONE', *, *, #228, .T. ) ;
#636 = FILL_AREA_STYLE ('',( #2294 ) ) ;
#637 = ORIENTED_EDGE ( 'NONE', *, *, #15, .T. ) ;
#638 = DIRECTION ( 'NONE',  ( 0.0000000000000000000, 1.000000000000000000, 0.0000000000000000000 ) ) ;
#639 = CARTESIAN_POINT ( 'NONE',  ( 9.034848484848490457, 5.962121212121219926, 5.184848484848489925 ) ) ;
#640 =( BOUNDED_CURVE ( )  B_SPLINE_CURVE ( 3, ( #2691, #3870, #2320, #3238 ),
 .UNSPECIFIED., .F., .T. ) 
 B_SPLINE_CURVE_WITH_KNOTS ( ( 4, 4 ),
 ( 4.758910074651783617, 4.782202150464470058 ),
 .UNSPECIFIED. ) 
 CURVE ( )  GEOMETRIC_REPRESENTATION_ITEM ( )  RATIONAL_B_SPLINE_CURVE ( ( 1.000000000000000000, 0.9999547904446798308, 0.9999547904446798308, 1.000000000000000000 ) ) 
 REPRESENTATION_ITEM ( '' )  );
#641 = LINE ( 'NONE', #4235, #732 ) ;
#642 = ORIENTED_EDGE ( 'NONE', *, *, #896, .T. ) ;
#643 = AXIS2_PLACEMENT_3D ( 'NONE', #1956, #3267, #278 ) ;
#644 = CARTESIAN_POINT ( 'NONE',  ( 3.956366702911530808, 6.148436653995700496, 5.454695792914000307 ) ) ;
#645 = EDGE_LOOP ( 'NONE', ( #2293, #3369, #223, #1628 ) ) ;
#646 = EDGE_CURVE ( 'NONE', #2315, #2807, #3946, .T. ) ;
#647 = CARTESIAN_POINT ( 'NONE',  ( 0.0000000000000000000, 0.9399999999999999467, 6.200000000000001066 ) ) ;
#648 = VERTEX_POINT ( 'NONE', #3438 ) ;
#649 = UNCERTAINTY_MEASURE_WITH_UNIT (LENGTH_MEASURE( 1.000000000000000082E-05 ), #3414, 'distance_accuracy_value', 'NONE');
#650 = VERTEX_POINT ( 'NONE', #3706 ) ;
#651 = EDGE_LOOP ( 'NONE', ( #681, #2697, #3502, #1420 ) ) ;
#652 = FACE_OUTER_BOUND ( 'NONE', #3213, .T. ) ;
#653 = FILL_AREA_STYLE ('',( #2621 ) ) ;
#654 = PRESENTATION_STYLE_ASSIGNMENT (( #4298 ) ) ;
#655 = DIRECTION ( 'NONE',  ( 0.0000000000000000000, -0.9975640502598243087, -0.06975647374412512203 ) ) ;
#656 = EDGE_CURVE ( 'NONE', #3240, #4207, #1384, .T. ) ;
#657 = ORIENTED_EDGE ( 'NONE', *, *, #3399, .F. ) ;
#658 = CARTESIAN_POINT ( 'NONE',  ( 2.500000000000000000, 5.949999999885354995, 8.100000000000010303 ) ) ;
#659 = VECTOR ( 'NONE', #3761, 1000.000000000000000 ) ;
#660 = B_SPLINE_CURVE_WITH_KNOTS ( 'NONE', 3,
 ( #1116, #3026, #449, #123, #2789, #4127 ),
 .UNSPECIFIED., .F., .F.,
 ( 4, 2, 4 ),
 ( 1.289859638661099725E-11, 0.0002833862602399266680, 0.0005667725075812569740 ),
 .UNSPECIFIED. ) ;
#661 = FACE_OUTER_BOUND ( 'NONE', #616, .T. ) ;
#662 = CARTESIAN_POINT ( 'NONE',  ( 3.958155913534195935, 6.384612859889001513, 5.465433459372714076 ) ) ;
#663 = ORIENTED_EDGE ( 'NONE', *, *, #2724, .F. ) ;
#664 = CARTESIAN_POINT ( 'NONE',  ( 3.970471856080231010, 6.144996693392779541, 5.536046900691041550 ) ) ;
#665 = ORIENTED_EDGE ( 'NONE', *, *, #412, .T. ) ;
#666 = PRESENTATION_LAYER_ASSIGNMENT (  '', '', ( #2342 ) ) ;
#667 =( NAMED_UNIT ( * ) SI_UNIT ( $, .STERADIAN. ) SOLID_ANGLE_UNIT ( ) );
#668 = ORIENTED_EDGE ( 'NONE', *, *, #276, .T. ) ;
#669 = SURFACE_STYLE_USAGE ( .BOTH. , #3655 ) ;
#670 = CARTESIAN_POINT ( 'NONE',  ( 7.500000000000000000, 4.250000000000009770, 9.500000000000000000 ) ) ;
#671 = PRESENTATION_LAYER_ASSIGNMENT (  '', '', ( #1095 ) ) ;
#672 = EDGE_LOOP ( 'NONE', ( #2448, #1248, #1721, #2960 ) ) ;
#673 = MECHANICAL_DESIGN_GEOMETRIC_PRESENTATION_REPRESENTATION (  '', ( #2976 ), #1595 ) ;
#674 = DIRECTION ( 'NONE',  ( 0.0000000000000000000, -1.000000000000000000, 0.0000000000000000000 ) ) ;
#675 = COLOUR_RGB ( '',0.2862745098039215508, 0.6431372549019607199, 0.8666666666666666963 ) ;
#676 = EDGE_CURVE ( 'NONE', #2047, #554, #105, .T. ) ;
#677 = DIRECTION ( 'NONE',  ( 1.717547996016639994E-16, 0.0000000000000000000, 1.000000000000000000 ) ) ;
#678 = CARTESIAN_POINT ( 'NONE',  ( 7.500000000000000000, 6.000000000000000000, 10.00000000000000711 ) ) ;
#679 = CARTESIAN_POINT ( 'NONE',  ( 1.029529175872700097, 6.144996945065150484, 5.536040986461078894 ) ) ;
#680 = MECHANICAL_DESIGN_GEOMETRIC_PRESENTATION_REPRESENTATION (  '', ( #2907 ), #4164 ) ;
#681 = ORIENTED_EDGE ( 'NONE', *, *, #169, .F. ) ;
#682 = CIRCLE ( 'NONE', #1954, 1.400000000000000133 ) ;
#683 = CARTESIAN_POINT ( 'NONE',  ( 2.500000000000000000, 4.250000000000009770, 9.500000000000010658 ) ) ;
#684 = FILL_AREA_STYLE ('',( #2074 ) ) ;
#685 = AXIS2_PLACEMENT_3D ( 'NONE', #795, #1754, #1129 ) ;
#686 = ORIENTED_EDGE ( 'NONE', *, *, #2398, .F. ) ;
#687 = EDGE_CURVE ( 'NONE', #2395, #3853, #660, .T. ) ;
#688 = VECTOR ( 'NONE', #2193, 1000.000000000000000 ) ;
#689 = CARTESIAN_POINT ( 'NONE',  ( 4.206355740440960389, 6.087469401107320266, 5.606250910350279781 ) ) ;
#690 = VERTEX_POINT ( 'NONE', #1407 ) ;
#691 =( GEOMETRIC_REPRESENTATION_CONTEXT ( 3 ) GLOBAL_UNCERTAINTY_ASSIGNED_CONTEXT ( ( #1186 ) ) GLOBAL_UNIT_ASSIGNED_CONTEXT ( ( #1343, #2328, #1691 ) ) REPRESENTATION_CONTEXT ( 'NONE', 'WORKASPACE' ) );
#692 = DIRECTION ( 'NONE',  ( 0.0000000000000000000, -1.000000000000000000, 0.0000000000000000000 ) ) ;
#693 = CARTESIAN_POINT ( 'NONE',  ( 8.957924419191279242, 6.384681414832980018, 5.464040407139520106 ) ) ;
#694 = EDGE_LOOP ( 'NONE', ( #1828, #3413, #2061, #2608 ) ) ;
#695 = PRESENTATION_STYLE_ASSIGNMENT (( #669 ) ) ;
#696 = CARTESIAN_POINT ( 'NONE',  ( 1.449999999999999956, 6.370920840910899940, 3.569044486294639995 ) ) ;
#697 = PLANE ( 'NONE',  #3043 ) ;
#698 = UNCERTAINTY_MEASURE_WITH_UNIT (LENGTH_MEASURE( 1.000000000000000082E-05 ), #2729, 'distance_accuracy_value', 'NONE');
#699 = ORIENTED_EDGE ( 'NONE', *, *, #1544, .F. ) ;
#700 =( LENGTH_UNIT ( ) NAMED_UNIT ( * ) SI_UNIT ( .MILLI., .METRE. ) );
#701 = B_SPLINE_CURVE_WITH_KNOTS ( 'NONE', 3,
 ( #2947, #4274, #1350, #4019 ),
 .UNSPECIFIED., .F., .F.,
 ( 4, 4 ),
 ( 1.788112030672749005E-18, 0.0001440220723645873019 ),
 .UNSPECIFIED. ) ;
#702 = EDGE_CURVE ( 'NONE', #1073, #4219, #3090, .T. ) ;
#703 = ORIENTED_EDGE ( 'NONE', *, *, #52, .T. ) ;
#704 = DIRECTION ( 'NONE',  ( 0.0000000000000000000, 0.0000000000000000000, 1.000000000000000000 ) ) ;
#705 = CARTESIAN_POINT ( 'NONE',  ( 6.042075563605189714, 6.384681409738329982, 5.464040510342130119 ) ) ;
#706 = SURFACE_SIDE_STYLE ('',( #3422 ) ) ;
#707 = CARTESIAN_POINT ( 'NONE',  ( 2.500000000000000000, 6.250000000000031086, 2.750000000000000000 ) ) ;
#708 = CARTESIAN_POINT ( 'NONE',  ( 3.924099116621579952, -1.462314593354880232, 5.313097438219579693 ) ) ;
#709 = ADVANCED_FACE ( 'NONE', ( #739 ), #2703, .T. ) ;
#710 = EDGE_CURVE ( 'NONE', #4018, #3012, #3808, .T. ) ;
#711 = ORIENTED_EDGE ( 'NONE', *, *, #4088, .F. ) ;
#712 = PRESENTATION_STYLE_ASSIGNMENT (( #756 ) ) ;
#713 = AXIS2_PLACEMENT_3D ( 'NONE', #4203, #4184, #1894 ) ;
#714 = LINE ( 'NONE', #2401, #2872 ) ;
#715 = AXIS2_PLACEMENT_3D ( 'NONE', #3866, #1620, #245 ) ;
#716 = ORIENTED_EDGE ( 'NONE', *, *, #902, .T. ) ;
#717 = CYLINDRICAL_SURFACE ( 'NONE', #1170, 0.3999999999999993006 ) ;
#718 = DIRECTION ( 'NONE',  ( 0.0000000000000000000, 0.9848077530122081313, 0.1736481776669300259 ) ) ;
#719 =( GEOMETRIC_REPRESENTATION_CONTEXT ( 3 ) GLOBAL_UNCERTAINTY_ASSIGNED_CONTEXT ( ( #3137 ) ) GLOBAL_UNIT_ASSIGNED_CONTEXT ( ( #4187, #3515, #3827 ) ) REPRESENTATION_CONTEXT ( 'NONE', 'WORKASPACE' ) );
#720 = ORIENTED_EDGE ( 'NONE', *, *, #3695, .T. ) ;
#721 = SURFACE_STYLE_FILL_AREA ( #3415 ) ;
#722 = LINE ( 'NONE', #2069, #116 ) ;
#723 = SURFACE_SIDE_STYLE ('',( #3757 ) ) ;
#724 = CARTESIAN_POINT ( 'NONE',  ( 6.030138328426660976, 6.381146321179230085, 5.536094731449951567 ) ) ;
#725 = EDGE_CURVE ( 'NONE', #3259, #612, #517, .T. ) ;
#726 = DIRECTION ( 'NONE',  ( -1.000000000000000000, -5.580452358381269806E-16, 0.0000000000000000000 ) ) ;
#727 = CARTESIAN_POINT ( 'NONE',  ( 4.062892611435055201, 3.850000000000010303, 9.314249409999399987 ) ) ;
#728 = EDGE_LOOP ( 'NONE', ( #4281, #2333, #2918, #3400 ) ) ;
#729 = PRESENTATION_STYLE_ASSIGNMENT (( #374 ) ) ;
#730 = EDGE_CURVE ( 'NONE', #3189, #237, #2225, .T. ) ;
#731 = FACE_BOUND ( 'NONE', #1643, .T. ) ;
#732 = VECTOR ( 'NONE', #241, 1000.000000000000000 ) ;
#733 = EDGE_LOOP ( 'NONE', ( #770, #829, #3971, #533, #1463, #2117, #349 ) ) ;
#734 = PLANE ( 'NONE',  #2736 ) ;
#735 = ADVANCED_FACE ( 'NONE', ( #2533, #2200 ), #2809, .T. ) ;
#736 = SURFACE_STYLE_FILL_AREA ( #3363 ) ;
#737 = VERTEX_POINT ( 'NONE', #3526 ) ;
#738 = PLANE ( 'NONE',  #1735 ) ;
#739 = FACE_OUTER_BOUND ( 'NONE', #1362, .T. ) ;
#740 = UNCERTAINTY_MEASURE_WITH_UNIT (LENGTH_MEASURE( 1.000000000000000082E-05 ), #936, 'distance_accuracy_value', 'NONE');
#741 = VECTOR ( 'NONE', #4135, 1000.000000000000000 ) ;
#742 = SURFACE_SIDE_STYLE ('',( #2772 ) ) ;
#743 = TOROIDAL_SURFACE ( 'NONE', #244, 1.600000000000000089, 0.1000000000000000056 ) ;
#744 =( LENGTH_UNIT ( ) NAMED_UNIT ( * ) SI_UNIT ( .MILLI., .METRE. ) );
#745 = CARTESIAN_POINT ( 'NONE',  ( 7.500000000000000000, 4.250000000000009770, 8.099999999999999645 ) ) ;
#746 = AXIS2_PLACEMENT_3D ( 'NONE', #3047, #2124, #1800 ) ;
#747 = MECHANICAL_DESIGN_GEOMETRIC_PRESENTATION_REPRESENTATION (  '', ( #2769 ), #3382 ) ;
#748 = VERTEX_POINT ( 'NONE', #479 ) ;
#749 = AXIS2_PLACEMENT_3D ( 'NONE', #4002, #623, #2343 ) ;
#750 = FACE_OUTER_BOUND ( 'NONE', #2555, .T. ) ;
#751 = CARTESIAN_POINT ( 'NONE',  ( 6.448683386022369568, 6.900595781960301878, 3.995523657362071823 ) ) ;
#752 = VECTOR ( 'NONE', #3716, 1000.000000000000000 ) ;
#753 = CARTESIAN_POINT ( 'NONE',  ( 3.856009966283758583, 3.850000000000010303, 9.500000000000010658 ) ) ;
#754 = ORIENTED_EDGE ( 'NONE', *, *, #1024, .T. ) ;
#755 = TOROIDAL_SURFACE ( 'NONE', #401, 1.413776159319739989, 0.2000000000000000111 ) ;
#756 = SURFACE_STYLE_USAGE ( .BOTH. , #2373 ) ;
#757 = AXIS2_PLACEMENT_3D ( 'NONE', #1700, #1812, #3121 ) ;
#758 = EDGE_CURVE ( 'NONE', #450, #2735, #2494, .T. ) ;
#759 = ORIENTED_EDGE ( 'NONE', *, *, #2923, .F. ) ;
#760 = CARTESIAN_POINT ( 'NONE',  ( 7.500000000000000000, 6.250000000000031086, 1.349999999999999867 ) ) ;
#761 = ORIENTED_EDGE ( 'NONE', *, *, #137, .F. ) ;
#762 = CARTESIAN_POINT ( 'NONE',  ( 6.023102587141514697, 6.379062759268561145, 5.679065083714141871 ) ) ;
#763 = EDGE_CURVE ( 'NONE', #541, #516, #1156, .T. ) ;
#764 = ORIENTED_EDGE ( 'NONE', *, *, #513, .T. ) ;
#765 = CARTESIAN_POINT ( 'NONE',  ( 3.994607792362365739, 6.250000000000445866, 5.499015461809747762 ) ) ;
#766 = LINE ( 'NONE', #3448, #931 ) ;
#767 = CARTESIAN_POINT ( 'NONE',  ( 7.500000000000000000, 4.250000000000009770, 9.300000000000000711 ) ) ;
#768 =( NAMED_UNIT ( * ) PLANE_ANGLE_UNIT ( ) SI_UNIT ( $, .RADIAN. ) );
#769 = CARTESIAN_POINT ( 'NONE',  ( 8.550000000000000711, 3.592004494644689849, 2.875961234938969824 ) ) ;
#770 = ORIENTED_EDGE ( 'NONE', *, *, #3021, .T. ) ;
#771 = SURFACE_SIDE_STYLE ('',( #1792 ) ) ;
#772 =( NAMED_UNIT ( * ) SI_UNIT ( $, .STERADIAN. ) SOLID_ANGLE_UNIT ( ) );
#773 = CARTESIAN_POINT ( 'NONE',  ( 0.4500000000000000666, 2.200000000000000178, 5.700000000000000178 ) ) ;
#774 = ORIENTED_EDGE ( 'NONE', *, *, #2757, .T. ) ;
#775 = CARTESIAN_POINT ( 'NONE',  ( 9.001925068377740757, 6.250000000000079936, 5.573699898803351260 ) ) ;
#776 = ORIENTED_EDGE ( 'NONE', *, *, #1731, .F. ) ;
#777 = SURFACE_SIDE_STYLE ('',( #2515 ) ) ;
#778 = DIRECTION ( 'NONE',  ( 0.0000000000000000000, 0.0000000000000000000, -1.000000000000000000 ) ) ;
#779 = EDGE_CURVE ( 'NONE', #3199, #226, #2023, .T. ) ;
#780 = UNCERTAINTY_MEASURE_WITH_UNIT (LENGTH_MEASURE( 1.000000000000000082E-05 ), #3543, 'distance_accuracy_value', 'NONE');
#781 = VERTEX_POINT ( 'NONE', #894 ) ;
#782 = COLOUR_RGB ( '',0.2862745098039215508, 0.6431372549019607199, 0.8666666666666666963 ) ;
#783 = FILL_AREA_STYLE ('',( #2455 ) ) ;
#784 = PLANE ( 'NONE',  #383 ) ;
#785 = EDGE_CURVE ( 'NONE', #2220, #2741, #2011, .T. ) ;
#786 = VECTOR ( 'NONE', #4159, 1000.000000000000000 ) ;
#787 = FILL_AREA_STYLE_COLOUR ( '', #675 ) ;
#788 = AXIS2_PLACEMENT_3D ( 'NONE', #2459, #1098, #1788 ) ;
#789 = EDGE_CURVE ( 'NONE', #650, #2656, #209, .T. ) ;
#790 =( LENGTH_UNIT ( ) NAMED_UNIT ( * ) SI_UNIT ( .MILLI., .METRE. ) );
#791 = EDGE_CURVE ( 'NONE', #226, #3343, #2685, .T. ) ;
#792 = DIRECTION ( 'NONE',  ( 0.0000000000000000000, 0.0000000000000000000, -1.000000000000000000 ) ) ;
#793 = ORIENTED_EDGE ( 'NONE', *, *, #1111, .F. ) ;
#794 = CARTESIAN_POINT ( 'NONE',  ( 5.997691185957250148, 6.250000000000079936, 5.579085650507749961 ) ) ;
#795 = CARTESIAN_POINT ( 'NONE',  ( 10.00000000000000000, 4.900000000000000355, 3.275000000000000355 ) ) ;
#796 = CARTESIAN_POINT ( 'NONE',  ( 10.00000000000000000, 6.650000000000000355, 10.00000000000000000 ) ) ;
#797 = VERTEX_POINT ( 'NONE', #3871 ) ;
#798 = DIRECTION ( 'NONE',  ( -5.152643988049929844E-16, 0.0000000000000000000, -1.000000000000000000 ) ) ;
#799 = DIRECTION ( 'NONE',  ( 0.0000000000000000000, 0.0000000000000000000, 1.000000000000000000 ) ) ;
#800 = ORIENTED_EDGE ( 'NONE', *, *, #2654, .T. ) ;
#801 = CARTESIAN_POINT ( 'NONE',  ( 0.0000000000000000000, 1.560000000000000275, 6.200000000000001066 ) ) ;
#802 = CIRCLE ( 'NONE', #3935, 1.599999999999999867 ) ;
#803 = DIRECTION ( 'NONE',  ( 0.0000000000000000000, 0.0000000000000000000, 1.000000000000000000 ) ) ;
#804 = EDGE_LOOP ( 'NONE', ( #945, #229, #3320 ) ) ;
#805 =( NAMED_UNIT ( * ) PLANE_ANGLE_UNIT ( ) SI_UNIT ( $, .RADIAN. ) );
#806 = SHAPE_REPRESENTATION ( 'CUI_DEVICES_TB002V-500-02BE', ( #3401, #1401 ), #2921 ) ;
#807 =( BOUNDED_CURVE ( )  B_SPLINE_CURVE ( 3, ( #1149, #3803, #845, #2846 ),
 .UNSPECIFIED., .F., .T. ) 
 B_SPLINE_CURVE_WITH_KNOTS ( ( 4, 4 ),
 ( 1.008957096879879556, 1.500983156715103739 ),
 .UNSPECIFIED. ) 
 CURVE ( )  GEOMETRIC_REPRESENTATION_ITEM ( )  RATIONAL_B_SPLINE_CURVE ( ( 1.000000000000000000, 0.9799274069394412479, 0.9799274069394412479, 1.000000000000000000 ) ) 
 REPRESENTATION_ITEM ( '' )  );
#808 = DIRECTION ( 'NONE',  ( 1.000000000000000000, -1.224646799147353207E-16, 0.0000000000000000000 ) ) ;
#809 = CIRCLE ( 'NONE', #2620, 0.4999999999999995559 ) ;
#810 = AXIS2_PLACEMENT_3D ( 'NONE', #1911, #4151, #2577 ) ;
#811 =( GEOMETRIC_REPRESENTATION_CONTEXT ( 3 ) GLOBAL_UNCERTAINTY_ASSIGNED_CONTEXT ( ( #343 ) ) GLOBAL_UNIT_ASSIGNED_CONTEXT ( ( #286, #618, #1589 ) ) REPRESENTATION_CONTEXT ( 'NONE', 'WORKASPACE' ) );
#812 = ADVANCED_FACE ( 'NONE', ( #3788, #2075, #3381 ), #3063, .F. ) ;
#813 = CARTESIAN_POINT ( 'NONE',  ( 0.0000000000000000000, 0.1499999999999999944, 6.700000000000000178 ) ) ;
#814 = CARTESIAN_POINT ( 'NONE',  ( 6.041844085658512498, 6.384612859941942276, 5.465433459296741958 ) ) ;
#815 = CARTESIAN_POINT ( 'NONE',  ( 1.075900883378422934, 6.782835288287566655, 5.313097438219579693 ) ) ;
#816 = SURFACE_STYLE_FILL_AREA ( #2479 ) ;
#817 = CARTESIAN_POINT ( 'NONE',  ( 1.449999999999999956, 6.301461569844129862, 3.962967587499530264 ) ) ;
#818 = AXIS2_PLACEMENT_3D ( 'NONE', #3332, #4047, #3096 ) ;
#819 = VECTOR ( 'NONE', #884, 1000.000000000000000 ) ;
#820 = ADVANCED_FACE ( 'NONE', ( #2481 ), #1058, .T. ) ;
#821 =( NAMED_UNIT ( * ) SI_UNIT ( $, .STERADIAN. ) SOLID_ANGLE_UNIT ( ) );
#822 = DIRECTION ( 'NONE',  ( 0.0000000000000000000, 0.0000000000000000000, -1.000000000000000000 ) ) ;
#823 = PRESENTATION_LAYER_ASSIGNMENT (  '', '', ( #328 ) ) ;
#824 = CARTESIAN_POINT ( 'NONE',  ( 1.041844086465574692, 6.384612859889100100, 5.465433459372670555 ) ) ;
#825 = VERTEX_POINT ( 'NONE', #1437 ) ;
#826 = EDGE_CURVE ( 'NONE', #748, #1469, #4094, .T. ) ;
#827 = CARTESIAN_POINT ( 'NONE',  ( 10.00000000000000000, 0.9499999999999999556, 0.0000000000000000000 ) ) ;
#828 = COLOUR_RGB ( '',0.2862745098039215508, 0.6431372549019607199, 0.8666666666666666963 ) ;
#829 = ORIENTED_EDGE ( 'NONE', *, *, #2973, .T. ) ;
#830 = CARTESIAN_POINT ( 'NONE',  ( 5.925592927451249992, 4.650000000000010125, 9.158054070483650833 ) ) ;
#831 = UNCERTAINTY_MEASURE_WITH_UNIT (LENGTH_MEASURE( 1.000000000000000082E-05 ), #3038, 'distance_accuracy_value', 'NONE');
#832 = MECHANICAL_DESIGN_GEOMETRIC_PRESENTATION_REPRESENTATION (  '', ( #1538 ), #2098 ) ;
#833 = ORIENTED_EDGE ( 'NONE', *, *, #2416, .T. ) ;
#834 = SURFACE_SIDE_STYLE ('',( #1835 ) ) ;
#835 = DIRECTION ( 'NONE',  ( 0.0000000000000000000, 1.000000000000000000, 0.0000000000000000000 ) ) ;
#836 = STYLED_ITEM ( 'NONE', ( #1749 ), #4170 ) ;
#837 = DIRECTION ( 'NONE',  ( 0.0000000000000000000, -1.000000000000000000, 0.0000000000000000000 ) ) ;
#838 = VERTEX_POINT ( 'NONE', #136 ) ;
#839 = CARTESIAN_POINT ( 'NONE',  ( 3.553947254147849844, 6.900000000000019895, 4.004821471746000228 ) ) ;
#840 = SURFACE_STYLE_FILL_AREA ( #2842 ) ;
#841 = DIRECTION ( 'NONE',  ( 0.0000000000000000000, 0.0000000000000000000, -1.000000000000000000 ) ) ;
#842 = PLANE ( 'NONE',  #3802 ) ;
#843 = LINE ( 'NONE', #1547, #1815 ) ;
#844 = EDGE_CURVE ( 'NONE', #2812, #1318, #1442, .T. ) ;
#845 = CARTESIAN_POINT ( 'NONE',  ( 3.890407047718352551, 6.616355096402057434, 5.194015168276952643 ) ) ;
#846 = CARTESIAN_POINT ( 'NONE',  ( 7.500000000000000000, 4.250000000000009770, 9.500000000000000000 ) ) ;
#847 = FACE_OUTER_BOUND ( 'NONE', #2065, .T. ) ;
#848 =( NAMED_UNIT ( * ) SI_UNIT ( $, .STERADIAN. ) SOLID_ANGLE_UNIT ( ) );
#849 = EDGE_CURVE ( 'NONE', #975, #1938, #807, .T. ) ;
#850 = ORIENTED_EDGE ( 'NONE', *, *, #2241, .F. ) ;
#851 = CARTESIAN_POINT ( 'NONE',  ( 3.871701747922879910, 6.620978138265459556, 5.127902589497670860 ) ) ;
#852 = CARTESIAN_POINT ( 'NONE',  ( 5.899218940641789644, 3.850000000000010303, 8.800000000000000711 ) ) ;
#853 = ORIENTED_EDGE ( 'NONE', *, *, #2501, .T. ) ;
#854 =( LENGTH_UNIT ( ) NAMED_UNIT ( * ) SI_UNIT ( .MILLI., .METRE. ) );
#855 = CARTESIAN_POINT ( 'NONE',  ( 5.931349185249819911, 4.650000000000010125, 9.236151811974419701 ) ) ;
#856 = ORIENTED_EDGE ( 'NONE', *, *, #3355, .F. ) ;
#857 = CARTESIAN_POINT ( 'NONE',  ( 1.446052745852149934, 6.900000000000019895, 4.004821471746000228 ) ) ;
#858 = PRESENTATION_LAYER_ASSIGNMENT (  '', '', ( #2245 ) ) ;
#859 = EDGE_LOOP ( 'NONE', ( #1574, #2108, #3390, #1906 ) ) ;
#860 = CARTESIAN_POINT ( 'NONE',  ( 7.500000000000000000, 9.550000000000029132, 4.150000000000000355 ) ) ;
#861 = B_SPLINE_CURVE_WITH_KNOTS ( 'NONE', 3,
 ( #1395, #3059, #78, #1813, #2778, #2713 ),
 .UNSPECIFIED., .F., .F.,
 ( 4, 2, 4 ),
 ( 0.0000000000000000000, 0.5443967235616410383, 1.000000000000000000 ),
 .UNSPECIFIED. ) ;
#862 = FILL_AREA_STYLE_COLOUR ( '', #2811 ) ;
#863 = CARTESIAN_POINT ( 'NONE',  ( 1.041844086465574692, 6.384612859889100100, 5.465433459372670555 ) ) ;
#864 = DIRECTION ( 'NONE',  ( -0.5000000000002000622, -0.8660254037843231334, 0.0000000000000000000 ) ) ;
#865 = CIRCLE ( 'NONE', #788, 0.2500000000000002220 ) ;
#866 = EDGE_CURVE ( 'NONE', #1952, #3587, #4138, .T. ) ;
#867 = DIRECTION ( 'NONE',  ( 0.0000000000000000000, 1.000000000000000000, 0.0000000000000000000 ) ) ;
#868 = VERTEX_POINT ( 'NONE', #555 ) ;
#869 = EDGE_CURVE ( 'NONE', #1321, #2920, #3910, .T. ) ;
#870 = CARTESIAN_POINT ( 'NONE',  ( -0.5000000000000000000, 6.301461569844129862, 3.962967587499530264 ) ) ;
#871 = ORIENTED_EDGE ( 'NONE', *, *, #2106, .F. ) ;
#872 = SURFACE_STYLE_USAGE ( .BOTH. , #777 ) ;
#873 = CARTESIAN_POINT ( 'NONE',  ( 8.958155914341494608, 6.384612859941898755, 5.465433459296769492 ) ) ;
#874 = VERTEX_POINT ( 'NONE', #1270 ) ;
#875 = CARTESIAN_POINT ( 'NONE',  ( 0.0000000000000000000, 6.436102000195529804, 9.999999999999989342 ) ) ;
#876 = PRODUCT_RELATED_PRODUCT_CATEGORY ( 'part', '', ( #3846 ) ) ;
#877 = CARTESIAN_POINT ( 'NONE',  ( 2.500000000000000000, -3.950000000000000178, 2.149999999999990141 ) ) ;
#878 = DIRECTION ( 'NONE',  ( -1.000000000000000000, 0.0000000000000000000, 0.0000000000000000000 ) ) ;
#879 = SURFACE_SIDE_STYLE ('',( #1497 ) ) ;
#880 = CONICAL_SURFACE ( 'NONE', #1591, 1.599999999999999867, 0.07130746470380971980 ) ;
#881 = CYLINDRICAL_SURFACE ( 'NONE', #2019, 1.400000000000000133 ) ;
#882 = MECHANICAL_DESIGN_GEOMETRIC_PRESENTATION_REPRESENTATION (  '', ( #4084 ), #3452 ) ;
#883 = STYLED_ITEM ( 'NONE', ( #3083 ), #812 ) ;
#884 = DIRECTION ( 'NONE',  ( 0.0000000000000000000, 1.000000000000000000, 0.0000000000000000000 ) ) ;
#885 = CARTESIAN_POINT ( 'NONE',  ( -0.5000000000000000000, 6.900000000000019895, 4.004821471746000228 ) ) ;
#886 = FACE_OUTER_BOUND ( 'NONE', #932, .T. ) ;
#887 = VECTOR ( 'NONE', #2215, 1000.000000000000000 ) ;
#888 = VERTEX_POINT ( 'NONE', #3473 ) ;
#889 = CIRCLE ( 'NONE', #2016, 1.400000000000000133 ) ;
#890 = AXIS2_PLACEMENT_3D ( 'NONE', #1349, #983, #323 ) ;
#891 = CARTESIAN_POINT ( 'NONE',  ( 5.817239423961069633, 6.093223782856449944, 5.414712191412339948 ) ) ;
#892 = DIRECTION ( 'NONE',  ( 0.0000000000000000000, -1.000000000000000000, 0.0000000000000000000 ) ) ;
#893 = CIRCLE ( 'NONE', #1525, 1.749999999999999778 ) ;
#894 = CARTESIAN_POINT ( 'NONE',  ( 1.128298252077120090, 6.620978138265459556, 5.127902589497670860 ) ) ;
#895 = MECHANICAL_DESIGN_GEOMETRIC_PRESENTATION_REPRESENTATION (  '', ( #328 ), #2500 ) ;
#896 = EDGE_CURVE ( 'NONE', #3037, #3615, #3859, .T. ) ;
#897 = EDGE_LOOP ( 'NONE', ( #2469, #1676, #3919, #1648, #3613, #423, #2906, #2585, #3064, #4141, #2652, #2246, #2103, #491, #3418 ) ) ;
#898 = STYLED_ITEM ( 'NONE', ( #2259 ), #3482 ) ;
#899 = CARTESIAN_POINT ( 'NONE',  ( 3.549999999999999822, 6.370920840910899940, 3.569044486294639995 ) ) ;
#900 = DIRECTION ( 'NONE',  ( 0.0000000000000000000, 0.0000000000000000000, -1.000000000000000000 ) ) ;
#901 = AXIS2_PLACEMENT_3D ( 'NONE', #284, #4045, #2382 ) ;
#902 = EDGE_CURVE ( 'NONE', #1952, #1223, #218, .T. ) ;
#903 = ORIENTED_EDGE ( 'NONE', *, *, #1953, .T. ) ;
#904 = PLANE ( 'NONE',  #4166 ) ;
#905 = AXIS2_PLACEMENT_3D ( 'NONE', #2504, #2560, #907 ) ;
#906 = PLANE ( 'NONE',  #1375 ) ;
#907 = DIRECTION ( 'NONE',  ( 0.0000000000000000000, 0.0000000000000000000, 1.000000000000000000 ) ) ;
#908 = FACE_OUTER_BOUND ( 'NONE', #2707, .T. ) ;
#909 = EDGE_LOOP ( 'NONE', ( #602, #1138 ) ) ;
#910 = DIRECTION ( 'NONE',  ( 1.000000000000000000, 0.0000000000000000000, -5.152643988049929844E-16 ) ) ;
#911 = DIRECTION ( 'NONE',  ( 0.0000000000000000000, -1.000000000000000000, 0.0000000000000000000 ) ) ;
#912 = ORIENTED_EDGE ( 'NONE', *, *, #2247, .T. ) ;
#913 = CARTESIAN_POINT ( 'NONE',  ( 6.022645188653849679, 6.378927305446330465, 5.621766569588300122 ) ) ;
#914 = DIRECTION ( 'NONE',  ( 0.0000000000000000000, 0.0000000000000000000, 1.000000000000000000 ) ) ;
#915 = ORIENTED_EDGE ( 'NONE', *, *, #1136, .F. ) ;
#916 = CARTESIAN_POINT ( 'NONE',  ( 4.100781059358210356, 4.650000000000010125, 8.800000000000009592 ) ) ;
#917 = ORIENTED_EDGE ( 'NONE', *, *, #1897, .T. ) ;
#918 = DIRECTION ( 'NONE',  ( 6.323770134184271214E-17, 0.9848077530122081313, 0.1736481776669300259 ) ) ;
#919 = EDGE_CURVE ( 'NONE', #2618, #3240, #4153, .T. ) ;
#920 = VERTEX_POINT ( 'NONE', #4210 ) ;
#921 = ORIENTED_EDGE ( 'NONE', *, *, #2080, .T. ) ;
#922 = CARTESIAN_POINT ( 'NONE',  ( 6.075900883378422712, 6.560463200155849606, 5.313097438219570812 ) ) ;
#923 = ADVANCED_FACE ( 'NONE', ( #2884 ), #1549, .T. ) ;
#924 = DIRECTION ( 'NONE',  ( 1.000000000000000000, 0.0000000000000000000, -5.152643988049919983E-16 ) ) ;
#925 = CARTESIAN_POINT ( 'NONE',  ( 6.038082531269985509, 6.695996851710942721, 5.479691494576943711 ) ) ;
#926 = PRESENTATION_LAYER_ASSIGNMENT (  '', '', ( #3495 ) ) ;
#927 = ORIENTED_EDGE ( 'NONE', *, *, #974, .F. ) ;
#928 = SURFACE_SIDE_STYLE ('',( #32 ) ) ;
#929 = EDGE_CURVE ( 'NONE', #888, #425, #238, .T. ) ;
#930 = CARTESIAN_POINT ( 'NONE',  ( 6.450000000000000178, -1.462314593354880232, 2.800000000000010036 ) ) ;
#931 = VECTOR ( 'NONE', #441, 1000.000000000000000 ) ;
#932 = EDGE_LOOP ( 'NONE', ( #9, #1509, #2550, #2711, #3493 ) ) ;
#933 = PRESENTATION_LAYER_ASSIGNMENT (  '', '', ( #3221 ) ) ;
#934 = VERTEX_POINT ( 'NONE', #2562 ) ;
#935 = ORIENTED_EDGE ( 'NONE', *, *, #2340, .F. ) ;
#936 =( LENGTH_UNIT ( ) NAMED_UNIT ( * ) SI_UNIT ( .MILLI., .METRE. ) );
#937 = ORIENTED_EDGE ( 'NONE', *, *, #3355, .T. ) ;
#938 =( NAMED_UNIT ( * ) PLANE_ANGLE_UNIT ( ) SI_UNIT ( $, .RADIAN. ) );
#939 = ORIENTED_EDGE ( 'NONE', *, *, #222, .F. ) ;
#940 = DIRECTION ( 'NONE',  ( 0.0000000000000000000, 1.000000000000000000, 0.0000000000000000000 ) ) ;
#941 = CARTESIAN_POINT ( 'NONE',  ( 9.550000000000000711, 2.200000000000000178, 0.7500000000000019984 ) ) ;
#942 = CARTESIAN_POINT ( 'NONE',  ( 6.075900883378422712, 6.782835288287570208, 5.313097438219570812 ) ) ;
#943 = AXIS2_PLACEMENT_3D ( 'NONE', #3499, #1552, #1150 ) ;
#944 = ADVANCED_FACE ( 'NONE', ( #3539, #1841, #2192 ), #1172, .F. ) ;
#945 = ORIENTED_EDGE ( 'NONE', *, *, #1111, .T. ) ;
#946 = AXIS2_PLACEMENT_3D ( 'NONE', #2299, #1988, #3295 ) ;
#947 = CARTESIAN_POINT ( 'NONE',  ( 0.5500000000000000444, 1.877542648054139951, 6.200000000000001066 ) ) ;
#948 = CARTESIAN_POINT ( 'NONE',  ( 2.500000000000000000, -3.950000000000000178, 3.149999999999990141 ) ) ;
#949 = ORIENTED_EDGE ( 'NONE', *, *, #2090, .F. ) ;
#950 = ORIENTED_EDGE ( 'NONE', *, *, #1974, .F. ) ;
#951 = AXIS2_PLACEMENT_3D ( 'NONE', #1592, #1921, #1569 ) ;
#952 = ORIENTED_EDGE ( 'NONE', *, *, #2887, .T. ) ;
#953 = FACE_OUTER_BOUND ( 'NONE', #4077, .T. ) ;
#954 = VECTOR ( 'NONE', #2438, 1000.000000000000114 ) ;
#955 = ORIENTED_EDGE ( 'NONE', *, *, #3424, .T. ) ;
#956 = DIRECTION ( 'NONE',  ( 0.0000000000000000000, 0.0000000000000000000, -1.000000000000000000 ) ) ;
#957 = CARTESIAN_POINT ( 'NONE',  ( 7.500000000000000000, 4.250000000000009770, 9.500000000000000000 ) ) ;
#958 = AXIS2_PLACEMENT_3D ( 'NONE', #2934, #2041, #2610 ) ;
#959 = LINE ( 'NONE', #3928, #1218 ) ;
#960 = SURFACE_STYLE_FILL_AREA ( #653 ) ;
#961 = DIRECTION ( 'NONE',  ( -0.8660254037843231334, 0.5000000000002000622, 0.0000000000000000000 ) ) ;
#962 = COLOUR_RGB ( '',0.2862745098039215508, 0.6431372549019607199, 0.8666666666666666963 ) ;
#963 = CARTESIAN_POINT ( 'NONE',  ( 6.023374480771331640, 6.471514968382775734, 5.653981222208980917 ) ) ;
#964 = COLOUR_RGB ( '',0.2862745098039215508, 0.6431372549019607199, 0.8666666666666666963 ) ;
#965 = PRESENTATION_STYLE_ASSIGNMENT (( #3311 ) ) ;
#966 = CARTESIAN_POINT ( 'NONE',  ( 3.976897247608217167, 6.379062758811455680, 5.679065084669190355 ) ) ;
#967 = CARTESIAN_POINT ( 'NONE',  ( 3.254835393828189982, 6.973925928331420110, 2.947631442961020198 ) ) ;
#968 = EDGE_CURVE ( 'NONE', #975, #2938, #2844, .T. ) ;
#969 = CYLINDRICAL_SURFACE ( 'NONE', #946, 1.400000000000000133 ) ;
#970 = AXIS2_PLACEMENT_3D ( 'NONE', #2102, #3044, #3722 ) ;
#971 = ORIENTED_EDGE ( 'NONE', *, *, #2913, .T. ) ;
#972 =( BOUNDED_CURVE ( )  B_SPLINE_CURVE ( 3, ( #966, #2007, #332, #266 ),
 .UNSPECIFIED., .F., .T. ) 
 B_SPLINE_CURVE_WITH_KNOTS ( ( 4, 4 ),
 ( 3.152431615203110216, 3.305761861937978274 ),
 .UNSPECIFIED. ) 
 CURVE ( )  GEOMETRIC_REPRESENTATION_ITEM ( )  RATIONAL_B_SPLINE_CURVE ( ( 1.000000000000000000, 0.9980417790286433277, 0.9980417790286433277, 1.000000000000000000 ) ) 
 REPRESENTATION_ITEM ( '' )  );
#973 = SURFACE_STYLE_FILL_AREA ( #4283 ) ;
#974 = EDGE_CURVE ( 'NONE', #2580, #2223, #3556, .T. ) ;
#975 = VERTEX_POINT ( 'NONE', #4175 ) ;
#976 = APPLICATION_CONTEXT ( 'automotive_design' ) ;
#977 = FILL_AREA_STYLE ('',( #297 ) ) ;
#978 = ADVANCED_FACE ( 'NONE', ( #1197 ), #2634, .T. ) ;
#979 = ORIENTED_EDGE ( 'NONE', *, *, #4215, .T. ) ;
#980 = FILL_AREA_STYLE ('',( #1933 ) ) ;
#981 = VERTEX_POINT ( 'NONE', #2666 ) ;
#982 = VERTEX_POINT ( 'NONE', #658 ) ;
#983 = DIRECTION ( 'NONE',  ( 0.0000000000000000000, 1.000000000000000000, 0.0000000000000000000 ) ) ;
#984 = CARTESIAN_POINT ( 'NONE',  ( 2.500000000000000000, 6.250000000000031086, 4.150000000000000355 ) ) ;
#985 = DIRECTION ( 'NONE',  ( -5.152643988049919983E-16, 0.0000000000000000000, -1.000000000000000000 ) ) ;
#986 = CARTESIAN_POINT ( 'NONE',  ( 0.8013880889269699992, 6.089357963934170392, 5.509803114629500342 ) ) ;
#987 = VERTEX_POINT ( 'NONE', #3293 ) ;
#988 = DIRECTION ( 'NONE',  ( 0.0000000000000000000, 0.0000000000000000000, 1.000000000000000000 ) ) ;
#989 = DIRECTION ( 'NONE',  ( 0.0000000000000000000, 0.0000000000000000000, 1.000000000000000000 ) ) ;
#990 = LINE ( 'NONE', #2319, #1730 ) ;
#991 = DIRECTION ( 'NONE',  ( 0.0000000000000000000, -3.675221047034999628E-15, 1.000000000000000000 ) ) ;
#992 = VERTEX_POINT ( 'NONE', #265 ) ;
#993 = STYLED_ITEM ( 'NONE', ( #3362 ), #1762 ) ;
#994 = ADVANCED_FACE ( 'NONE', ( #3956 ), #3577, .F. ) ;
#995 = CARTESIAN_POINT ( 'NONE',  ( 3.977355748483209386, 6.378927027922910220, 5.621778233683969894 ) ) ;
#996 = ORIENTED_EDGE ( 'NONE', *, *, #4123, .F. ) ;
#997 = CIRCLE ( 'NONE', #715, 0.5000000000000000000 ) ;
#998 = ADVANCED_FACE ( 'NONE', ( #309 ), #2994, .F. ) ;
#999 = AXIS2_PLACEMENT_3D ( 'NONE', #1120, #2407, #3728 ) ;
#1000 = EDGE_LOOP ( 'NONE', ( #2366, #3263, #1705, #3028 ) ) ;
#1001 =( LENGTH_UNIT ( ) NAMED_UNIT ( * ) SI_UNIT ( .MILLI., .METRE. ) );
#1002 = DIRECTION ( 'NONE',  ( -1.000000000000000000, 0.0000000000000000000, -3.641714079092569968E-16 ) ) ;
#1003 = EDGE_CURVE ( 'NONE', #934, #2547, #3336, .T. ) ;
#1004 = CARTESIAN_POINT ( 'NONE',  ( 2.500000000000000000, 9.550000000000029132, 2.750000000000000000 ) ) ;
#1005 =( NAMED_UNIT ( * ) PLANE_ANGLE_UNIT ( ) SI_UNIT ( $, .RADIAN. ) );
#1006 = SURFACE_STYLE_FILL_AREA ( #1631 ) ;
#1007 = DIRECTION ( 'NONE',  ( 0.0000000000000000000, 0.0000000000000000000, -1.000000000000000000 ) ) ;
#1008 = VERTEX_POINT ( 'NONE', #1966 ) ;
#1009 = DIRECTION ( 'NONE',  ( -1.000000000000000000, 0.0000000000000000000, 0.0000000000000000000 ) ) ;
#1010 = SURFACE_SIDE_STYLE ('',( #4005 ) ) ;
#1011 = CARTESIAN_POINT ( 'NONE',  ( 4.087037305134390230, 4.650000000000010125, 8.986637655680240755 ) ) ;
#1012 = ORIENTED_EDGE ( 'NONE', *, *, #1871, .T. ) ;
#1013 = SURFACE_STYLE_FILL_AREA ( #274 ) ;
#1014 = ORIENTED_EDGE ( 'NONE', *, *, #361, .T. ) ;
#1015 = VECTOR ( 'NONE', #3983, 1000.000000000000000 ) ;
#1016 = CIRCLE ( 'NONE', #2692, 0.2500000000000002220 ) ;
#1017 =( GEOMETRIC_REPRESENTATION_CONTEXT ( 3 ) GLOBAL_UNCERTAINTY_ASSIGNED_CONTEXT ( ( #1490 ) ) GLOBAL_UNIT_ASSIGNED_CONTEXT ( ( #443, #3739, #821 ) ) REPRESENTATION_CONTEXT ( 'NONE', 'WORKASPACE' ) );
#1018 = FACE_OUTER_BOUND ( 'NONE', #1872, .T. ) ;
#1019 = CARTESIAN_POINT ( 'NONE',  ( 9.059107220649993408, 4.650000000000011013, 9.365590064580585405 ) ) ;
#1020 = ORIENTED_EDGE ( 'NONE', *, *, #2626, .T. ) ;
#1021 = FACE_OUTER_BOUND ( 'NONE', #2949, .T. ) ;
#1022 = CIRCLE ( 'NONE', #2632, 0.2999999999999999334 ) ;
#1023 = DIRECTION ( 'NONE',  ( 1.000000000000000000, 0.0000000000000000000, 3.641714079092569968E-16 ) ) ;
#1024 = EDGE_CURVE ( 'NONE', #2512, #982, #3181, .T. ) ;
#1025 =( NAMED_UNIT ( * ) PLANE_ANGLE_UNIT ( ) SI_UNIT ( $, .RADIAN. ) );
#1026 =( GEOMETRIC_REPRESENTATION_CONTEXT ( 3 ) GLOBAL_UNCERTAINTY_ASSIGNED_CONTEXT ( ( #2406 ) ) GLOBAL_UNIT_ASSIGNED_CONTEXT ( ( #1079, #2118, #1127 ) ) REPRESENTATION_CONTEXT ( 'NONE', 'WORKASPACE' ) );
#1027 = AXIS2_PLACEMENT_3D ( 'NONE', #1036, #4217, #2372 ) ;
#1028 = CARTESIAN_POINT ( 'NONE',  ( 2.500000000000000000, 2.636732100714121341, 9.314249409997589879 ) ) ;
#1029 = VECTOR ( 'NONE', #1545, 1000.000000000000000 ) ;
#1030 = EDGE_CURVE ( 'NONE', #2735, #450, #54, .T. ) ;
#1031 = VECTOR ( 'NONE', #2948, 1000.000000000000000 ) ;
#1032 = ORIENTED_EDGE ( 'NONE', *, *, #3365, .F. ) ;
#1033 = DIRECTION ( 'NONE',  ( -1.000000000000000000, 0.0000000000000000000, 0.0000000000000000000 ) ) ;
#1034 = CIRCLE ( 'NONE', #4102, 0.4999999999999995559 ) ;
#1035 = LINE ( 'NONE', #2036, #2344 ) ;
#1036 = CARTESIAN_POINT ( 'NONE',  ( 7.500000000000000000, 4.250000000000009770, 8.000000000000000000 ) ) ;
#1037 = CIRCLE ( 'NONE', #4169, 1.613267899285889984 ) ;
#1038 = EDGE_LOOP ( 'NONE', ( #2402, #3620 ) ) ;
#1039 = AXIS2_PLACEMENT_3D ( 'NONE', #1882, #509, #155 ) ;
#1040 = CARTESIAN_POINT ( 'NONE',  ( 4.006141391221530235, 6.250000000000030198, 5.699344090454336431 ) ) ;
#1041 = CARTESIAN_POINT ( 'NONE',  ( 5.940892779350024355, 3.850000000000008527, 9.365590064580624485 ) ) ;
#1042 = SURFACE_STYLE_USAGE ( .BOTH. , #2081 ) ;
#1043 = ORIENTED_EDGE ( 'NONE', *, *, #1063, .T. ) ;
#1044 = CARTESIAN_POINT ( 'NONE',  ( 1.092568578620798592, 3.850000000000008527, 9.500000000000008882 ) ) ;
#1045 = DIRECTION ( 'NONE',  ( -1.000000000000000000, 0.0000000000000000000, 0.0000000000000000000 ) ) ;
#1046 = CARTESIAN_POINT ( 'NONE',  ( 0.0000000000000000000, 1.560000000000000275, 6.200000000000001066 ) ) ;
#1047 = UNCERTAINTY_MEASURE_WITH_UNIT (LENGTH_MEASURE( 1.000000000000000082E-05 ), #3534, 'distance_accuracy_value', 'NONE');
#1048 = EDGE_LOOP ( 'NONE', ( #3666, #703, #3718, #3071, #3731, #2182, #3131, #494 ) ) ;
#1049 = ADVANCED_FACE ( 'NONE', ( #2276 ), #3602, .F. ) ;
#1050 =( NAMED_UNIT ( * ) SI_UNIT ( $, .STERADIAN. ) SOLID_ANGLE_UNIT ( ) );
#1051 = LINE ( 'NONE', #3052, #2554 ) ;
#1052 = ORIENTED_EDGE ( 'NONE', *, *, #3626, .T. ) ;
#1053 = EDGE_CURVE ( 'NONE', #1008, #2553, #2033, .T. ) ;
#1054 = CYLINDRICAL_SURFACE ( 'NONE', #2848, 1.749999999999990230 ) ;
#1055 = DIRECTION ( 'NONE',  ( 0.0000000000000000000, -1.000000000000000000, -3.965082230804152702E-15 ) ) ;
#1056 = CARTESIAN_POINT ( 'NONE',  ( 1.446052745852149934, 6.900000000000019895, 4.004821471746000228 ) ) ;
#1057 = ORIENTED_EDGE ( 'NONE', *, *, #3953, .T. ) ;
#1058 = PLANE ( 'NONE',  #2213 ) ;
#1059 =( LENGTH_UNIT ( ) NAMED_UNIT ( * ) SI_UNIT ( .MILLI., .METRE. ) );
#1060 = FACE_OUTER_BOUND ( 'NONE', #2579, .T. ) ;
#1061 = AXIS2_PLACEMENT_3D ( 'NONE', #2472, #167, #1852 ) ;
#1062 = ORIENTED_EDGE ( 'NONE', *, *, #3078, .F. ) ;
#1063 = EDGE_CURVE ( 'NONE', #4060, #920, #608, .T. ) ;
#1064 = DIRECTION ( 'NONE',  ( 0.0000000000000000000, 0.0000000000000000000, -1.000000000000000000 ) ) ;
#1065 =( NAMED_UNIT ( * ) PLANE_ANGLE_UNIT ( ) SI_UNIT ( $, .RADIAN. ) );
#1066 = VERTEX_POINT ( 'NONE', #3621 ) ;
#1067 = PLANE ( 'NONE',  #3663 ) ;
#1068 = CIRCLE ( 'NONE', #1639, 0.09999999999999939493 ) ;
#1069 = ORIENTED_EDGE ( 'NONE', *, *, #3777, .T. ) ;
#1070 = CARTESIAN_POINT ( 'NONE',  ( 2.500000000000000000, 2.500000000000019540, 8.000000000000000000 ) ) ;
#1071 = FACE_OUTER_BOUND ( 'NONE', #3848, .T. ) ;
#1072 = ADVANCED_FACE ( 'NONE', ( #2974 ), #1699, .F. ) ;
#1073 = VERTEX_POINT ( 'NONE', #2387 ) ;
#1074 = DIRECTION ( 'NONE',  ( 0.2722442098535290400, 0.0000000000000000000, -0.9622281902964742173 ) ) ;
#1075 = CARTESIAN_POINT ( 'NONE',  ( 1.003189994461259893, 6.250000000000031086, 5.517634239043999855 ) ) ;
#1076 =( LENGTH_UNIT ( ) NAMED_UNIT ( * ) SI_UNIT ( .MILLI., .METRE. ) );
#1077 = ADVANCED_FACE ( 'NONE', ( #3077 ), #1096, .F. ) ;
#1078 = EDGE_LOOP ( 'NONE', ( #2933, #927, #4110, #251 ) ) ;
#1079 =( LENGTH_UNIT ( ) NAMED_UNIT ( * ) SI_UNIT ( .MILLI., .METRE. ) );
#1080 = FILL_AREA_STYLE_COLOUR ( '', #542 ) ;
#1081 = FACE_OUTER_BOUND ( 'NONE', #2195, .T. ) ;
#1082 = ADVANCED_FACE ( 'NONE', ( #750, #3402, #3419 ), #2113, .T. ) ;
#1083 = ORIENTED_EDGE ( 'NONE', *, *, #1287, .F. ) ;
#1084 = DIRECTION ( 'NONE',  ( 0.0000000000000000000, -3.675221047034999628E-15, 1.000000000000000000 ) ) ;
#1085 = ORIENTED_EDGE ( 'NONE', *, *, #2258, .F. ) ;
#1086 = DIRECTION ( 'NONE',  ( 0.0000000000000000000, 0.0000000000000000000, -1.000000000000000000 ) ) ;
#1087 = SURFACE_STYLE_USAGE ( .BOTH. , #410 ) ;
#1088 = MECHANICAL_DESIGN_GEOMETRIC_PRESENTATION_REPRESENTATION (  '', ( #4152 ), #3451 ) ;
#1089 = ORIENTED_EDGE ( 'NONE', *, *, #725, .T. ) ;
#1090 = SURFACE_STYLE_USAGE ( .BOTH. , #742 ) ;
#1091 = COLOUR_RGB ( '',0.2862745098039215508, 0.6431372549019607199, 0.8666666666666666963 ) ;
#1092 = FILL_AREA_STYLE_COLOUR ( '', #2967 ) ;
#1093 = CARTESIAN_POINT ( 'NONE',  ( 8.550000000000000711, -1.462314593354880232, 3.990870176997169949 ) ) ;
#1094 = ORIENTED_EDGE ( 'NONE', *, *, #2834, .F. ) ;
#1095 = STYLED_ITEM ( 'NONE', ( #965 ), #1049 ) ;
#1096 = PLANE ( 'NONE',  #3112 ) ;
#1097 = DIRECTION ( 'NONE',  ( 0.0000000000000000000, 0.0000000000000000000, -1.000000000000000000 ) ) ;
#1098 = DIRECTION ( 'NONE',  ( 0.0000000000000000000, -1.000000000000000000, 0.0000000000000000000 ) ) ;
#1099 =( NAMED_UNIT ( * ) PLANE_ANGLE_UNIT ( ) SI_UNIT ( $, .RADIAN. ) );
#1100 = AXIS2_PLACEMENT_3D ( 'NONE', #1397, #4053, #1102 ) ;
#1101 = SURFACE_STYLE_FILL_AREA ( #2226 ) ;
#1102 = DIRECTION ( 'NONE',  ( 0.0000000000000000000, -1.000000000000000000, 0.0000000000000000000 ) ) ;
#1103 = AXIS2_PLACEMENT_3D ( 'NONE', #2661, #3290, #4247 ) ;
#1104 = STYLED_ITEM ( 'NONE', ( #712 ), #3483 ) ;
#1105 = CARTESIAN_POINT ( 'NONE',  ( 5.993858608708465319, 6.250000000000039968, 5.699344090454419032 ) ) ;
#1106 = EDGE_CURVE ( 'NONE', #2938, #1920, #2126, .T. ) ;
#1107 = DIRECTION ( 'NONE',  ( 0.0000000000000000000, -1.000000000000000000, 0.0000000000000000000 ) ) ;
#1108 = VECTOR ( 'NONE', #2936, 1000.000000000000000 ) ;
#1109 = ORIENTED_EDGE ( 'NONE', *, *, #1998, .F. ) ;
#1110 =( GEOMETRIC_REPRESENTATION_CONTEXT ( 3 ) GLOBAL_UNCERTAINTY_ASSIGNED_CONTEXT ( ( #3484 ) ) GLOBAL_UNIT_ASSIGNED_CONTEXT ( ( #4027, #1099, #1371 ) ) REPRESENTATION_CONTEXT ( 'NONE', 'WORKASPACE' ) );
#1111 = EDGE_CURVE ( 'NONE', #2310, #2980, #2091, .T. ) ;
#1112 = CARTESIAN_POINT ( 'NONE',  ( 8.996623964658530426, 6.250000000000079936, 5.516661212398769720 ) ) ;
#1113 = SHAPE_DEFINITION_REPRESENTATION ( #3500, #806 ) ;
#1114 = ORIENTED_EDGE ( 'NONE', *, *, #919, .T. ) ;
#1115 = CARTESIAN_POINT ( 'NONE',  ( 0.5500000000000000444, 1.652376043070270084, 6.200000000000001066 ) ) ;
#1116 = CARTESIAN_POINT ( 'NONE',  ( 8.976897412858471981, 6.379062759268559368, 5.679065083712824702 ) ) ;
#1117 = MECHANICAL_DESIGN_GEOMETRIC_PRESENTATION_REPRESENTATION (  '', ( #1191 ), #691 ) ;
#1118 = ORIENTED_EDGE ( 'NONE', *, *, #2728, .F. ) ;
#1119 = EDGE_CURVE ( 'NONE', #2618, #3611, #1787, .T. ) ;
#1120 = CARTESIAN_POINT ( 'NONE',  ( 3.549999999999999822, 6.301461569844129862, 3.962967587499530264 ) ) ;
#1121 = CARTESIAN_POINT ( 'NONE',  ( 1.124350997929270068, 6.820490948317419644, 5.141853884246501138 ) ) ;
#1122 = EDGE_LOOP ( 'NONE', ( #3996, #4178, #275, #3985, #1629, #935, #720, #4239, #282, #3965, #2499, #3720, #3408, #1083, #3909 ) ) ;
#1123 = CARTESIAN_POINT ( 'NONE',  ( 3.972678822233619123, 6.293409039702165586, 5.495964165885520281 ) ) ;
#1124 = CARTESIAN_POINT ( 'NONE',  ( 8.254835393828189538, 6.973925928331420110, 2.947631442961020198 ) ) ;
#1125 = CARTESIAN_POINT ( 'NONE',  ( 7.500000000000000000, 4.250000000000009770, 9.500000000000000000 ) ) ;
#1126 = ORIENTED_EDGE ( 'NONE', *, *, #3305, .T. ) ;
#1127 =( NAMED_UNIT ( * ) SI_UNIT ( $, .STERADIAN. ) SOLID_ANGLE_UNIT ( ) );
#1128 = FILL_AREA_STYLE ('',( #1080 ) ) ;
#1129 = DIRECTION ( 'NONE',  ( -5.152643988049929844E-16, 0.0000000000000000000, -1.000000000000000000 ) ) ;
#1130 = LINE ( 'NONE', #1793, #1228 ) ;
#1131 = ORIENTED_EDGE ( 'NONE', *, *, #4253, .T. ) ;
#1132 = DIRECTION ( 'NONE',  ( 0.0000000000000000000, 0.0000000000000000000, -1.000000000000000000 ) ) ;
#1133 = DIRECTION ( 'NONE',  ( 0.0000000000000000000, 0.0000000000000000000, 1.000000000000000000 ) ) ;
#1134 = ORIENTED_EDGE ( 'NONE', *, *, #1346, .T. ) ;
#1135 = CARTESIAN_POINT ( 'NONE',  ( 6.124350997929269624, 6.820490948317419644, 5.141853884246489592 ) ) ;
#1136 = EDGE_CURVE ( 'NONE', #690, #4219, #1811, .T. ) ;
#1137 = UNCERTAINTY_MEASURE_WITH_UNIT (LENGTH_MEASURE( 1.000000000000000082E-05 ), #258, 'distance_accuracy_value', 'NONE');
#1138 = ORIENTED_EDGE ( 'NONE', *, *, #2595, .T. ) ;
#1139 = EDGE_CURVE ( 'NONE', #2980, #3813, #2905, .T. ) ;
#1140 = COLOUR_RGB ( '',0.2862745098039215508, 0.6431372549019607199, 0.8666666666666666963 ) ;
#1141 = FACE_OUTER_BOUND ( 'NONE', #1078, .T. ) ;
#1142 = LINE ( 'NONE', #520, #1322 ) ;
#1143 = AXIS2_PLACEMENT_3D ( 'NONE', #2219, #2285, #628 ) ;
#1144 = ORIENTED_EDGE ( 'NONE', *, *, #375, .F. ) ;
#1145 =( BOUNDED_CURVE ( )  B_SPLINE_CURVE ( 3, ( #4238, #2868, #2935, #272 ),
 .UNSPECIFIED., .F., .T. ) 
 B_SPLINE_CURVE_WITH_KNOTS ( ( 4, 4 ),
 ( 4.782202150464451407, 5.075476764891775794 ),
 .UNSPECIFIED. ) 
 CURVE ( )  GEOMETRIC_REPRESENTATION_ITEM ( )  RATIONAL_B_SPLINE_CURVE ( ( 1.000000000000000000, 0.9928453341064031878, 0.9928453341064031878, 1.000000000000000000 ) ) 
 REPRESENTATION_ITEM ( '' )  );
#1146 = LINE ( 'NONE', #3825, #613 ) ;
#1147 = CARTESIAN_POINT ( 'NONE',  ( 8.550000000000000711, 6.370920840910899940, 3.569044486294639995 ) ) ;
#1148 = FACE_OUTER_BOUND ( 'NONE', #1832, .T. ) ;
#1149 = CARTESIAN_POINT ( 'NONE',  ( 3.924099116621577288, 6.560463200155847829, 5.313097438219579693 ) ) ;
#1150 = DIRECTION ( 'NONE',  ( 0.0000000000000000000, -1.000000000000000000, -3.965082230804152702E-15 ) ) ;
#1151 = ORIENTED_EDGE ( 'NONE', *, *, #3102, .T. ) ;
#1152 = CARTESIAN_POINT ( 'NONE',  ( 7.500000000000000000, -3.950000000000000178, 2.649999999999999911 ) ) ;
#1153 = CARTESIAN_POINT ( 'NONE',  ( 0.0000000000000000000, 0.0000000000000000000, 0.0000000000000000000 ) ) ;
#1154 = CARTESIAN_POINT ( 'NONE',  ( 6.075900883378422712, 6.560463200155849606, 5.313097438219570812 ) ) ;
#1155 = PRESENTATION_LAYER_ASSIGNMENT (  '', '', ( #3097 ) ) ;
#1156 = LINE ( 'NONE', #1870, #3868 ) ;
#1157 = VERTEX_POINT ( 'NONE', #55 ) ;
#1158 = LINE ( 'NONE', #452, #1419 ) ;
#1159 = EDGE_CURVE ( 'NONE', #2300, #1602, #1146, .T. ) ;
#1160 = FILL_AREA_STYLE_COLOUR ( '', #1240 ) ;
#1161 = STYLED_ITEM ( 'NONE', ( #544 ), #2471 ) ;
#1162 = DIRECTION ( 'NONE',  ( 0.0000000000000000000, -0.9848077530122081313, -0.1736481776669300259 ) ) ;
#1163 = AXIS2_PLACEMENT_3D ( 'NONE', #1185, #163, #3835 ) ;
#1164 = EDGE_CURVE ( 'NONE', #3065, #4264, #4171, .T. ) ;
#1165 = DIRECTION ( 'NONE',  ( 0.0000000000000000000, 0.0000000000000000000, 1.000000000000000000 ) ) ;
#1166 = PRESENTATION_STYLE_ASSIGNMENT (( #1898 ) ) ;
#1167 = CARTESIAN_POINT ( 'NONE',  ( 0.4500000000000000666, 6.250000000000031086, 0.6500000000000260014 ) ) ;
#1168 = CYLINDRICAL_SURFACE ( 'NONE', #2969, 0.2999999999999999334 ) ;
#1169 = DIRECTION ( 'NONE',  ( -5.421010862427519212E-16, 0.0000000000000000000, -1.000000000000000000 ) ) ;
#1170 = AXIS2_PLACEMENT_3D ( 'NONE', #3409, #3391, #1086 ) ;
#1171 = COLOUR_RGB ( '',0.2862745098039215508, 0.6431372549019607199, 0.8666666666666666963 ) ;
#1172 = PLANE ( 'NONE',  #392 ) ;
#1173 = VECTOR ( 'NONE', #1725, 1000.000000000000000 ) ;
#1174 = DIRECTION ( 'NONE',  ( 0.0000000000000000000, -1.000000000000000000, 0.0000000000000000000 ) ) ;
#1175 = EDGE_CURVE ( 'NONE', #450, #3012, #2558, .T. ) ;
#1176 = CARTESIAN_POINT ( 'NONE',  ( 2.500000000000000000, -3.950000000000000178, 2.649999999999990141 ) ) ;
#1177 = AXIS2_PLACEMENT_3D ( 'NONE', #2880, #3468, #4208 ) ;
#1178 = FACE_OUTER_BOUND ( 'NONE', #1226, .T. ) ;
#1179 = ORIENTED_EDGE ( 'NONE', *, *, #52, .F. ) ;
#1180 = DIRECTION ( 'NONE',  ( 0.8660254037844380415, -0.5000000000000009992, 0.0000000000000000000 ) ) ;
#1181 = CIRCLE ( 'NONE', #3606, 0.2999999999999999334 ) ;
#1182 = DIRECTION ( 'NONE',  ( 0.0000000000000000000, 0.0000000000000000000, 1.000000000000000000 ) ) ;
#1183 = ORIENTED_EDGE ( 'NONE', *, *, #1568, .F. ) ;
#1184 = CARTESIAN_POINT ( 'NONE',  ( 8.958155914341494608, 6.384612859941898755, 5.465433459296769492 ) ) ;
#1185 = CARTESIAN_POINT ( 'NONE',  ( 7.500000000000000000, 6.250000000000031086, 2.750000000000000000 ) ) ;
#1186 = UNCERTAINTY_MEASURE_WITH_UNIT (LENGTH_MEASURE( 1.000000000000000082E-05 ), #1343, 'distance_accuracy_value', 'NONE');
#1187 = CIRCLE ( 'NONE', #2222, 1.613267899285889984 ) ;
#1188 = ORIENTED_EDGE ( 'NONE', *, *, #1159, .T. ) ;
#1189 = CARTESIAN_POINT ( 'NONE',  ( 0.0000000000000000000, 7.150000000000000355, 6.500000000000009770 ) ) ;
#1190 = FACE_OUTER_BOUND ( 'NONE', #3103, .T. ) ;
#1191 = STYLED_ITEM ( 'NONE', ( #3389 ), #2609 ) ;
#1192 = ADVANCED_FACE ( 'NONE', ( #547 ), #904, .T. ) ;
#1193 = CARTESIAN_POINT ( 'NONE',  ( 3.924099116621577288, 6.782835288287568432, 5.313097438219579693 ) ) ;
#1194 =( NAMED_UNIT ( * ) SI_UNIT ( $, .STERADIAN. ) SOLID_ANGLE_UNIT ( ) );
#1195 =( NAMED_UNIT ( * ) SI_UNIT ( $, .STERADIAN. ) SOLID_ANGLE_UNIT ( ) );
#1196 = ADVANCED_FACE ( 'NONE', ( #4186 ), #3796, .T. ) ;
#1197 = FACE_OUTER_BOUND ( 'NONE', #3963, .T. ) ;
#1198 = FACE_OUTER_BOUND ( 'NONE', #1717, .T. ) ;
#1199 = CARTESIAN_POINT ( 'NONE',  ( 1.023878904968621217, 6.379292657753641294, 5.607444991929425804 ) ) ;
#1200 = EDGE_CURVE ( 'NONE', #296, #1488, #522, .T. ) ;
#1201 = EDGE_LOOP ( 'NONE', ( #445, #4025, #3245, #28, #2638, #3584 ) ) ;
#1202 = LINE ( 'NONE', #2528, #152 ) ;
#1203 = DIRECTION ( 'NONE',  ( -5.152643988049929844E-16, 0.0000000000000000000, -1.000000000000000000 ) ) ;
#1204 = EDGE_LOOP ( 'NONE', ( #3891, #3700, #2004, #4254 ) ) ;
#1205 = LINE ( 'NONE', #4106, #4221 ) ;
#1206 = ADVANCED_FACE ( 'NONE', ( #1517 ), #3163, .T. ) ;
#1207 = PRODUCT_RELATED_PRODUCT_CATEGORY ( 'part', '', ( #119 ) ) ;
#1208 = EDGE_LOOP ( 'NONE', ( #2296, #560, #955, #3222, #1977, #952, #2795 ) ) ;
#1209 = PLANE ( 'NONE',  #2594 ) ;
#1210 = LINE ( 'NONE', #4205, #2556 ) ;
#1211 = CIRCLE ( 'NONE', #1773, 1.413776159319739989 ) ;
#1212 = CARTESIAN_POINT ( 'NONE',  ( 0.0000000000000000000, 0.0000000000000000000, -2.576321994024960090E-15 ) ) ;
#1213 = DIRECTION ( 'NONE',  ( 0.0000000000000000000, 0.0000000000000000000, -1.000000000000000000 ) ) ;
#1214 = FACE_OUTER_BOUND ( 'NONE', #3057, .T. ) ;
#1215 = MECHANICAL_DESIGN_GEOMETRIC_PRESENTATION_REPRESENTATION (  '', ( #3918 ), #3633 ) ;
#1216 = DIRECTION ( 'NONE',  ( 0.0000000000000000000, 1.000000000000000000, 0.0000000000000000000 ) ) ;
#1217 = VERTEX_POINT ( 'NONE', #877 ) ;
#1218 = VECTOR ( 'NONE', #674, 1000.000000000000000 ) ;
#1219 =( NAMED_UNIT ( * ) SI_UNIT ( $, .STERADIAN. ) SOLID_ANGLE_UNIT ( ) );
#1220 = DIRECTION ( 'NONE',  ( -0.3713906763541040545, -0.9284766908852591927, 0.0000000000000000000 ) ) ;
#1221 = EDGE_CURVE ( 'NONE', #3076, #4075, #2773, .T. ) ;
#1222 = DIRECTION ( 'NONE',  ( 0.0000000000000000000, -1.000000000000000000, 0.0000000000000000000 ) ) ;
#1223 = VERTEX_POINT ( 'NONE', #2814 ) ;
#1224 = ORIENTED_EDGE ( 'NONE', *, *, #1262, .F. ) ;
#1225 = CARTESIAN_POINT ( 'NONE',  ( 5.937107388568777289, 4.650000000000010125, 9.314249409997573892 ) ) ;
#1226 = EDGE_LOOP ( 'NONE', ( #287, #1183, #2399, #2640 ) ) ;
#1227 = CARTESIAN_POINT ( 'NONE',  ( 0.0000000000000000000, 7.150000000000000355, 6.500000000000009770 ) ) ;
#1228 = VECTOR ( 'NONE', #2847, 1000.000000000000000 ) ;
#1229 = AXIS2_PLACEMENT_3D ( 'NONE', #625, #1316, #2256 ) ;
#1230 = DIRECTION ( 'NONE',  ( 2.232180943352509796E-16, -1.000000000000000000, 0.0000000000000000000 ) ) ;
#1231 = DIRECTION ( 'NONE',  ( -1.000000000000000000, 0.0000000000000000000, 0.0000000000000000000 ) ) ;
#1232 = COLOUR_RGB ( '',0.2862745098039215508, 0.6431372549019607199, 0.8666666666666666963 ) ;
#1233 = CARTESIAN_POINT ( 'NONE',  ( 2.500000000000000000, 4.250000000000009770, 9.500000000000010658 ) ) ;
#1234 =( GEOMETRIC_REPRESENTATION_CONTEXT ( 3 ) GLOBAL_UNCERTAINTY_ASSIGNED_CONTEXT ( ( #2107 ) ) GLOBAL_UNIT_ASSIGNED_CONTEXT ( ( #744, #1426, #3692 ) ) REPRESENTATION_CONTEXT ( 'NONE', 'WORKASPACE' ) );
#1235 = EDGE_LOOP ( 'NONE', ( #3316, #3032, #793, #1729 ) ) ;
#1236 = STYLED_ITEM ( 'NONE', ( #86 ), #709 ) ;
#1237 = DIRECTION ( 'NONE',  ( 0.0000000000000000000, 1.000000000000000000, 0.0000000000000000000 ) ) ;
#1238 = DIRECTION ( 'NONE',  ( 0.0000000000000000000, -1.000000000000000000, 0.0000000000000000000 ) ) ;
#1239 = FILL_AREA_STYLE_COLOUR ( '', #828 ) ;
#1240 = COLOUR_RGB ( '',0.2862745098039215508, 0.6431372549019607199, 0.8666666666666666963 ) ;
#1241 = CARTESIAN_POINT ( 'NONE',  ( 10.00000000000000000, 0.1499999999999999944, 6.388051065821461094 ) ) ;
#1242 = MECHANICAL_DESIGN_GEOMETRIC_PRESENTATION_REPRESENTATION (  '', ( #2696 ), #1026 ) ;
#1243 = ORIENTED_EDGE ( 'NONE', *, *, #488, .F. ) ;
#1244 = AXIS2_PLACEMENT_3D ( 'NONE', #2775, #3009, #3031 ) ;
#1245 = EDGE_CURVE ( 'NONE', #2078, #72, #3676, .T. ) ;
#1246 = PLANE ( 'NONE',  #1360 ) ;
#1247 = CARTESIAN_POINT ( 'NONE',  ( 8.856009966283759027, 3.850000000000010303, 9.500000000000000000 ) ) ;
#1248 = ORIENTED_EDGE ( 'NONE', *, *, #2089, .T. ) ;
#1249 = DIRECTION ( 'NONE',  ( 1.000000000000000000, 0.0000000000000000000, 0.0000000000000000000 ) ) ;
#1250 = AXIS2_PLACEMENT_3D ( 'NONE', #1233, #2506, #2561 ) ;
#1251 = PRODUCT_DEFINITION_SHAPE ( 'NONE', 'NONE',  #1666 ) ;
#1252 = EDGE_CURVE ( 'NONE', #2286, #3065, #3041, .T. ) ;
#1253 = EDGE_LOOP ( 'NONE', ( #429, #4222, #1503, #4289 ) ) ;
#1254 = VECTOR ( 'NONE', #2908, 1000.000000000000000 ) ;
#1255 = CARTESIAN_POINT ( 'NONE',  ( 2.500000000000000000, 4.250000000000009770, 9.314249409997589879 ) ) ;
#1256 = EDGE_LOOP ( 'NONE', ( #1681, #4262, #637, #3979, #3479, #2322, #1381, #1284 ) ) ;
#1257 = CARTESIAN_POINT ( 'NONE',  ( 2.500000000000000000, 5.850000000000009415, 8.100000000000010303 ) ) ;
#1258 = CARTESIAN_POINT ( 'NONE',  ( 8.924099116621579952, 6.560463200155851382, 5.313097438219569923 ) ) ;
#1259 = CIRCLE ( 'NONE', #619, 1.749999999999989786 ) ;
#1260 = ORIENTED_EDGE ( 'NONE', *, *, #2157, .T. ) ;
#1261 = EDGE_CURVE ( 'NONE', #2466, #3674, #1496, .T. ) ;
#1262 = EDGE_CURVE ( 'NONE', #1478, #2512, #2229, .T. ) ;
#1263 = VERTEX_POINT ( 'NONE', #1876 ) ;
#1264 = VECTOR ( 'NONE', #3204, 1000.000000000000000 ) ;
#1265 = CARTESIAN_POINT ( 'NONE',  ( 7.500000000000000000, 4.250000000000009770, 8.800000000000000711 ) ) ;
#1266 = DIRECTION ( 'NONE',  ( 0.0000000000000000000, -1.000000000000000000, 0.0000000000000000000 ) ) ;
#1267 = CARTESIAN_POINT ( 'NONE',  ( 8.856009966283759027, 3.850000000000010303, 9.500000000000000000 ) ) ;
#1268 = PRESENTATION_LAYER_ASSIGNMENT (  '', '', ( #1191 ) ) ;
#1269 = VERTEX_POINT ( 'NONE', #2189 ) ;
#1270 = CARTESIAN_POINT ( 'NONE',  ( 3.856009966283758583, 4.650000000000010125, 9.500000000000010658 ) ) ;
#1271 = CARTESIAN_POINT ( 'NONE',  ( 0.9255929274512501026, 4.650000000000010125, 9.158054070483659714 ) ) ;
#1272 =( BOUNDED_CURVE ( )  B_SPLINE_CURVE ( 3, ( #2839, #501, #3489, #839 ),
 .UNSPECIFIED., .F., .T. ) 
 B_SPLINE_CURVE_WITH_KNOTS ( ( 4, 4 ),
 ( 4.758910074651783617, 4.782202150464453183 ),
 .UNSPECIFIED. ) 
 CURVE ( )  GEOMETRIC_REPRESENTATION_ITEM ( )  RATIONAL_B_SPLINE_CURVE ( ( 1.000000000000000000, 0.9999547904446798308, 0.9999547904446798308, 1.000000000000000000 ) ) 
 REPRESENTATION_ITEM ( '' )  );
#1273 = DIRECTION ( 'NONE',  ( -1.000000000000000000, 0.0000000000000000000, 3.641714079092569968E-16 ) ) ;
#1274 = ORIENTED_EDGE ( 'NONE', *, *, #866, .F. ) ;
#1275 =( NAMED_UNIT ( * ) PLANE_ANGLE_UNIT ( ) SI_UNIT ( $, .RADIAN. ) );
#1276 = CARTESIAN_POINT ( 'NONE',  ( 15.00000000000000000, 7.750000000000000000, 0.4500000000000000666 ) ) ;
#1277 = ORIENTED_EDGE ( 'NONE', *, *, #248, .F. ) ;
#1278 = ORIENTED_EDGE ( 'NONE', *, *, #3785, .F. ) ;
#1279 = PRESENTATION_STYLE_ASSIGNMENT (( #2304 ) ) ;
#1280 = ORIENTED_EDGE ( 'NONE', *, *, #1252, .T. ) ;
#1281 = LINE ( 'NONE', #6, #528 ) ;
#1282 = EDGE_CURVE ( 'NONE', #2112, #1456, #1272, .T. ) ;
#1283 = CARTESIAN_POINT ( 'NONE',  ( 8.871701747922880799, 6.620978138265459556, 5.127902589497660202 ) ) ;
#1284 = ORIENTED_EDGE ( 'NONE', *, *, #730, .T. ) ;
#1285 = FACE_OUTER_BOUND ( 'NONE', #3764, .T. ) ;
#1286 = DIRECTION ( 'NONE',  ( 0.0000000000000000000, 0.3713906763541028888, -0.9284766908852596368 ) ) ;
#1287 = EDGE_CURVE ( 'NONE', #2837, #2275, #2796, .T. ) ;
#1288 = CARTESIAN_POINT ( 'NONE',  ( 6.143990033716241861, 4.650000000000010125, 9.500000000000000000 ) ) ;
#1289 = ORIENTED_EDGE ( 'NONE', *, *, #4088, .T. ) ;
#1290 =( NAMED_UNIT ( * ) PLANE_ANGLE_UNIT ( ) SI_UNIT ( $, .RADIAN. ) );
#1291 = VECTOR ( 'NONE', #514, 1000.000000000000114 ) ;
#1292 = SURFACE_STYLE_FILL_AREA ( #3646 ) ;
#1293 = FACE_OUTER_BOUND ( 'NONE', #363, .T. ) ;
#1294 = VERTEX_POINT ( 'NONE', #2539 ) ;
#1295 = DIRECTION ( 'NONE',  ( 0.0000000000000000000, 0.1736481776669300259, -0.9848077530122081313 ) ) ;
#1296 =( NAMED_UNIT ( * ) PLANE_ANGLE_UNIT ( ) SI_UNIT ( $, .RADIAN. ) );
#1297 = ORIENTED_EDGE ( 'NONE', *, *, #4273, .T. ) ;
#1298 = B_SPLINE_CURVE_WITH_KNOTS ( 'NONE', 3,
 ( #3051, #48, #1425, #2362 ),
 .UNSPECIFIED., .F., .F.,
 ( 4, 4 ),
 ( 1.710293213781126632E-13, 0.0001440939132139209644 ),
 .UNSPECIFIED. ) ;
#1299 = ORIENTED_EDGE ( 'NONE', *, *, #3056, .T. ) ;
#1300 = CARTESIAN_POINT ( 'NONE',  ( 7.500000000000000000, 4.250000000000009770, 9.500000000000000000 ) ) ;
#1301 = ORIENTED_EDGE ( 'NONE', *, *, #3201, .F. ) ;
#1302 = VECTOR ( 'NONE', #3491, 1000.000000000000000 ) ;
#1303 = CARTESIAN_POINT ( 'NONE',  ( 6.041844085658512498, 6.384612859941942276, 5.465433459296741958 ) ) ;
#1304 = EDGE_LOOP ( 'NONE', ( #110, #1094, #761, #512 ) ) ;
#1305 = ORIENTED_EDGE ( 'NONE', *, *, #3695, .F. ) ;
#1306 = ADVANCED_FACE ( 'NONE', ( #149 ), #4131, .T. ) ;
#1307 = PLANE ( 'NONE',  #1779 ) ;
#1308 = FACE_OUTER_BOUND ( 'NONE', #1640, .T. ) ;
#1309 = CARTESIAN_POINT ( 'NONE',  ( 0.2500000000000000000, 7.750000000000000000, 5.900000000000000355 ) ) ;
#1310 = CARTESIAN_POINT ( 'NONE',  ( 6.446052745852149712, 6.900000000000019895, 4.004821471746000228 ) ) ;
#1311 = CIRCLE ( 'NONE', #3727, 1.613267899285889984 ) ;
#1312 = VERTEX_POINT ( 'NONE', #3637 ) ;
#1313 = ADVANCED_FACE ( 'NONE', ( #652 ), #4100, .T. ) ;
#1314 = DIRECTION ( 'NONE',  ( 0.0000000000000000000, 0.0000000000000000000, 1.000000000000000000 ) ) ;
#1315 = CARTESIAN_POINT ( 'NONE',  ( 2.500000000000000000, -3.950000000000000178, 2.649999999999990141 ) ) ;
#1316 = DIRECTION ( 'NONE',  ( -1.000000000000000000, 0.0000000000000000000, 5.152643988049929844E-16 ) ) ;
#1317 = STYLED_ITEM ( 'NONE', ( #2364 ), #2439 ) ;
#1318 = VERTEX_POINT ( 'NONE', #3594 ) ;
#1319 = DIRECTION ( 'NONE',  ( -1.000000000000000000, 0.0000000000000000000, 0.0000000000000000000 ) ) ;
#1320 = VECTOR ( 'NONE', #1830, 1000.000000000000000 ) ;
#1321 = VERTEX_POINT ( 'NONE', #3330 ) ;
#1322 = VECTOR ( 'NONE', #1363, 1000.000000000000000 ) ;
#1323 = ORIENTED_EDGE ( 'NONE', *, *, #2595, .F. ) ;
#1324 = VECTOR ( 'NONE', #2871, 1000.000000000000000 ) ;
#1325 = ORIENTED_EDGE ( 'NONE', *, *, #2501, .F. ) ;
#1326 = VECTOR ( 'NONE', #3533, 1000.000000000000000 ) ;
#1327 =( LENGTH_UNIT ( ) NAMED_UNIT ( * ) SI_UNIT ( .MILLI., .METRE. ) );
#1328 = CARTESIAN_POINT ( 'NONE',  ( 6.128298252077120090, 6.620978138265459556, 5.127902589497660202 ) ) ;
#1329 = DIRECTION ( 'NONE',  ( 0.0000000000000000000, 0.9284766908852596368, 0.3713906763541028888 ) ) ;
#1330 = CIRCLE ( 'NONE', #2845, 0.2000000000000005107 ) ;
#1331 = CARTESIAN_POINT ( 'NONE',  ( 7.500000000000000000, -4.450000000000000178, 2.649999999999999911 ) ) ;
#1332 = ADVANCED_FACE ( 'NONE', ( #617 ), #3975, .F. ) ;
#1333 = ORIENTED_EDGE ( 'NONE', *, *, #102, .T. ) ;
#1334 = VECTOR ( 'NONE', #2524, 1000.000000000000000 ) ;
#1335 = DIRECTION ( 'NONE',  ( 0.0000000000000000000, 0.0000000000000000000, 1.000000000000000000 ) ) ;
#1336 = CYLINDRICAL_SURFACE ( 'NONE', #1958, 0.4999999999999995559 ) ;
#1337 = LINE ( 'NONE', #2650, #1015 ) ;
#1338 = CARTESIAN_POINT ( 'NONE',  ( 4.068650814749700473, 4.650000000000010125, 9.236151811974451675 ) ) ;
#1339 = EDGE_CURVE ( 'NONE', #1535, #2659, #1586, .T. ) ;
#1340 = ORIENTED_EDGE ( 'NONE', *, *, #1659, .F. ) ;
#1341 = VERTEX_POINT ( 'NONE', #303 ) ;
#1342 = DIRECTION ( 'NONE',  ( 0.0000000000000000000, 0.0000000000000000000, 1.000000000000000000 ) ) ;
#1343 =( LENGTH_UNIT ( ) NAMED_UNIT ( * ) SI_UNIT ( .MILLI., .METRE. ) );
#1344 = ORIENTED_EDGE ( 'NONE', *, *, #1053, .F. ) ;
#1345 = LINE ( 'NONE', #2331, #1518 ) ;
#1346 = EDGE_CURVE ( 'NONE', #2655, #1488, #2966, .T. ) ;
#1347 = VERTEX_POINT ( 'NONE', #1935 ) ;
#1348 = VERTEX_POINT ( 'NONE', #2335 ) ;
#1349 = CARTESIAN_POINT ( 'NONE',  ( 2.500000000000000000, -3.950000000000000178, 2.649999999999990141 ) ) ;
#1350 = CARTESIAN_POINT ( 'NONE',  ( 1.038569758003610399, 6.340207273974521662, 5.485199103683306987 ) ) ;
#1351 = ORIENTED_EDGE ( 'NONE', *, *, #4011, .T. ) ;
#1352 = LINE ( 'NONE', #967, #622 ) ;
#1353 = CARTESIAN_POINT ( 'NONE',  ( 4.500000000000000888, 6.900000000000019895, 4.004821471746000228 ) ) ;
#1354 = CARTESIAN_POINT ( 'NONE',  ( 3.875649002070729932, 6.820490948317419644, 5.141853884246489592 ) ) ;
#1355 = ORIENTED_EDGE ( 'NONE', *, *, #866, .T. ) ;
#1356 = VECTOR ( 'NONE', #146, 1000.000000000000000 ) ;
#1357 = EDGE_CURVE ( 'NONE', #2565, #563, #4223, .T. ) ;
#1358 = FACE_OUTER_BOUND ( 'NONE', #2087, .T. ) ;
#1359 = EDGE_LOOP ( 'NONE', ( #917, #2801, #4267, #3625 ) ) ;
#1360 = AXIS2_PLACEMENT_3D ( 'NONE', #1276, #1575, #3562 ) ;
#1361 = FILL_AREA_STYLE ('',( #24 ) ) ;
#1362 = EDGE_LOOP ( 'NONE', ( #2945, #3591, #1763, #1351 ) ) ;
#1363 = DIRECTION ( 'NONE',  ( 0.0000000000000000000, 1.000000000000000000, 0.0000000000000000000 ) ) ;
#1364 = ORIENTED_EDGE ( 'NONE', *, *, #216, .T. ) ;
#1365 = EDGE_CURVE ( 'NONE', #1488, #2161, #2600, .T. ) ;
#1366 = CARTESIAN_POINT ( 'NONE',  ( 0.4500000000000000666, 2.200000000000000178, 5.800000000000009592 ) ) ;
#1367 = DIRECTION ( 'NONE',  ( 1.000000000000000000, 2.232180943352509796E-16, 0.0000000000000000000 ) ) ;
#1368 = DIRECTION ( 'NONE',  ( 0.0000000000000000000, -1.000000000000000000, 0.0000000000000000000 ) ) ;
#1369 = DIRECTION ( 'NONE',  ( 0.0000000000000000000, 0.0000000000000000000, 1.000000000000000000 ) ) ;
#1370 = CARTESIAN_POINT ( 'NONE',  ( 7.500000000000000000, 9.550000000000029132, 2.750000000000000000 ) ) ;
#1371 =( NAMED_UNIT ( * ) SI_UNIT ( $, .STERADIAN. ) SOLID_ANGLE_UNIT ( ) );
#1372 = CARTESIAN_POINT ( 'NONE',  ( 4.200000000000000178, 3.850000000000010303, 8.800000000000009592 ) ) ;
#1373 = VERTEX_POINT ( 'NONE', #283 ) ;
#1374 = CARTESIAN_POINT ( 'NONE',  ( 3.970979442870279819, 6.380815304788059805, 5.542356440406280171 ) ) ;
#1375 = AXIS2_PLACEMENT_3D ( 'NONE', #3976, #1286, #1329 ) ;
#1376 = VERTEX_POINT ( 'NONE', #3572 ) ;
#1377 = EDGE_CURVE ( 'NONE', #3853, #3189, #959, .T. ) ;
#1378 = AXIS2_PLACEMENT_3D ( 'NONE', #1743, #2092, #75 ) ;
#1379 = SURFACE_STYLE_FILL_AREA ( #1361 ) ;
#1380 = CARTESIAN_POINT ( 'NONE',  ( 8.970979442870280707, 6.380815304788059805, 5.542356440406270401 ) ) ;
#1381 = ORIENTED_EDGE ( 'NONE', *, *, #3424, .F. ) ;
#1382 = LINE ( 'NONE', #2104, #3246 ) ;
#1383 = AXIS2_PLACEMENT_3D ( 'NONE', #3821, #808, #835 ) ;
#1384 = LINE ( 'NONE', #3111, #181 ) ;
#1385 = AXIS2_PLACEMENT_3D ( 'NONE', #2005, #1940, #3254 ) ;
#1386 = EDGE_CURVE ( 'NONE', #3434, #1263, #1862, .T. ) ;
#1387 = AXIS2_PLACEMENT_3D ( 'NONE', #4000, #1007, #2029 ) ;
#1388 = FACE_OUTER_BOUND ( 'NONE', #2287, .T. ) ;
#1389 = CARTESIAN_POINT ( 'NONE',  ( 1.449999999999999956, 6.301461569844129862, 3.962967587499530264 ) ) ;
#1390 = VECTOR ( 'NONE', #2058, 1000.000000000000000 ) ;
#1391 = ADVANCED_FACE ( 'NONE', ( #3903 ), #2269, .T. ) ;
#1392 = VERTEX_POINT ( 'NONE', #3247 ) ;
#1393 =( NAMED_UNIT ( * ) PLANE_ANGLE_UNIT ( ) SI_UNIT ( $, .RADIAN. ) );
#1394 = MECHANICAL_DESIGN_GEOMETRIC_PRESENTATION_REPRESENTATION (  '', ( #337 ), #1470 ) ;
#1395 = CARTESIAN_POINT ( 'NONE',  ( 4.100781059358210356, 3.850000000000010303, 8.800000000000009592 ) ) ;
#1396 =( NAMED_UNIT ( * ) PLANE_ANGLE_UNIT ( ) SI_UNIT ( $, .RADIAN. ) );
#1397 = CARTESIAN_POINT ( 'NONE',  ( 2.500000000000000000, 4.250000000000009770, 9.300000000000009592 ) ) ;
#1398 = VECTOR ( 'NONE', #3959, 1000.000000000000000 ) ;
#1399 = ORIENTED_EDGE ( 'NONE', *, *, #2965, .F. ) ;
#1400 = CARTESIAN_POINT ( 'NONE',  ( 5.994234246268270283, 6.250000000000079936, 5.651381332702859694 ) ) ;
#1401 = AXIS2_PLACEMENT_3D ( 'NONE', #1153, #3812, #3108 ) ;
#1402 = DIRECTION ( 'NONE',  ( 0.0000000000000000000, 0.0000000000000000000, -1.000000000000000000 ) ) ;
#1403 = CARTESIAN_POINT ( 'NONE',  ( 6.023102587141514697, 6.379062759268561145, 5.679065083714141871 ) ) ;
#1404 = CARTESIAN_POINT ( 'NONE',  ( 30.00000000000000000, 7.750000000000000000, 0.4499999999999880207 ) ) ;
#1405 =( NAMED_UNIT ( * ) PLANE_ANGLE_UNIT ( ) SI_UNIT ( $, .RADIAN. ) );
#1406 =( BOUNDED_SURFACE ( )  B_SPLINE_SURFACE ( 3, 2, ( 
 ( #21, #3262, #2352 ),
 ( #689, #2042, #995 ),
 ( #3678, #664, #1374 ),
 ( #2013, #644, #294 ) ),
 .UNSPECIFIED., .F., .F., .F. ) 
 B_SPLINE_SURFACE_WITH_KNOTS ( ( 4, 4 ),
 ( 3, 3 ),
 ( 0.0000000000000000000, 1.000000000000000000 ),
 ( 0.0000000000000000000, 1.000000000000000000 ),
 .UNSPECIFIED. ) 
 GEOMETRIC_REPRESENTATION_ITEM ( )  RATIONAL_B_SPLINE_SURFACE ( (
 ( 1.000000000000000000, 0.7864262290810449807, 1.000000000000000000),
 ( 1.000000000000000000, 0.7864475206358839676, 1.000000000000000000),
 ( 1.000000000000000000, 0.7861047044588309607, 1.000000000000000000),
 ( 1.000000000000000000, 0.7854013101412880005, 1.000000000000000000) ) ) 
 REPRESENTATION_ITEM ( '' )  SURFACE ( )  );
#1407 = CARTESIAN_POINT ( 'NONE',  ( 3.549999999999999822, 5.950000000000040146, 3.494824785299559977 ) ) ;
#1408 = LINE ( 'NONE', #313, #1885 ) ;
#1409 = ORIENTED_EDGE ( 'NONE', *, *, #3055, .F. ) ;
#1410 = ADVANCED_FACE ( 'NONE', ( #1285 ), #1307, .T. ) ;
#1411 = CARTESIAN_POINT ( 'NONE',  ( 0.0000000000000000000, 1.990236984239069917, 9.999999999999989342 ) ) ;
#1412 = FACE_OUTER_BOUND ( 'NONE', #2454, .T. ) ;
#1413 = LINE ( 'NONE', #1480, #2672 ) ;
#1414 = LINE ( 'NONE', #1353, #3376 ) ;
#1415 = CARTESIAN_POINT ( 'NONE',  ( 3.856060606060600193, -1.265151515151490047, 2.293939393939409932 ) ) ;
#1416 = EDGE_LOOP ( 'NONE', ( #254, #481, #800, #1927 ) ) ;
#1417 = CARTESIAN_POINT ( 'NONE',  ( 15.00000000000000000, 6.650000000000000355, 10.00000000000000000 ) ) ;
#1418 = EDGE_LOOP ( 'NONE', ( #1959, #4093, #207, #850 ) ) ;
#1419 = VECTOR ( 'NONE', #2224, 1000.000000000000000 ) ;
#1420 = ORIENTED_EDGE ( 'NONE', *, *, #2862, .F. ) ;
#1421 = CARTESIAN_POINT ( 'NONE',  ( 8.976961065803179096, 6.143414106835629163, 5.701458542790279971 ) ) ;
#1422 = CARTESIAN_POINT ( 'NONE',  ( 0.5500000000000100364, 0.6224573519455459669, -7.728965982074889342E-15 ) ) ;
#1423 = SURFACE_STYLE_USAGE ( .BOTH. , #2086 ) ;
#1424 = ORIENTED_EDGE ( 'NONE', *, *, #3797, .F. ) ;
#1425 = CARTESIAN_POINT ( 'NONE',  ( 8.972678822245113039, 6.293409039679417560, 5.495964165887122554 ) ) ;
#1426 =( NAMED_UNIT ( * ) PLANE_ANGLE_UNIT ( ) SI_UNIT ( $, .RADIAN. ) );
#1427 = PLANE ( 'NONE',  #1805 ) ;
#1428 = EDGE_CURVE ( 'NONE', #8, #2812, #1710, .T. ) ;
#1429 = EDGE_LOOP ( 'NONE', ( #3325, #3464, #1746, #853, #3270, #2912 ) ) ;
#1430 = AXIS2_PLACEMENT_3D ( 'NONE', #1265, #2582, #3884 ) ;
#1431 = PLANE ( 'NONE',  #1529 ) ;
#1432 = LINE ( 'NONE', #1147, #2397 ) ;
#1433 = FILL_AREA_STYLE ('',( #3036 ) ) ;
#1434 = DIRECTION ( 'NONE',  ( 0.0000000000000000000, 1.000000000000000000, 0.0000000000000000000 ) ) ;
#1435 = CARTESIAN_POINT ( 'NONE',  ( 3.907389140044482012, 3.850000000000010303, 9.500000000000042633 ) ) ;
#1436 = B_SPLINE_CURVE_WITH_KNOTS ( 'NONE', 3,
 ( #433, #3116, #2750, #127, #2068, #1782 ),
 .UNSPECIFIED., .F., .F.,
 ( 4, 2, 4 ),
 ( 0.0000000000000000000, 0.5443967235616410383, 1.000000000000000000 ),
 .UNSPECIFIED. ) ;
#1437 = CARTESIAN_POINT ( 'NONE',  ( 7.500000000000000000, 6.000000000000000000, 8.000000000000000000 ) ) ;
#1438 = DIRECTION ( 'NONE',  ( 1.000000000000000000, 0.0000000000000000000, -5.152643988049929844E-16 ) ) ;
#1439 = FACE_BOUND ( 'NONE', #3642, .T. ) ;
#1440 = VERTEX_POINT ( 'NONE', #1070 ) ;
#1441 = DIRECTION ( 'NONE',  ( 0.0000000000000000000, 0.0000000000000000000, -1.000000000000000000 ) ) ;
#1442 = B_SPLINE_CURVE_WITH_KNOTS ( 'NONE', 3,
 ( #1105, #2463, #1400, #3780, #794, #3719, #2133, #1484 ),
 .UNSPECIFIED., .F., .F.,
 ( 4, 2, 2, 4 ),
 ( 0.0000000000000000000, 0.3582783410808659808, 0.7198210597566799818, 1.000000000000000000 ),
 .UNSPECIFIED. ) ;
#1443 =( NAMED_UNIT ( * ) PLANE_ANGLE_UNIT ( ) SI_UNIT ( $, .RADIAN. ) );
#1444 = VERTEX_POINT ( 'NONE', #2725 ) ;
#1445 = CARTESIAN_POINT ( 'NONE',  ( 7.500000000000000000, 4.250000000000009770, 9.314249409997579221 ) ) ;
#1446 = FACE_OUTER_BOUND ( 'NONE', #2889, .T. ) ;
#1447 =( GEOMETRIC_REPRESENTATION_CONTEXT ( 3 ) GLOBAL_UNCERTAINTY_ASSIGNED_CONTEXT ( ( #1137 ) ) GLOBAL_UNIT_ASSIGNED_CONTEXT ( ( #258, #1005, #1981 ) ) REPRESENTATION_CONTEXT ( 'NONE', 'WORKASPACE' ) );
#1448 = UNCERTAINTY_MEASURE_WITH_UNIT (LENGTH_MEASURE( 1.000000000000000082E-05 ), #1541, 'distance_accuracy_value', 'NONE');
#1449 = EDGE_LOOP ( 'NONE', ( #158, #2251 ) ) ;
#1450 = LINE ( 'NONE', #364, #440 ) ;
#1451 = AXIS2_PLACEMENT_3D ( 'NONE', #1583, #1561, #2877 ) ;
#1452 = PRESENTATION_STYLE_ASSIGNMENT (( #3753 ) ) ;
#1453 = MECHANICAL_DESIGN_GEOMETRIC_PRESENTATION_REPRESENTATION (  '', ( #2146 ), #3949 ) ;
#1454 = DIRECTION ( 'NONE',  ( 0.0000000000000000000, -3.675221047034999628E-15, 1.000000000000000000 ) ) ;
#1455 = VECTOR ( 'NONE', #2037, 1000.000000000000000 ) ;
#1456 = VERTEX_POINT ( 'NONE', #3072 ) ;
#1457 = AXIS2_PLACEMENT_3D ( 'NONE', #1004, #3617, #2581 ) ;
#1458 = DIRECTION ( 'NONE',  ( -1.000000000000000000, 0.0000000000000000000, 4.231032868236119855E-16 ) ) ;
#1459 = FACE_OUTER_BOUND ( 'NONE', #1855, .T. ) ;
#1460 = CARTESIAN_POINT ( 'NONE',  ( 3.549999999999999822, 6.900812423267500328, 3.990870176997180607 ) ) ;
#1461 = PLANE ( 'NONE',  #810 ) ;
#1462 = DIRECTION ( 'NONE',  ( -1.000000000000000000, 0.0000000000000000000, -3.641714079092569968E-16 ) ) ;
#1463 = ORIENTED_EDGE ( 'NONE', *, *, #339, .T. ) ;
#1464 = AXIS2_PLACEMENT_3D ( 'NONE', #1902, #1238, #3126 ) ;
#1465 = PRESENTATION_STYLE_ASSIGNMENT (( #82 ) ) ;
#1466 = EDGE_CURVE ( 'NONE', #2409, #3240, #3029, .T. ) ;
#1467 = CARTESIAN_POINT ( 'NONE',  ( 1.023102752130519599, 6.379062758812164446, 5.679065084668997621 ) ) ;
#1468 = VECTOR ( 'NONE', #3212, 1000.000000000000000 ) ;
#1469 = VERTEX_POINT ( 'NONE', #3095 ) ;
#1470 =( GEOMETRIC_REPRESENTATION_CONTEXT ( 3 ) GLOBAL_UNCERTAINTY_ASSIGNED_CONTEXT ( ( #1716 ) ) GLOBAL_UNIT_ASSIGNED_CONTEXT ( ( #1526, #1843, #3861 ) ) REPRESENTATION_CONTEXT ( 'NONE', 'WORKASPACE' ) );
#1471 = CARTESIAN_POINT ( 'NONE',  ( 8.994607792362440790, 6.250000000000405898, 5.499015461809749539 ) ) ;
#1472 = ORIENTED_EDGE ( 'NONE', *, *, #3471, .T. ) ;
#1473 = CARTESIAN_POINT ( 'NONE',  ( 1.022973818583432060, 6.335261413133732589, 5.690949137293267235 ) ) ;
#1474 = CARTESIAN_POINT ( 'NONE',  ( 6.450000000000000178, -1.462314593354880232, 3.990870176997169949 ) ) ;
#1475 = ORIENTED_EDGE ( 'NONE', *, *, #3609, .T. ) ;
#1476 = CARTESIAN_POINT ( 'NONE',  ( 0.0000000000000000000, 0.9399999999999999467, 6.200000000000001066 ) ) ;
#1477 = FILL_AREA_STYLE ('',( #1092 ) ) ;
#1478 = VERTEX_POINT ( 'NONE', #1028 ) ;
#1479 = CARTESIAN_POINT ( 'NONE',  ( -0.5000000000000000000, 5.950000000000040146, 3.494824785299559977 ) ) ;
#1480 = CARTESIAN_POINT ( 'NONE',  ( 1.075900883378420048, -1.462314593354880232, 5.313097438219579693 ) ) ;
#1481 = CARTESIAN_POINT ( 'NONE',  ( 1.092610859955165825, 4.650000000000010125, 9.500000000000042633 ) ) ;
#1482 = DIRECTION ( 'NONE',  ( 0.0000000000000000000, -1.000000000000000000, 0.0000000000000000000 ) ) ;
#1483 = LINE ( 'NONE', #1415, #954 ) ;
#1484 = CARTESIAN_POINT ( 'NONE',  ( 6.005392207408168481, 6.250000000000030198, 5.499015461808848038 ) ) ;
#1485 = ORIENTED_EDGE ( 'NONE', *, *, #2923, .T. ) ;
#1486 = EDGE_CURVE ( 'NONE', #2659, #737, #2109, .T. ) ;
#1487 = CARTESIAN_POINT ( 'NONE',  ( 9.550000000000000711, 2.200000000000000178, 5.700000000000000178 ) ) ;
#1488 = VERTEX_POINT ( 'NONE', #106 ) ;
#1489 = CARTESIAN_POINT ( 'NONE',  ( 6.302467390493500687, 6.864512672020650186, 4.512313905521380342 ) ) ;
#1490 = UNCERTAINTY_MEASURE_WITH_UNIT (LENGTH_MEASURE( 1.000000000000000082E-05 ), #443, 'distance_accuracy_value', 'NONE');
#1491 = EDGE_CURVE ( 'NONE', #2423, #83, #1450, .T. ) ;
#1492 = ORIENTED_EDGE ( 'NONE', *, *, #3073, .F. ) ;
#1493 =( NAMED_UNIT ( * ) SI_UNIT ( $, .STERADIAN. ) SOLID_ANGLE_UNIT ( ) );
#1494 = CARTESIAN_POINT ( 'NONE',  ( 7.500000000000000000, 9.550000000000029132, 2.750000000000000000 ) ) ;
#1495 = EDGE_CURVE ( 'NONE', #690, #1469, #4111, .T. ) ;
#1496 = LINE ( 'NONE', #3140, #2149 ) ;
#1497 = SURFACE_STYLE_FILL_AREA ( #550 ) ;
#1498 = FACE_OUTER_BOUND ( 'NONE', #198, .T. ) ;
#1499 = ORIENTED_EDGE ( 'NONE', *, *, #710, .F. ) ;
#1500 = DIRECTION ( 'NONE',  ( -0.3481553119113940387, 0.8703882797784900927, -0.3481553119113949823 ) ) ;
#1501 = DIRECTION ( 'NONE',  ( -1.000000000000000000, 0.0000000000000000000, -3.641714079092569968E-16 ) ) ;
#1502 = CARTESIAN_POINT ( 'NONE',  ( -0.5000000000000000000, 6.620978138265459556, 5.127902589497670860 ) ) ;
#1503 = ORIENTED_EDGE ( 'NONE', *, *, #253, .T. ) ;
#1504 = DIRECTION ( 'NONE',  ( 1.717547996016639994E-16, 0.0000000000000000000, 1.000000000000000000 ) ) ;
#1505 = ORIENTED_EDGE ( 'NONE', *, *, #513, .F. ) ;
#1506 = FILL_AREA_STYLE_COLOUR ( '', #2212 ) ;
#1507 = CARTESIAN_POINT ( 'NONE',  ( 5.965707655754262539, 4.650000000000010125, 9.413932751394360920 ) ) ;
#1508 = EDGE_CURVE ( 'NONE', #4226, #2112, #3433, .T. ) ;
#1509 = ORIENTED_EDGE ( 'NONE', *, *, #791, .T. ) ;
#1510 = TOROIDAL_SURFACE ( 'NONE', #2617, 1.413776159319739989, 0.2000000000000000111 ) ;
#1511 = PLANE ( 'NONE',  #713 ) ;
#1512 = LINE ( 'NONE', #2145, #4155 ) ;
#1513 = EDGE_CURVE ( 'NONE', #237, #3340, #1298, .T. ) ;
#1514 = CARTESIAN_POINT ( 'NONE',  ( 1.109592952281647449, 6.616355096402057434, 5.194015168276952643 ) ) ;
#1515 = PRESENTATION_LAYER_ASSIGNMENT (  '', '', ( #455 ) ) ;
#1516 = MECHANICAL_DESIGN_GEOMETRIC_PRESENTATION_REPRESENTATION (  '', ( #603 ), #1875 ) ;
#1517 = FACE_OUTER_BOUND ( 'NONE', #4136, .T. ) ;
#1518 = VECTOR ( 'NONE', #1626, 1000.000000000000000 ) ;
#1519 = CARTESIAN_POINT ( 'NONE',  ( 1.143990033716241861, 4.650000000000010125, 9.500000000000010658 ) ) ;
#1520 = ADVANCED_FACE ( 'NONE', ( #1388 ), #2749, .T. ) ;
#1521 = ADVANCED_FACE ( 'NONE', ( #3820 ), #1209, .F. ) ;
#1522 = DIRECTION ( 'NONE',  ( 0.0000000000000000000, -1.000000000000000000, 0.0000000000000000000 ) ) ;
#1523 = VECTOR ( 'NONE', #336, 1000.000000000000000 ) ;
#1524 = VECTOR ( 'NONE', #2543, 1000.000000000000000 ) ;
#1525 = AXIS2_PLACEMENT_3D ( 'NONE', #3197, #991, #4200 ) ;
#1526 =( LENGTH_UNIT ( ) NAMED_UNIT ( * ) SI_UNIT ( .MILLI., .METRE. ) );
#1527 = CARTESIAN_POINT ( 'NONE',  ( 4.006141391221530235, 6.250000000000030198, 5.699344090454336431 ) ) ;
#1528 = ADVANCED_FACE ( 'NONE', ( #2535 ), #1511, .T. ) ;
#1529 = AXIS2_PLACEMENT_3D ( 'NONE', #2388, #2072, #1074 ) ;
#1530 = ORIENTED_EDGE ( 'NONE', *, *, #3040, .F. ) ;
#1531 = CARTESIAN_POINT ( 'NONE',  ( 10.00000000000000000, 6.733652732787760442, 9.738256522761860268 ) ) ;
#1532 = AXIS2_PLACEMENT_3D ( 'NONE', #4160, #1182, #2850 ) ;
#1533 = DIRECTION ( 'NONE',  ( 0.0000000000000000000, 1.000000000000000000, 0.0000000000000000000 ) ) ;
#1534 = APPLICATION_PROTOCOL_DEFINITION ( 'draft international standard', 'automotive_design', 1998, #976 ) ;
#1535 = VERTEX_POINT ( 'NONE', #875 ) ;
#1536 = FILL_AREA_STYLE ('',( #1506 ) ) ;
#1537 =( NAMED_UNIT ( * ) SI_UNIT ( $, .STERADIAN. ) SOLID_ANGLE_UNIT ( ) );
#1538 = STYLED_ITEM ( 'NONE', ( #4133 ), #4245 ) ;
#1539 = VERTEX_POINT ( 'NONE', #2168 ) ;
#1540 = CARTESIAN_POINT ( 'NONE',  ( 3.549999999999999822, -1.462314593354880232, 3.990870176997180607 ) ) ;
#1541 =( LENGTH_UNIT ( ) NAMED_UNIT ( * ) SI_UNIT ( .MILLI., .METRE. ) );
#1542 = PRODUCT_DEFINITION_FORMATION_WITH_SPECIFIED_SOURCE ( 'ANY', '', #3846, .NOT_KNOWN. ) ;
#1543 = CARTESIAN_POINT ( 'NONE',  ( 1.128298252077120090, 6.620978138265459556, 5.127902589497670860 ) ) ;
#1544 = EDGE_CURVE ( 'NONE', #3340, #1318, #189, .T. ) ;
#1545 = DIRECTION ( 'NONE',  ( -5.152643988049929844E-16, 0.0000000000000000000, -1.000000000000000000 ) ) ;
#1546 = PLANE ( 'NONE',  #905 ) ;
#1547 = CARTESIAN_POINT ( 'NONE',  ( 9.550000000000000711, 6.250000000000031086, 5.700000000000000178 ) ) ;
#1548 =( BOUNDED_SURFACE ( )  B_SPLINE_SURFACE ( 3, 2, ( 
 ( #224, #2890, #3892 ),
 ( #913, #2237, #3697 ),
 ( #3235, #581, #1925 ),
 ( #705, #3354, #891 ) ),
 .UNSPECIFIED., .F., .F., .F. ) 
 B_SPLINE_SURFACE_WITH_KNOTS ( ( 4, 4 ),
 ( 3, 3 ),
 ( 0.0000000000000000000, 1.000000000000000000 ),
 ( 0.0000000000000000000, 1.000000000000000000 ),
 .UNSPECIFIED. ) 
 GEOMETRIC_REPRESENTATION_ITEM ( )  RATIONAL_B_SPLINE_SURFACE ( (
 ( 1.000000000000000000, 0.7864262337499590139, 1.000000000000000000),
 ( 1.000000000000000000, 0.7864474701795289846, 1.000000000000000000),
 ( 1.000000000000000000, 0.7861046529251329851, 1.000000000000000000),
 ( 1.000000000000000000, 0.7854013110680500009, 1.000000000000000000) ) ) 
 REPRESENTATION_ITEM ( '' )  SURFACE ( )  );
#1549 = CYLINDRICAL_SURFACE ( 'NONE', #951, 0.5000000000000000000 ) ;
#1550 = DIRECTION ( 'NONE',  ( 0.0000000000000000000, 0.0000000000000000000, 1.000000000000000000 ) ) ;
#1551 = DIRECTION ( 'NONE',  ( 0.0000000000000000000, -3.675221047034999628E-15, 1.000000000000000000 ) ) ;
#1552 = DIRECTION ( 'NONE',  ( 0.0000000000000000000, -3.675221047034999628E-15, 1.000000000000000000 ) ) ;
#1553 = ORIENTED_EDGE ( 'NONE', *, *, #1357, .F. ) ;
#1554 =( NAMED_UNIT ( * ) PLANE_ANGLE_UNIT ( ) SI_UNIT ( $, .RADIAN. ) );
#1555 = CARTESIAN_POINT ( 'NONE',  ( 5.912962694865610658, 3.850000000000010303, 8.986637655680240755 ) ) ;
#1556 = ORIENTED_EDGE ( 'NONE', *, *, #120, .F. ) ;
#1557 = CARTESIAN_POINT ( 'NONE',  ( 6.075900883378420048, -1.462314593354880232, 5.313097438219569923 ) ) ;
#1558 = CARTESIAN_POINT ( 'NONE',  ( 7.500000000000000000, 5.850000000000009415, 9.500000000000000000 ) ) ;
#1559 = VERTEX_POINT ( 'NONE', #3486 ) ;
#1560 = FILL_AREA_STYLE_COLOUR ( '', #1850 ) ;
#1561 = DIRECTION ( 'NONE',  ( 0.4999999999999990563, -0.8660254037844391517, 0.0000000000000000000 ) ) ;
#1562 = MECHANICAL_DESIGN_GEOMETRIC_PRESENTATION_REPRESENTATION (  '', ( #993 ), #3995 ) ;
#1563 = ORIENTED_EDGE ( 'NONE', *, *, #552, .T. ) ;
#1564 = DIRECTION ( 'NONE',  ( 0.0000000000000000000, 1.000000000000000000, 0.0000000000000000000 ) ) ;
#1565 = CARTESIAN_POINT ( 'NONE',  ( 10.00000000000000000, 6.733652732787760442, 9.738256522761860268 ) ) ;
#1566 = DIRECTION ( 'NONE',  ( 0.0000000000000000000, 0.0000000000000000000, -1.000000000000000000 ) ) ;
#1567 = DIRECTION ( 'NONE',  ( 4.311199699514559827E-15, -1.000000000000000000, 0.0000000000000000000 ) ) ;
#1568 = EDGE_CURVE ( 'NONE', #1625, #3969, #498, .T. ) ;
#1569 = DIRECTION ( 'NONE',  ( 0.0000000000000000000, 0.0000000000000000000, 1.000000000000000000 ) ) ;
#1570 = CARTESIAN_POINT ( 'NONE',  ( -0.5000000000000000000, 6.900000000000019895, 4.004821471746000228 ) ) ;
#1571 = CARTESIAN_POINT ( 'NONE',  ( 5.450000000000009948, 6.250000000000031086, 5.799999999999999822 ) ) ;
#1572 = CARTESIAN_POINT ( 'NONE',  ( 7.500000000000000000, 4.250000000000009770, 9.300000000000000711 ) ) ;
#1573 = EDGE_CURVE ( 'NONE', #1646, #2161, #2143, .T. ) ;
#1574 = ORIENTED_EDGE ( 'NONE', *, *, #2247, .F. ) ;
#1575 = DIRECTION ( 'NONE',  ( 3.928415396526638614E-16, 0.3713906763541028888, 0.9284766908852596368 ) ) ;
#1576 = CARTESIAN_POINT ( 'NONE',  ( 7.500000000000000000, -3.950000000000000178, 2.649999999999999911 ) ) ;
#1577 = ORIENTED_EDGE ( 'NONE', *, *, #968, .F. ) ;
#1578 = CYLINDRICAL_SURFACE ( 'NONE', #321, 0.5999999999999998668 ) ;
#1579 = EDGE_CURVE ( 'NONE', #1602, #1844, #2792, .T. ) ;
#1580 = ORIENTED_EDGE ( 'NONE', *, *, #3386, .T. ) ;
#1581 = DIRECTION ( 'NONE',  ( -1.000000000000000000, -5.580452358381269806E-16, 0.0000000000000000000 ) ) ;
#1582 = VECTOR ( 'NONE', #1107, 1000.000000000000000 ) ;
#1583 = CARTESIAN_POINT ( 'NONE',  ( 10.30499999999999972, 1.726091832102840007, 6.200000000000001066 ) ) ;
#1584 = DIRECTION ( 'NONE',  ( 1.000000000000000000, -1.224646799147353207E-16, 0.0000000000000000000 ) ) ;
#1585 = ORIENTED_EDGE ( 'NONE', *, *, #4252, .F. ) ;
#1586 = LINE ( 'NONE', #4296, #3315 ) ;
#1587 = VECTOR ( 'NONE', #2002, 1000.000000000000000 ) ;
#1588 = CARTESIAN_POINT ( 'NONE',  ( 7.500000000000000000, 2.650000000000010125, 8.099999999999999645 ) ) ;
#1589 =( NAMED_UNIT ( * ) SI_UNIT ( $, .STERADIAN. ) SOLID_ANGLE_UNIT ( ) );
#1590 = AXIS2_PLACEMENT_3D ( 'NONE', #2714, #3313, #1055 ) ;
#1591 = AXIS2_PLACEMENT_3D ( 'NONE', #670, #2680, #2306 ) ;
#1592 = CARTESIAN_POINT ( 'NONE',  ( 7.500000000000000000, -4.450000000000000178, 2.649999999999999911 ) ) ;
#1593 = DIRECTION ( 'NONE',  ( 0.0000000000000000000, -1.000000000000000000, -3.965082230804130614E-15 ) ) ;
#1594 = LINE ( 'NONE', #1571, #2706 ) ;
#1595 =( GEOMETRIC_REPRESENTATION_CONTEXT ( 3 ) GLOBAL_UNCERTAINTY_ASSIGNED_CONTEXT ( ( #2790 ) ) GLOBAL_UNIT_ASSIGNED_CONTEXT ( ( #1001, #1405, #2403 ) ) REPRESENTATION_CONTEXT ( 'NONE', 'WORKASPACE' ) );
#1596 = CARTESIAN_POINT ( 'NONE',  ( 8.976897412858471981, 6.379062759268559368, 5.679065083712824702 ) ) ;
#1597 = ORIENTED_EDGE ( 'NONE', *, *, #140, .F. ) ;
#1598 = AXIS2_PLACEMENT_3D ( 'NONE', #2624, #655, #1679 ) ;
#1599 = EDGE_CURVE ( 'NONE', #298, #296, #543, .T. ) ;
#1600 = FACE_OUTER_BOUND ( 'NONE', #3930, .T. ) ;
#1601 = CARTESIAN_POINT ( 'NONE',  ( 6.450000000000000178, 5.950000000000040146, 2.800000000000010036 ) ) ;
#1602 = VERTEX_POINT ( 'NONE', #1227 ) ;
#1603 = ORIENTED_EDGE ( 'NONE', *, *, #758, .F. ) ;
#1604 = MECHANICAL_DESIGN_GEOMETRIC_PRESENTATION_REPRESENTATION (  '', ( #898 ), #3255 ) ;
#1605 = CARTESIAN_POINT ( 'NONE',  ( 1.057217321801785070, 6.518892729351658311, 5.379133184779098187 ) ) ;
#1606 = ORIENTED_EDGE ( 'NONE', *, *, #687, .F. ) ;
#1607 = DIRECTION ( 'NONE',  ( 4.231032868236119855E-16, 0.0000000000000000000, 1.000000000000000000 ) ) ;
#1608 = CARTESIAN_POINT ( 'NONE',  ( 8.908230602241415497, 6.595770259307300876, 5.257011279829165495 ) ) ;
#1609 = EDGE_LOOP ( 'NONE', ( #2674, #1144, #1089, #2024 ) ) ;
#1610 =( LENGTH_UNIT ( ) NAMED_UNIT ( * ) SI_UNIT ( .MILLI., .METRE. ) );
#1611 = CIRCLE ( 'NONE', #3193, 1.413776159319739989 ) ;
#1612 = FACE_OUTER_BOUND ( 'NONE', #2822, .T. ) ;
#1613 = DIRECTION ( 'NONE',  ( 5.152643988049929844E-16, 0.0000000000000000000, 1.000000000000000000 ) ) ;
#1614 = ORIENTED_EDGE ( 'NONE', *, *, #3609, .F. ) ;
#1615 = SURFACE_SIDE_STYLE ('',( #14 ) ) ;
#1616 = CARTESIAN_POINT ( 'NONE',  ( 5.450000000000000178, 7.250000000000000000, 0.6500000000000040190 ) ) ;
#1617 = DIRECTION ( 'NONE',  ( 0.0000000000000000000, 0.0000000000000000000, -1.000000000000000000 ) ) ;
#1618 = DIRECTION ( 'NONE',  ( 0.0000000000000000000, 0.0000000000000000000, -1.000000000000000000 ) ) ;
#1619 = ORIENTED_EDGE ( 'NONE', *, *, #2055, .T. ) ;
#1620 = DIRECTION ( 'NONE',  ( 0.0000000000000000000, 1.000000000000000000, 0.0000000000000000000 ) ) ;
#1621 = EDGE_CURVE ( 'NONE', #992, #690, #3466, .T. ) ;
#1622 = ORIENTED_EDGE ( 'NONE', *, *, #1857, .T. ) ;
#1623 = EDGE_CURVE ( 'NONE', #85, #888, #3510, .T. ) ;
#1624 = CARTESIAN_POINT ( 'NONE',  ( -0.5000000000000000000, 6.301461569844129862, 3.962967587499530264 ) ) ;
#1625 = VERTEX_POINT ( 'NONE', #3178 ) ;
#1626 = DIRECTION ( 'NONE',  ( 1.000000000000000000, 0.0000000000000000000, 0.0000000000000000000 ) ) ;
#1627 = EDGE_CURVE ( 'NONE', #1646, #188, #1158, .T. ) ;
#1628 = ORIENTED_EDGE ( 'NONE', *, *, #1713, .F. ) ;
#1629 = ORIENTED_EDGE ( 'NONE', *, *, #2398, .T. ) ;
#1630 = CARTESIAN_POINT ( 'NONE',  ( 2.500000000000000000, -4.450000000000000178, 2.649999999999990141 ) ) ;
#1631 = FILL_AREA_STYLE ('',( #2622 ) ) ;
#1632 = COLOUR_RGB ( '',0.2862745098039215508, 0.6431372549019607199, 0.8666666666666666963 ) ;
#1633 = EDGE_CURVE ( 'NONE', #748, #409, #2615, .T. ) ;
#1634 = ORIENTED_EDGE ( 'NONE', *, *, #1897, .F. ) ;
#1635 = CARTESIAN_POINT ( 'NONE',  ( 10.00000000000000000, 0.9499999999999999556, 6.200000000000001066 ) ) ;
#1636 = DIRECTION ( 'NONE',  ( 0.0000000000000000000, 0.0000000000000000000, 1.000000000000000000 ) ) ;
#1637 = CARTESIAN_POINT ( 'NONE',  ( 0.9129626948656101026, 4.650000000000010125, 8.986637655680240755 ) ) ;
#1638 = CARTESIAN_POINT ( 'NONE',  ( 4.500000000000000888, 6.221952518161529611, 5.100000000000011191 ) ) ;
#1639 = AXIS2_PLACEMENT_3D ( 'NONE', #1588, #878, #2503 ) ;
#1640 = EDGE_LOOP ( 'NONE', ( #3564, #2238, #1803, #4039 ) ) ;
#1641 = FACE_OUTER_BOUND ( 'NONE', #4243, .T. ) ;
#1642 = ORIENTED_EDGE ( 'NONE', *, *, #3777, .F. ) ;
#1643 = EDGE_LOOP ( 'NONE', ( #210, #3896, #699, #384 ) ) ;
#1644 = CARTESIAN_POINT ( 'NONE',  ( 0.0000000000000000000, 1.560000000000000275, 6.200000000000001066 ) ) ;
#1645 = EDGE_CURVE ( 'NONE', #4202, #2099, #2830, .T. ) ;
#1646 = VERTEX_POINT ( 'NONE', #647 ) ;
#1647 = SURFACE_STYLE_USAGE ( .BOTH. , #299 ) ;
#1648 = ORIENTED_EDGE ( 'NONE', *, *, #3997, .T. ) ;
#1649 = VECTOR ( 'NONE', #3232, 1000.000000000000000 ) ;
#1650 = CARTESIAN_POINT ( 'NONE',  ( 6.109592952281651002, 6.616355096402059210, 5.194015168276943761 ) ) ;
#1651 = ADVANCED_FACE ( 'NONE', ( #2896 ), #3612, .T. ) ;
#1652 = DIRECTION ( 'NONE',  ( -0.3713906763541049427, 0.9284766908852587486, 1.047705889746660026E-31 ) ) ;
#1653 = FACE_OUTER_BOUND ( 'NONE', #312, .T. ) ;
#1654 = DIRECTION ( 'NONE',  ( 0.0000000000000000000, 1.000000000000000000, 0.0000000000000000000 ) ) ;
#1655 = ORIENTED_EDGE ( 'NONE', *, *, #2858, .T. ) ;
#1656 = DIRECTION ( 'NONE',  ( 0.0000000000000000000, 1.000000000000000000, 0.0000000000000000000 ) ) ;
#1657 = VECTOR ( 'NONE', #3356, 1000.000000000000000 ) ;
#1658 = FACE_OUTER_BOUND ( 'NONE', #3339, .T. ) ;
#1659 = EDGE_CURVE ( 'NONE', #2466, #1321, #2053, .T. ) ;
#1660 = DIRECTION ( 'NONE',  ( -1.000000000000000000, 0.0000000000000000000, 0.0000000000000000000 ) ) ;
#1661 = CARTESIAN_POINT ( 'NONE',  ( 7.500000000000000000, 4.250000000000009770, 9.314249409997579221 ) ) ;
#1662 = CARTESIAN_POINT ( 'NONE',  ( 7.500000000000000000, 2.836223840680269781, 9.500000000000000000 ) ) ;
#1663 = COLOUR_RGB ( '',0.2862745098039215508, 0.6431372549019607199, 0.8666666666666666963 ) ;
#1664 = AXIS2_PLACEMENT_3D ( 'NONE', #2184, #3462, #3175 ) ;
#1665 = ORIENTED_EDGE ( 'NONE', *, *, #4065, .T. ) ;
#1666 = PRODUCT_DEFINITION ( 'UNKNOWN', '', #1542, #3836 ) ;
#1667 = AXIS2_PLACEMENT_3D ( 'NONE', #2597, #1607, #3945 ) ;
#1668 = ORIENTED_EDGE ( 'NONE', *, *, #2840, .T. ) ;
#1669 = COLOUR_RGB ( '',0.2862745098039215508, 0.6431372549019607199, 0.8666666666666666963 ) ;
#1670 = DIRECTION ( 'NONE',  ( 0.0000000000000000000, 0.0000000000000000000, -1.000000000000000000 ) ) ;
#1671 = VECTOR ( 'NONE', #892, 1000.000000000000000 ) ;
#1672 = ORIENTED_EDGE ( 'NONE', *, *, #1739, .F. ) ;
#1673 = PLANE ( 'NONE',  #2420 ) ;
#1674 = UNCERTAINTY_MEASURE_WITH_UNIT (LENGTH_MEASURE( 1.000000000000000082E-05 ), #2297, 'distance_accuracy_value', 'NONE');
#1675 = CIRCLE ( 'NONE', #615, 0.5000000000000000000 ) ;
#1676 = ORIENTED_EDGE ( 'NONE', *, *, #2813, .F. ) ;
#1677 = VERTEX_POINT ( 'NONE', #1930 ) ;
#1678 = VECTOR ( 'NONE', #314, 1000.000000000000000 ) ;
#1679 = DIRECTION ( 'NONE',  ( 0.0000000000000000000, -0.06975647374412512203, 0.9975640502598243087 ) ) ;
#1680 = EDGE_CURVE ( 'NONE', #516, #1157, #3897, .T. ) ;
#1681 = ORIENTED_EDGE ( 'NONE', *, *, #1513, .T. ) ;
#1682 = DIRECTION ( 'NONE',  ( 0.0000000000000000000, 1.000000000000000000, 0.0000000000000000000 ) ) ;
#1683 = CARTESIAN_POINT ( 'NONE',  ( 5.799999999999999822, 4.650000000000010125, 8.800000000000000711 ) ) ;
#1684 = DIRECTION ( 'NONE',  ( 0.0000000000000000000, 0.0000000000000000000, -1.000000000000000000 ) ) ;
#1685 = CARTESIAN_POINT ( 'NONE',  ( 2.500000000000000000, 5.863267899285899531, 9.314249409997589879 ) ) ;
#1686 = FACE_OUTER_BOUND ( 'NONE', #1932, .T. ) ;
#1687 = ORIENTED_EDGE ( 'NONE', *, *, #1377, .F. ) ;
#1688 = PRESENTATION_STYLE_ASSIGNMENT (( #4261 ) ) ;
#1689 = EDGE_LOOP ( 'NONE', ( #3000, #1755, #1893, #1556 ) ) ;
#1690 = ADVANCED_FACE ( 'NONE', ( #953 ), #631, .F. ) ;
#1691 =( NAMED_UNIT ( * ) SI_UNIT ( $, .STERADIAN. ) SOLID_ANGLE_UNIT ( ) );
#1692 = ORIENTED_EDGE ( 'NONE', *, *, #412, .F. ) ;
#1693 = CARTESIAN_POINT ( 'NONE',  ( 8.550000000000000711, -1.462314593354880232, 2.800000000000010036 ) ) ;
#1694 = EDGE_LOOP ( 'NONE', ( #3244, #1886, #3228, #3738 ) ) ;
#1695 = SURFACE_STYLE_USAGE ( .BOTH. , #345 ) ;
#1696 = B_SPLINE_CURVE_WITH_KNOTS ( 'NONE', 3,
 ( #3705, #1044, #3046, #3004, #1734, #3025 ),
 .UNSPECIFIED., .F., .F.,
 ( 4, 2, 4 ),
 ( 1.951563910473907981E-18, 0.0001521198112224508251, 0.0003042396224448996986 ),
 .UNSPECIFIED. ) ;
#1697 = DIRECTION ( 'NONE',  ( 0.0000000000000000000, 0.0000000000000000000, -1.000000000000000000 ) ) ;
#1698 = ORIENTED_EDGE ( 'NONE', *, *, #3005, .T. ) ;
#1699 = PLANE ( 'NONE',  #3742 ) ;
#1700 = CARTESIAN_POINT ( 'NONE',  ( 4.500000000000000888, 6.620978138265459556, 5.127902589497660202 ) ) ;
#1701 = DIRECTION ( 'NONE',  ( -0.2716300227878299944, 0.06713375248915300075, -0.9600573889080840084 ) ) ;
#1702 = ADVANCED_FACE ( 'NONE', ( #4242 ), #2264, .T. ) ;
#1703 = CYLINDRICAL_SURFACE ( 'NONE', #2137, 1.400000000000000133 ) ;
#1704 = EDGE_CURVE ( 'NONE', #188, #2441, #2939, .T. ) ;
#1705 = ORIENTED_EDGE ( 'NONE', *, *, #3358, .T. ) ;
#1706 = FACE_OUTER_BOUND ( 'NONE', #3926, .T. ) ;
#1707 = EDGE_CURVE ( 'NONE', #1348, #3343, #1211, .T. ) ;
#1708 = CARTESIAN_POINT ( 'NONE',  ( 7.500000000000000000, 9.550000000000029132, 1.349999999999999867 ) ) ;
#1709 = AXIS2_PLACEMENT_3D ( 'NONE', #4124, #1132, #3132 ) ;
#1710 = B_SPLINE_CURVE_WITH_KNOTS ( 'NONE', 3,
 ( #762, #431, #1781, #414 ),
 .UNSPECIFIED., .F., .F.,
 ( 4, 4 ),
 ( 4.846746646095895207E-11, 0.0001342749659825534774 ),
 .UNSPECIFIED. ) ;
#1711 = CARTESIAN_POINT ( 'NONE',  ( 9.062892611431221823, 4.650000000000010125, 9.314249409997579221 ) ) ;
#1712 = ORIENTED_EDGE ( 'NONE', *, *, #18, .T. ) ;
#1713 = EDGE_CURVE ( 'NONE', #1294, #1269, #2985, .T. ) ;
#1714 =( BOUNDED_SURFACE ( )  B_SPLINE_SURFACE ( 3, 2, ( 
 ( #3574, #2646, #4251 ),
 ( #3664, #2338, #591 ),
 ( #3978, #679, #986 ),
 ( #2313, #12, #1937 ) ),
 .UNSPECIFIED., .F., .F., .F. ) 
 B_SPLINE_SURFACE_WITH_KNOTS ( ( 4, 4 ),
 ( 3, 3 ),
 ( 0.0000000000000000000, 1.000000000000000000 ),
 ( 0.0000000000000000000, 1.000000000000000000 ),
 .UNSPECIFIED. ) 
 GEOMETRIC_REPRESENTATION_ITEM ( )  RATIONAL_B_SPLINE_SURFACE ( (
 ( 1.000000000000000000, 0.7864262337499590139, 1.000000000000000000),
 ( 1.000000000000000000, 0.7864474701795289846, 1.000000000000000000),
 ( 1.000000000000000000, 0.7861046529251329851, 1.000000000000000000),
 ( 1.000000000000000000, 0.7854013110680500009, 1.000000000000000000) ) ) 
 REPRESENTATION_ITEM ( '' )  SURFACE ( )  );
#1715 = CARTESIAN_POINT ( 'NONE',  ( 6.450000000000000178, 6.370920840910899940, 3.569044486294639995 ) ) ;
#1716 = UNCERTAINTY_MEASURE_WITH_UNIT (LENGTH_MEASURE( 1.000000000000000082E-05 ), #1526, 'distance_accuracy_value', 'NONE');
#1717 = EDGE_LOOP ( 'NONE', ( #2121, #2021 ) ) ;
#1718 = PRESENTATION_STYLE_ASSIGNMENT (( #1090 ) ) ;
#1719 = DIRECTION ( 'NONE',  ( 1.000000000000000000, 0.0000000000000000000, -3.641714079092569968E-16 ) ) ;
#1720 =( NAMED_UNIT ( * ) SI_UNIT ( $, .STERADIAN. ) SOLID_ANGLE_UNIT ( ) );
#1721 = ORIENTED_EDGE ( 'NONE', *, *, #276, .F. ) ;
#1722 = DIRECTION ( 'NONE',  ( 1.000000000000000000, 0.0000000000000000000, -5.152643988049929844E-16 ) ) ;
#1723 = CARTESIAN_POINT ( 'NONE',  ( 4.059107220649992520, 4.650000000000011013, 9.365590064580596064 ) ) ;
#1724 = DIRECTION ( 'NONE',  ( 0.0000000000000000000, 0.0000000000000000000, 1.000000000000000000 ) ) ;
#1725 = DIRECTION ( 'NONE',  ( -6.323770134184271214E-17, 0.9848077530122081313, 0.1736481776669300259 ) ) ;
#1726 = VERTEX_POINT ( 'NONE', #566 ) ;
#1727 = FILL_AREA_STYLE_COLOUR ( '', #2559 ) ;
#1728 = CARTESIAN_POINT ( 'NONE',  ( 15.00000000000000000, 1.990236984239069917, 9.700000000000001066 ) ) ;
#1729 = ORIENTED_EDGE ( 'NONE', *, *, #22, .T. ) ;
#1730 = VECTOR ( 'NONE', #418, 1000.000000000000000 ) ;
#1731 = EDGE_CURVE ( 'NONE', #2386, #3529, #1909, .T. ) ;
#1732 = COLOUR_RGB ( '',0.2862745098039215508, 0.6431372549019607199, 0.8666666666666666963 ) ;
#1733 = VERTEX_POINT ( 'NONE', #4220 ) ;
#1734 = CARTESIAN_POINT ( 'NONE',  ( 0.9408927793500235781, 3.850000000000008527, 9.365590064580635143 ) ) ;
#1735 = AXIS2_PLACEMENT_3D ( 'NONE', #1757, #3326, #3069 ) ;
#1736 = FACE_OUTER_BOUND ( 'NONE', #204, .T. ) ;
#1737 = DIRECTION ( 'NONE',  ( 1.000000000000000000, 2.232180943352509796E-16, 0.0000000000000000000 ) ) ;
#1738 = VECTOR ( 'NONE', #1237, 1000.000000000000000 ) ;
#1739 = EDGE_CURVE ( 'NONE', #1478, #1347, #3011, .T. ) ;
#1740 = AXIS2_PLACEMENT_3D ( 'NONE', #1331, #1654, #326 ) ;
#1741 = VECTOR ( 'NONE', #3514, 1000.000000000000000 ) ;
#1742 = FILL_AREA_STYLE_COLOUR ( '', #1663 ) ;
#1743 = CARTESIAN_POINT ( 'NONE',  ( 15.00000000000000000, 0.1499999999999999944, 6.700000000000000178 ) ) ;
#1744 = CARTESIAN_POINT ( 'NONE',  ( 0.0000000000000000000, 7.750000000000000000, 6.200000000000001066 ) ) ;
#1745 = PRESENTATION_LAYER_ASSIGNMENT (  '', '', ( #1104 ) ) ;
#1746 = ORIENTED_EDGE ( 'NONE', *, *, #2452, .T. ) ;
#1747 = CIRCLE ( 'NONE', #125, 0.2999999999999999334 ) ;
#1748 = LINE ( 'NONE', #1124, #2252 ) ;
#1749 = PRESENTATION_STYLE_ASSIGNMENT (( #2436 ) ) ;
#1750 = FACE_OUTER_BOUND ( 'NONE', #2954, .T. ) ;
#1751 = CARTESIAN_POINT ( 'NONE',  ( 4.034292344244866158, 3.850000000000010303, 9.413932751395492460 ) ) ;
#1752 = MECHANICAL_DESIGN_GEOMETRIC_PRESENTATION_REPRESENTATION (  '', ( #836 ), #2292 ) ;
#1753 = SURFACE_STYLE_USAGE ( .BOTH. , #1820 ) ;
#1754 = DIRECTION ( 'NONE',  ( 1.000000000000000000, 0.0000000000000000000, -5.152643988049929844E-16 ) ) ;
#1755 = ORIENTED_EDGE ( 'NONE', *, *, #4050, .T. ) ;
#1756 = ORIENTED_EDGE ( 'NONE', *, *, #2339, .F. ) ;
#1757 = CARTESIAN_POINT ( 'NONE',  ( 5.450000000000000178, 2.200000000000000178, 0.6500000000000040190 ) ) ;
#1758 = DIRECTION ( 'NONE',  ( 0.0000000000000000000, -0.1736481776669300259, 0.9848077530122081313 ) ) ;
#1759 = EDGE_CURVE ( 'NONE', #3628, #2220, #714, .T. ) ;
#1760 = UNCERTAINTY_MEASURE_WITH_UNIT (LENGTH_MEASURE( 1.000000000000000082E-05 ), #3977, 'distance_accuracy_value', 'NONE');
#1761 = CARTESIAN_POINT ( 'NONE',  ( 0.9255929274512599836, 3.850000000000010303, 9.158054070483700571 ) ) ;
#1762 = ADVANCED_FACE ( 'NONE', ( #407 ), #1775, .T. ) ;
#1763 = ORIENTED_EDGE ( 'NONE', *, *, #929, .T. ) ;
#1764 = DIRECTION ( 'NONE',  ( 0.0000000000000000000, 1.000000000000000000, 0.0000000000000000000 ) ) ;
#1765 = CARTESIAN_POINT ( 'NONE',  ( 1.001299467198440096, 6.250000000000079936, 5.536292564213430190 ) ) ;
#1766 = DIRECTION ( 'NONE',  ( -1.000000000000000000, 0.0000000000000000000, 0.0000000000000000000 ) ) ;
#1767 = DIRECTION ( 'NONE',  ( 0.0000000000000000000, 1.000000000000000000, 0.0000000000000000000 ) ) ;
#1768 = ORIENTED_EDGE ( 'NONE', *, *, #1857, .F. ) ;
#1769 = FILL_AREA_STYLE ('',( #1727 ) ) ;
#1770 =( NAMED_UNIT ( * ) PLANE_ANGLE_UNIT ( ) SI_UNIT ( $, .RADIAN. ) );
#1771 =( NAMED_UNIT ( * ) PLANE_ANGLE_UNIT ( ) SI_UNIT ( $, .RADIAN. ) );
#1772 = CARTESIAN_POINT ( 'NONE',  ( 5.937107388568627186, 3.850000000000009415, 9.314249409997643170 ) ) ;
#1773 = AXIS2_PLACEMENT_3D ( 'NONE', #1300, #318, #2639 ) ;
#1774 = EDGE_LOOP ( 'NONE', ( #2716, #939 ) ) ;
#1775 = PLANE ( 'NONE',  #3501 ) ;
#1776 = VECTOR ( 'NONE', #1180, 1000.000000000000000 ) ;
#1777 = ORIENTED_EDGE ( 'NONE', *, *, #4049, .F. ) ;
#1778 = PLANE ( 'NONE',  #532 ) ;
#1779 = AXIS2_PLACEMENT_3D ( 'NONE', #1366, #3395, #2066 ) ;
#1780 = ORIENTED_EDGE ( 'NONE', *, *, #1346, .F. ) ;
#1781 = CARTESIAN_POINT ( 'NONE',  ( 6.013368696353939669, 6.290959692733859576, 5.697427301323924276 ) ) ;
#1782 = CARTESIAN_POINT ( 'NONE',  ( 9.062892611435055201, 3.850000000000010303, 9.314249409999399987 ) ) ;
#1783 = CYLINDRICAL_SURFACE ( 'NONE', #818, 0.5999999999999998668 ) ;
#1784 = CARTESIAN_POINT ( 'NONE',  ( 15.00000000000000000, 7.750000000000000000, 6.200000000000001066 ) ) ;
#1785 = ORIENTED_EDGE ( 'NONE', *, *, #3412, .T. ) ;
#1786 = EDGE_CURVE ( 'NONE', #981, #3615, #2875, .T. ) ;
#1787 = LINE ( 'NONE', #458, #2284 ) ;
#1788 = DIRECTION ( 'NONE',  ( 0.0000000000000000000, 0.0000000000000000000, 1.000000000000000000 ) ) ;
#1789 = B_SPLINE_CURVE_WITH_KNOTS ( 'NONE', 3,
 ( #2210, #483, #1839, #3857, #1481, #1519 ),
 .UNSPECIFIED., .F., .F.,
 ( 4, 2, 4 ),
 ( 5.339076512604073141E-18, 0.0001520665957081948399, 0.0003041331914163843131 ),
 .UNSPECIFIED. ) ;
#1790 = CARTESIAN_POINT ( 'NONE',  ( 4.549999999999999822, 7.250000000000000000, 0.6499999999999990230 ) ) ;
#1791 = ADVANCED_FACE ( 'NONE', ( #1018 ), #734, .F. ) ;
#1792 = SURFACE_STYLE_FILL_AREA ( #1769 ) ;
#1793 = CARTESIAN_POINT ( 'NONE',  ( 0.5500000000000100364, 0.6224573519455459669, 6.200000000000001066 ) ) ;
#1794 = CIRCLE ( 'NONE', #451, 1.613267899285889984 ) ;
#1795 = ORIENTED_EDGE ( 'NONE', *, *, #3823, .T. ) ;
#1796 = LINE ( 'NONE', #3504, #1291 ) ;
#1797 = MECHANICAL_DESIGN_GEOMETRIC_PRESENTATION_REPRESENTATION (  '', ( #455 ), #3588 ) ;
#1798 = VERTEX_POINT ( 'NONE', #2356 ) ;
#1799 = CARTESIAN_POINT ( 'NONE',  ( 0.8992189406417899766, 4.650000000000010125, 8.800000000000009592 ) ) ;
#1800 = DIRECTION ( 'NONE',  ( 0.0000000000000000000, -1.000000000000000000, 0.0000000000000000000 ) ) ;
#1801 = UNCERTAINTY_MEASURE_WITH_UNIT (LENGTH_MEASURE( 1.000000000000000082E-05 ), #2653, 'distance_accuracy_value', 'NONE');
#1802 = AXIS2_PLACEMENT_3D ( 'NONE', #4040, #1758, #3392 ) ;
#1803 = ORIENTED_EDGE ( 'NONE', *, *, #2478, .F. ) ;
#1804 = FILL_AREA_STYLE ('',( #1560 ) ) ;
#1805 = AXIS2_PLACEMENT_3D ( 'NONE', #1093, #4020, #4081 ) ;
#1806 = CARTESIAN_POINT ( 'NONE',  ( 0.9060895252062000083, 3.850000000000010303, 8.893318922984189356 ) ) ;
#1807 = DIRECTION ( 'NONE',  ( 1.000000000000000000, 0.0000000000000000000, 0.0000000000000000000 ) ) ;
#1808 = VECTOR ( 'NONE', #2702, 1000.000000000000227 ) ;
#1809 = ORIENTED_EDGE ( 'NONE', *, *, #3399, .T. ) ;
#1810 = COLOUR_RGB ( '',0.2862745098039215508, 0.6431372549019607199, 0.8666666666666666963 ) ;
#1811 = LINE ( 'NONE', #1479, #187 ) ;
#1812 = DIRECTION ( 'NONE',  ( 0.0000000000000000000, -0.9975640502598243087, -0.06975647374412512203 ) ) ;
#1813 = CARTESIAN_POINT ( 'NONE',  ( 4.074407072548710040, 3.850000000000010303, 9.158054070484210385 ) ) ;
#1814 = SURFACE_SIDE_STYLE ('',( #1292 ) ) ;
#1815 = VECTOR ( 'NONE', #3858, 1000.000000000000000 ) ;
#1816 = FACE_OUTER_BOUND ( 'NONE', #1900, .T. ) ;
#1817 = CARTESIAN_POINT ( 'NONE',  ( 3.549999999999999822, 6.301461569844129862, 3.962967587499530264 ) ) ;
#1818 = ADVANCED_FACE ( 'NONE', ( #3703 ), #341, .T. ) ;
#1819 = AXIS2_PLACEMENT_3D ( 'NONE', #3981, #4306, #1941 ) ;
#1820 = SURFACE_SIDE_STYLE ('',( #402 ) ) ;
#1821 = CARTESIAN_POINT ( 'NONE',  ( 2.500000000000000000, 5.950000000000040146, 2.750000000000000000 ) ) ;
#1822 = SURFACE_SIDE_STYLE ('',( #3701 ) ) ;
#1823 = DIRECTION ( 'NONE',  ( 0.0000000000000000000, -1.000000000000000000, 0.0000000000000000000 ) ) ;
#1824 = AXIS2_PLACEMENT_3D ( 'NONE', #3784, #799, #246 ) ;
#1825 = VECTOR ( 'NONE', #867, 1000.000000000000000 ) ;
#1826 = CARTESIAN_POINT ( 'NONE',  ( 0.4500000000000000666, 7.250000000000000000, 0.6500000000000010214 ) ) ;
#1827 =( LENGTH_UNIT ( ) NAMED_UNIT ( * ) SI_UNIT ( .MILLI., .METRE. ) );
#1828 = ORIENTED_EDGE ( 'NONE', *, *, #1895, .T. ) ;
#1829 = CARTESIAN_POINT ( 'NONE',  ( 6.041844085658512498, 6.384612859941942276, 5.465433459296741958 ) ) ;
#1830 = DIRECTION ( 'NONE',  ( -0.2716300227878299944, -0.06713375248915300075, 0.9600573889080840084 ) ) ;
#1831 = ADVANCED_FACE ( 'NONE', ( #4179 ), #492, .F. ) ;
#1832 = EDGE_LOOP ( 'NONE', ( #1032, #3955, #594, #3287 ) ) ;
#1833 = ORIENTED_EDGE ( 'NONE', *, *, #3286, .F. ) ;
#1834 = SURFACE_STYLE_USAGE ( .BOTH. , #3875 ) ;
#1835 = SURFACE_STYLE_FILL_AREA ( #3219 ) ;
#1836 = APPLICATION_CONTEXT ( 'automotive_design' ) ;
#1837 = DIRECTION ( 'NONE',  ( 1.000000000000000000, 0.0000000000000000000, 0.0000000000000000000 ) ) ;
#1838 =( NAMED_UNIT ( * ) PLANE_ANGLE_UNIT ( ) SI_UNIT ( $, .RADIAN. ) );
#1839 = CARTESIAN_POINT ( 'NONE',  ( 0.9657076557542617623, 4.650000000000010125, 9.413932751394369802 ) ) ;
#1840 = DIRECTION ( 'NONE',  ( 1.000000000000000000, 0.0000000000000000000, 0.0000000000000000000 ) ) ;
#1841 = FACE_BOUND ( 'NONE', #1000, .T. ) ;
#1842 = EDGE_CURVE ( 'NONE', #298, #2655, #1867, .T. ) ;
#1843 =( NAMED_UNIT ( * ) PLANE_ANGLE_UNIT ( ) SI_UNIT ( $, .RADIAN. ) );
#1844 = VERTEX_POINT ( 'NONE', #2197 ) ;
#1845 = EDGE_CURVE ( 'NONE', #2598, #358, #579, .T. ) ;
#1846 = CARTESIAN_POINT ( 'NONE',  ( 3.994607792362365739, 6.250000000000445866, 5.499015461809747762 ) ) ;
#1847 = CARTESIAN_POINT ( 'NONE',  ( 1.449999999999999956, -1.462314593354880232, 3.990870176997180607 ) ) ;
#1848 = APPLICATION_PROTOCOL_DEFINITION ( 'draft international standard', 'automotive_design', 1998, #1836 ) ;
#1849 = DIRECTION ( 'NONE',  ( 0.0000000000000000000, 0.0000000000000000000, 1.000000000000000000 ) ) ;
#1850 = COLOUR_RGB ( '',0.2862745098039215508, 0.6431372549019607199, 0.8666666666666666963 ) ;
#1851 = COLOUR_RGB ( '',0.2862745098039215508, 0.6431372549019607199, 0.8666666666666666963 ) ;
#1852 = DIRECTION ( 'NONE',  ( 0.0000000000000000000, 0.0000000000000000000, -1.000000000000000000 ) ) ;
#1853 = DIRECTION ( 'NONE',  ( 0.0000000000000000000, -1.000000000000000000, 0.0000000000000000000 ) ) ;
#1854 = DIRECTION ( 'NONE',  ( 0.0000000000000000000, 0.0000000000000000000, 1.000000000000000000 ) ) ;
#1855 = EDGE_LOOP ( 'NONE', ( #996, #3824, #4042, #2771 ) ) ;
#1856 = B_SPLINE_CURVE_WITH_KNOTS ( 'NONE', 3,
 ( #942, #261, #925, #3274, #963, #3010 ),
 .UNSPECIFIED., .F., .F.,
 ( 4, 2, 4 ),
 ( 8.673617379884035472E-19, 0.0002833620161066685182, 0.0005667240322133361690 ),
 .UNSPECIFIED. ) ;
#1857 = EDGE_CURVE ( 'NONE', #1844, #2220, #3153, .T. ) ;
#1858 = FILL_AREA_STYLE_COLOUR ( '', #1810 ) ;
#1859 = LINE ( 'NONE', #3885, #3328 ) ;
#1860 = CARTESIAN_POINT ( 'NONE',  ( 2.500000000000000000, 5.950000000000040146, 4.150000000000000355 ) ) ;
#1861 =( BOUNDED_CURVE ( )  B_SPLINE_CURVE ( 3, ( #1354, #3672, #2132, #464 ),
 .UNSPECIFIED., .F., .T. ) 
 B_SPLINE_CURVE_WITH_KNOTS ( ( 4, 4 ),
 ( 4.782202150464466506, 5.075476764891790005 ),
 .UNSPECIFIED. ) 
 CURVE ( )  GEOMETRIC_REPRESENTATION_ITEM ( )  RATIONAL_B_SPLINE_CURVE ( ( 1.000000000000000000, 0.9928453341064031878, 0.9928453341064031878, 1.000000000000000000 ) ) 
 REPRESENTATION_ITEM ( '' )  );
#1862 =( BOUNDED_CURVE ( )  B_SPLINE_CURVE ( 3, ( #922, #589, #1650, #1328 ),
 .UNSPECIFIED., .F., .T. ) 
 B_SPLINE_CURVE_WITH_KNOTS ( ( 4, 4 ),
 ( 4.150549750469691546, 4.642575810304920836 ),
 .UNSPECIFIED. ) 
 CURVE ( )  GEOMETRIC_REPRESENTATION_ITEM ( )  RATIONAL_B_SPLINE_CURVE ( ( 1.000000000000000000, 0.9799274069394408038, 0.9799274069394408038, 1.000000000000000000 ) ) 
 REPRESENTATION_ITEM ( '' )  );
#1863 = CARTESIAN_POINT ( 'NONE',  ( 3.958155913534195935, 6.384612859889001513, 5.465433459372714076 ) ) ;
#1864 = PLANE ( 'NONE',  #4305 ) ;
#1865 = DIRECTION ( 'NONE',  ( 0.0000000000000000000, -1.000000000000000000, 0.0000000000000000000 ) ) ;
#1866 = ORIENTED_EDGE ( 'NONE', *, *, #1357, .T. ) ;
#1867 = LINE ( 'NONE', #3170, #3920 ) ;
#1868 = ORIENTED_EDGE ( 'NONE', *, *, #849, .F. ) ;
#1869 = FACE_OUTER_BOUND ( 'NONE', #1689, .T. ) ;
#1870 = CARTESIAN_POINT ( 'NONE',  ( 4.549999999999999822, 6.250000000000031086, 0.7499999999999990008 ) ) ;
#1871 = EDGE_CURVE ( 'NONE', #2920, #3674, #3352, .T. ) ;
#1872 = EDGE_LOOP ( 'NONE', ( #1052, #1188, #2083, #2480 ) ) ;
#1873 = PRESENTATION_STYLE_ASSIGNMENT (( #1834 ) ) ;
#1874 = PRESENTATION_LAYER_ASSIGNMENT (  '', '', ( #4206 ) ) ;
#1875 =( GEOMETRIC_REPRESENTATION_CONTEXT ( 3 ) GLOBAL_UNCERTAINTY_ASSIGNED_CONTEXT ( ( #1760 ) ) GLOBAL_UNIT_ASSIGNED_CONTEXT ( ( #3977, #2991, #2928 ) ) REPRESENTATION_CONTEXT ( 'NONE', 'WORKASPACE' ) );
#1876 = CARTESIAN_POINT ( 'NONE',  ( 6.128298252077120090, 6.620978138265459556, 5.127902589497660202 ) ) ;
#1877 = CARTESIAN_POINT ( 'NONE',  ( 10.50000000000000000, 0.6613248654051859798, 0.0000000000000000000 ) ) ;
#1878 = SURFACE_STYLE_USAGE ( .BOTH. , #879 ) ;
#1879 = ORIENTED_EDGE ( 'NONE', *, *, #919, .F. ) ;
#1880 = SURFACE_STYLE_USAGE ( .BOTH. , #1901 ) ;
#1881 =( BOUNDED_SURFACE ( )  B_SPLINE_SURFACE ( 3, 2, ( 
 ( #408, #1421, #2744 ),
 ( #3653, #3067, #66 ),
 ( #2020, #380, #1380 ),
 ( #2720, #39, #693 ) ),
 .UNSPECIFIED., .F., .F., .F. ) 
 B_SPLINE_SURFACE_WITH_KNOTS ( ( 4, 4 ),
 ( 3, 3 ),
 ( 0.0000000000000000000, 1.000000000000000000 ),
 ( 0.0000000000000000000, 1.000000000000000000 ),
 .UNSPECIFIED. ) 
 GEOMETRIC_REPRESENTATION_ITEM ( )  RATIONAL_B_SPLINE_SURFACE ( (
 ( 1.000000000000000000, 0.7864262290810449807, 1.000000000000000000),
 ( 1.000000000000000000, 0.7864475206358839676, 1.000000000000000000),
 ( 1.000000000000000000, 0.7861047044588309607, 1.000000000000000000),
 ( 1.000000000000000000, 0.7854013101412880005, 1.000000000000000000) ) ) 
 REPRESENTATION_ITEM ( '' )  SURFACE ( )  );
#1882 = CARTESIAN_POINT ( 'NONE',  ( 9.199999999999999289, 3.850000000000010303, 8.800000000000000711 ) ) ;
#1883 = AXIS2_PLACEMENT_3D ( 'NONE', #417, #2458, #3446 ) ;
#1884 = PRODUCT_DEFINITION_SHAPE ( 'NONE', 'NONE',  #4313 ) ;
#1885 = VECTOR ( 'NONE', #604, 1000.000000000000000 ) ;
#1886 = ORIENTED_EDGE ( 'NONE', *, *, #137, .T. ) ;
#1887 =( REPRESENTATION_RELATIONSHIP ('NONE','NONE', #806, #355 ) REPRESENTATION_RELATIONSHIP_WITH_TRANSFORMATION ( #2851 )SHAPE_REPRESENTATION_RELATIONSHIP( ) );
#1888 = LINE ( 'NONE', #2446, #2057 ) ;
#1889 = CARTESIAN_POINT ( 'NONE',  ( 8.550000000000000711, 6.405650476444289865, 3.372082935692199968 ) ) ;
#1890 = EDGE_LOOP ( 'NONE', ( #2377, #833, #1472, #1062 ) ) ;
#1891 = DIRECTION ( 'NONE',  ( 1.000000000000000000, 0.0000000000000000000, -5.152643988049929844E-16 ) ) ;
#1892 = VECTOR ( 'NONE', #1551, 1000.000000000000000 ) ;
#1893 = ORIENTED_EDGE ( 'NONE', *, *, #3201, .T. ) ;
#1894 = DIRECTION ( 'NONE',  ( 0.0000000000000000000, 0.9284766908852596368, 0.3713906763541028888 ) ) ;
#1895 = EDGE_CURVE ( 'NONE', #585, #3684, #4101, .T. ) ;
#1896 = CARTESIAN_POINT ( 'NONE',  ( 0.7999999999999990452, 4.650000000000010125, 8.800000000000009592 ) ) ;
#1897 = EDGE_CURVE ( 'NONE', #2305, #436, #1888, .T. ) ;
#1898 = SURFACE_STYLE_USAGE ( .BOTH. , #195 ) ;
#1899 = CARTESIAN_POINT ( 'NONE',  ( 8.924099116621579952, 6.560463200155851382, 5.313097438219569923 ) ) ;
#1900 = EDGE_LOOP ( 'NONE', ( #2765, #4196 ) ) ;
#1901 = SURFACE_SIDE_STYLE ('',( #3145 ) ) ;
#1902 = CARTESIAN_POINT ( 'NONE',  ( 2.500000000000000000, 9.550000000000029132, 2.750000000000000000 ) ) ;
#1903 = CARTESIAN_POINT ( 'NONE',  ( 9.006141391221529346, 6.250000000000031086, 5.699344090454331990 ) ) ;
#1904 = EDGE_LOOP ( 'NONE', ( #2988, #3296, #2262, #1597 ) ) ;
#1905 = LINE ( 'NONE', #3563, #1468 ) ;
#1906 = ORIENTED_EDGE ( 'NONE', *, *, #2332, .F. ) ;
#1907 = DIRECTION ( 'NONE',  ( 1.000000000000000000, 0.0000000000000000000, 0.0000000000000000000 ) ) ;
#1908 = VERTEX_POINT ( 'NONE', #3195 ) ;
#1909 = LINE ( 'NONE', #3218, #2314 ) ;
#1910 =( NAMED_UNIT ( * ) PLANE_ANGLE_UNIT ( ) SI_UNIT ( $, .RADIAN. ) );
#1911 = CARTESIAN_POINT ( 'NONE',  ( 2.500000000000000000, 4.250000000000009770, 9.500000000000010658 ) ) ;
#1912 = CARTESIAN_POINT ( 'NONE',  ( 1.075900883378423156, 6.560463200155847829, 5.313097438219579693 ) ) ;
#1913 = ORIENTED_EDGE ( 'NONE', *, *, #2332, .T. ) ;
#1914 = FILL_AREA_STYLE ('',( #1858 ) ) ;
#1915 = CARTESIAN_POINT ( 'NONE',  ( 0.4200000000000000400, 1.652376043070270084, 6.200000000000001066 ) ) ;
#1916 = DIRECTION ( 'NONE',  ( 0.0000000000000000000, -1.000000000000000000, 0.0000000000000000000 ) ) ;
#1917 = AXIS2_PLACEMENT_3D ( 'NONE', #3323, #2743, #1064 ) ;
#1918 = CARTESIAN_POINT ( 'NONE',  ( 8.958131431689333013, 3.850000000000009859, 9.481228347016367408 ) ) ;
#1919 = EDGE_CURVE ( 'NONE', #987, #3628, #1202, .T. ) ;
#1920 = VERTEX_POINT ( 'NONE', #1846 ) ;
#1921 = DIRECTION ( 'NONE',  ( 0.0000000000000000000, 1.000000000000000000, 0.0000000000000000000 ) ) ;
#1922 = LINE ( 'NONE', #3843, #1825 ) ;
#1923 = CARTESIAN_POINT ( 'NONE',  ( 0.0000000000000000000, 1.560000000000000275, 6.200000000000001066 ) ) ;
#1924 = ORIENTED_EDGE ( 'NONE', *, *, #2781, .F. ) ;
#1925 = CARTESIAN_POINT ( 'NONE',  ( 5.801388088926969999, 6.089357963934170392, 5.509803114629489684 ) ) ;
#1926 = DIRECTION ( 'NONE',  ( -1.000000000000000000, -5.580452358381269806E-16, 0.0000000000000000000 ) ) ;
#1927 = ORIENTED_EDGE ( 'NONE', *, *, #3233, .F. ) ;
#1928 = DIRECTION ( 'NONE',  ( 1.000000000000000000, 0.0000000000000000000, 0.0000000000000000000 ) ) ;
#1929 = ORIENTED_EDGE ( 'NONE', *, *, #869, .F. ) ;
#1930 = CARTESIAN_POINT ( 'NONE',  ( 5.450000000000000178, 6.250000000000031086, 0.6500000000000040190 ) ) ;
#1931 = VECTOR ( 'NONE', #3807, 1000.000000000000000 ) ;
#1932 = EDGE_LOOP ( 'NONE', ( #1929, #1340, #2599, #2432 ) ) ;
#1933 = FILL_AREA_STYLE_COLOUR ( '', #1732 ) ;
#1934 = EDGE_LOOP ( 'NONE', ( #1179, #1364, #1069, #1085, #114, #3567, #4048, #1020 ) ) ;
#1935 = CARTESIAN_POINT ( 'NONE',  ( 0.9371073885686268534, 3.850000000000009415, 9.314249409997653828 ) ) ;
#1936 = COLOUR_RGB ( '',0.2862745098039215508, 0.6431372549019607199, 0.8666666666666666963 ) ;
#1937 = CARTESIAN_POINT ( 'NONE',  ( 0.8172394239610690780, 6.093223782856449944, 5.414712191412349718 ) ) ;
#1938 = VERTEX_POINT ( 'NONE', #851 ) ;
#1939 = MECHANICAL_DESIGN_GEOMETRIC_PRESENTATION_REPRESENTATION (  '', ( #3380 ), #2628 ) ;
#1940 = DIRECTION ( 'NONE',  ( 0.0000000000000000000, 0.0000000000000000000, 1.000000000000000000 ) ) ;
#1941 = DIRECTION ( 'NONE',  ( 0.0000000000000000000, -1.000000000000000000, 0.0000000000000000000 ) ) ;
#1942 = FACE_OUTER_BOUND ( 'NONE', #1992, .T. ) ;
#1943 = AXIS2_PLACEMENT_3D ( 'NONE', #745, #4113, #1368 ) ;
#1944 = EDGE_CURVE ( 'NONE', #2837, #3923, #1796, .T. ) ;
#1945 = DIRECTION ( 'NONE',  ( 0.0000000000000000000, 0.0000000000000000000, -1.000000000000000000 ) ) ;
#1946 = ORIENTED_EDGE ( 'NONE', *, *, #3629, .F. ) ;
#1947 = AXIS2_PLACEMENT_3D ( 'NONE', #2978, #3214, #4309 ) ;
#1948 = AXIS2_PLACEMENT_3D ( 'NONE', #2130, #1764, #704 ) ;
#1949 = DIRECTION ( 'NONE',  ( 0.0000000000000000000, 0.06975647374412512203, -0.9975640502598243087 ) ) ;
#1950 = LINE ( 'NONE', #3298, #1678 ) ;
#1951 = EDGE_CURVE ( 'NONE', #3340, #2218, #2678, .T. ) ;
#1952 = VERTEX_POINT ( 'NONE', #1826 ) ;
#1953 = EDGE_CURVE ( 'NONE', #354, #3561, #3288, .T. ) ;
#1954 = AXIS2_PLACEMENT_3D ( 'NONE', #1821, #1174, #3860 ) ;
#1955 = ORIENTED_EDGE ( 'NONE', *, *, #1568, .T. ) ;
#1956 = CARTESIAN_POINT ( 'NONE',  ( 4.549999999999999822, 2.200000000000000178, 5.700000000000000178 ) ) ;
#1957 = CARTESIAN_POINT ( 'NONE',  ( -0.5000000000000000000, 6.820490948317419644, 5.141853884246501138 ) ) ;
#1958 = AXIS2_PLACEMENT_3D ( 'NONE', #2731, #1766, #1724 ) ;
#1959 = ORIENTED_EDGE ( 'NONE', *, *, #88, .F. ) ;
#1960 = DIRECTION ( 'NONE',  ( 0.0000000000000000000, -1.000000000000000000, 0.0000000000000000000 ) ) ;
#1961 = B_SPLINE_CURVE_WITH_KNOTS ( 'NONE', 3,
 ( #4249, #2270, #1761, #4130, #1806, #453 ),
 .UNSPECIFIED., .F., .F.,
 ( 4, 2, 4 ),
 ( 0.0000000000000000000, 0.4556032744929219835, 1.000000000000000000 ),
 .UNSPECIFIED. ) ;
#1962 = CARTESIAN_POINT ( 'NONE',  ( 4.750000000000000000, 7.750000000000000000, 0.4499999999999990119 ) ) ;
#1963 = SURFACE_STYLE_FILL_AREA ( #2583 ) ;
#1964 = CARTESIAN_POINT ( 'NONE',  ( 9.750000000000000000, 7.750000000000000000, 0.4500000000000020095 ) ) ;
#1965 = ORIENTED_EDGE ( 'NONE', *, *, #3953, .F. ) ;
#1966 = CARTESIAN_POINT ( 'NONE',  ( 10.50000000000000000, 0.6613248654051859798, 6.200000000000001066 ) ) ;
#1967 = CARTESIAN_POINT ( 'NONE',  ( 1.051396625977344401, 6.749929893934104363, 5.399706028596165552 ) ) ;
#1968 = CYLINDRICAL_SURFACE ( 'NONE', #173, 0.3999999999999993006 ) ;
#1969 = ORIENTED_EDGE ( 'NONE', *, *, #710, .T. ) ;
#1970 = EDGE_CURVE ( 'NONE', #85, #648, #141, .T. ) ;
#1971 = FILL_AREA_STYLE ('',( #2052 ) ) ;
#1972 = CARTESIAN_POINT ( 'NONE',  ( 7.500000000000000000, 2.836223840680269781, 9.300000000000000711 ) ) ;
#1973 = ORIENTED_EDGE ( 'NONE', *, *, #1984, .F. ) ;
#1974 = EDGE_CURVE ( 'NONE', #3674, #4075, #4140, .T. ) ;
#1975 = ORIENTED_EDGE ( 'NONE', *, *, #1175, .F. ) ;
#1976 = DIRECTION ( 'NONE',  ( 0.0000000000000000000, 1.000000000000000000, 0.0000000000000000000 ) ) ;
#1977 = ORIENTED_EDGE ( 'NONE', *, *, #2060, .T. ) ;
#1978 = CARTESIAN_POINT ( 'NONE',  ( 5.799999999999999822, 4.650000000000010125, 8.800000000000000711 ) ) ;
#1979 = ORIENTED_EDGE ( 'NONE', *, *, #435, .F. ) ;
#1980 = ORIENTED_EDGE ( 'NONE', *, *, #3604, .T. ) ;
#1981 =( NAMED_UNIT ( * ) SI_UNIT ( $, .STERADIAN. ) SOLID_ANGLE_UNIT ( ) );
#1982 = FACE_OUTER_BOUND ( 'NONE', #1416, .T. ) ;
#1983 = CARTESIAN_POINT ( 'NONE',  ( 9.550000000000000711, 2.200000000000000178, 0.6500000000000020206 ) ) ;
#1984 = EDGE_CURVE ( 'NONE', #2257, #2665, #997, .T. ) ;
#1985 = ORIENTED_EDGE ( 'NONE', *, *, #4049, .T. ) ;
#1986 = VECTOR ( 'NONE', #370, 1000.000000000000000 ) ;
#1987 = CARTESIAN_POINT ( 'NONE',  ( 2.500000000000000000, 2.650000000000010125, 8.100000000000010303 ) ) ;
#1988 = DIRECTION ( 'NONE',  ( 0.0000000000000000000, 1.000000000000000000, 0.0000000000000000000 ) ) ;
#1989 = ORIENTED_EDGE ( 'NONE', *, *, #3921, .F. ) ;
#1990 = PLANE ( 'NONE',  #4229 ) ;
#1991 = DIRECTION ( 'NONE',  ( 0.0000000000000000000, 1.000000000000000000, 0.0000000000000000000 ) ) ;
#1992 = EDGE_LOOP ( 'NONE', ( #3106, #686, #497, #1946 ) ) ;
#1993 =( BOUNDED_CURVE ( )  B_SPLINE_CURVE ( 3, ( #1258, #1608, #4269, #1283 ),
 .UNSPECIFIED., .F., .T. ) 
 B_SPLINE_CURVE_WITH_KNOTS ( ( 4, 4 ),
 ( 1.008957096879901538, 1.500983156715127498 ),
 .UNSPECIFIED. ) 
 CURVE ( )  GEOMETRIC_REPRESENTATION_ITEM ( )  RATIONAL_B_SPLINE_CURVE ( ( 1.000000000000000000, 0.9799274069394410258, 0.9799274069394410258, 1.000000000000000000 ) ) 
 REPRESENTATION_ITEM ( '' )  );
#1994 =( BOUNDED_CURVE ( )  B_SPLINE_CURVE ( 3, ( #814, #724, #2152, #2073 ),
 .UNSPECIFIED., .F., .T. ) 
 B_SPLINE_CURVE_WITH_KNOTS ( ( 4, 4 ),
 ( 2.977423445280399594, 3.130753692572652902 ),
 .UNSPECIFIED. ) 
 CURVE ( )  GEOMETRIC_REPRESENTATION_ITEM ( )  RATIONAL_B_SPLINE_CURVE ( ( 1.000000000000000000, 0.9980417790144132661, 0.9980417790144132661, 1.000000000000000000 ) ) 
 REPRESENTATION_ITEM ( '' )  );
#1995 = DIRECTION ( 'NONE',  ( -1.000000000000000000, 0.0000000000000000000, 0.0000000000000000000 ) ) ;
#1996 = ORIENTED_EDGE ( 'NONE', *, *, #488, .T. ) ;
#1997 = FACE_OUTER_BOUND ( 'NONE', #2263, .T. ) ;
#1998 = EDGE_CURVE ( 'NONE', #569, #1733, #601, .T. ) ;
#1999 = ORIENTED_EDGE ( 'NONE', *, *, #2100, .T. ) ;
#2000 = ORIENTED_EDGE ( 'NONE', *, *, #3913, .T. ) ;
#2001 = TOROIDAL_SURFACE ( 'NONE', #592, 1.600000000000000089, 0.1000000000000000056 ) ;
#2002 = DIRECTION ( 'NONE',  ( 0.0000000000000000000, -0.4264192316982558517, -0.9045256429962995615 ) ) ;
#2003 = CARTESIAN_POINT ( 'NONE',  ( 7.500000000000000000, -3.950000000000000178, 2.649999999999999911 ) ) ;
#2004 = ORIENTED_EDGE ( 'NONE', *, *, #826, .T. ) ;
#2005 = CARTESIAN_POINT ( 'NONE',  ( 2.500000000000000000, 4.250000000000009770, 8.100000000000010303 ) ) ;
#2006 = AXIS2_PLACEMENT_3D ( 'NONE', #3775, #2898, #1840 ) ;
#2007 = CARTESIAN_POINT ( 'NONE',  ( 3.976121095031226016, 6.379292657753690143, 5.607444991927677869 ) ) ;
#2008 = DIRECTION ( 'NONE',  ( 0.0000000000000000000, 1.000000000000000000, 0.0000000000000000000 ) ) ;
#2009 = LINE ( 'NONE', #227, #3252 ) ;
#2010 = AXIS2_PLACEMENT_3D ( 'NONE', #3929, #2026, #940 ) ;
#2011 = CIRCLE ( 'NONE', #459, 0.2999999999999999334 ) ;
#2012 = ORIENTED_EDGE ( 'NONE', *, *, #2710, .F. ) ;
#2013 = CARTESIAN_POINT ( 'NONE',  ( 4.182760555148930415, 6.093223787951091097, 5.414712066094880427 ) ) ;
#2014 = AXIS2_PLACEMENT_3D ( 'NONE', #1370, #3644, #595 ) ;
#2015 = EDGE_LOOP ( 'NONE', ( #573, #3994, #2614, #2418 ) ) ;
#2016 = AXIS2_PLACEMENT_3D ( 'NONE', #347, #2684, #3693 ) ;
#2017 = AXIS2_PLACEMENT_3D ( 'NONE', #3948, #2926, #2248 ) ;
#2018 = FILL_AREA_STYLE ('',( #4057 ) ) ;
#2019 = AXIS2_PLACEMENT_3D ( 'NONE', #215, #3517, #3165 ) ;
#2020 = CARTESIAN_POINT ( 'NONE',  ( 9.198613071924839346, 6.089357680825980168, 5.509810034670159951 ) ) ;
#2021 = ORIENTED_EDGE ( 'NONE', *, *, #2106, .T. ) ;
#2022 = DIRECTION ( 'NONE',  ( 1.000000000000000000, 0.0000000000000000000, 0.0000000000000000000 ) ) ;
#2023 = B_SPLINE_CURVE_WITH_KNOTS ( 'NONE', 3,
 ( #3136, #186, #2492, #830, #855, #2873 ),
 .UNSPECIFIED., .F., .F.,
 ( 4, 2, 4 ),
 ( 0.0000000000000000000, 0.5443967235633909718, 1.000000000000000000 ),
 .UNSPECIFIED. ) ;
#2024 = ORIENTED_EDGE ( 'NONE', *, *, #3972, .T. ) ;
#2025 = EDGE_CURVE ( 'NONE', #797, #3853, #1145, .T. ) ;
#2026 = DIRECTION ( 'NONE',  ( 0.0000000000000000000, 0.0000000000000000000, 1.000000000000000000 ) ) ;
#2027 = FACE_BOUND ( 'NONE', #3139, .T. ) ;
#2028 = VECTOR ( 'NONE', #2869, 1000.000000000000000 ) ;
#2029 = DIRECTION ( 'NONE',  ( 1.000000000000000000, 0.0000000000000000000, 0.0000000000000000000 ) ) ;
#2030 = ORIENTED_EDGE ( 'NONE', *, *, #3260, .F. ) ;
#2031 = VECTOR ( 'NONE', #504, 1000.000000000000000 ) ;
#2032 = ADVANCED_FACE ( 'NONE', ( #2566 ), #3964, .T. ) ;
#2033 = LINE ( 'NONE', #350, #3532 ) ;
#2034 = CARTESIAN_POINT ( 'NONE',  ( 4.549999999999999822, 7.250000000000000000, 0.6499999999999990230 ) ) ;
#2035 = B_SPLINE_CURVE_WITH_KNOTS ( 'NONE', 3,
 ( #1903, #2633, #2953, #1596 ),
 .UNSPECIFIED., .F., .F.,
 ( 4, 4 ),
 ( 0.0000000000000000000, 0.0001342552420930129351 ),
 .UNSPECIFIED. ) ;
#2036 = CARTESIAN_POINT ( 'NONE',  ( 3.549999999999999822, -1.462314593354880232, 3.990870176997180607 ) ) ;
#2037 = DIRECTION ( 'NONE',  ( 1.000000000000000000, 2.232180943352509796E-16, 0.0000000000000000000 ) ) ;
#2038 = AXIS2_PLACEMENT_3D ( 'NONE', #3436, #2163, #4161 ) ;
#2039 = ORIENTED_EDGE ( 'NONE', *, *, #2999, .T. ) ;
#2040 = ADVANCED_FACE ( 'NONE', ( #1600 ), #1246, .T. ) ;
#2041 = DIRECTION ( 'NONE',  ( 0.0000000000000000000, -3.675221047034999628E-15, 1.000000000000000000 ) ) ;
#2042 = CARTESIAN_POINT ( 'NONE',  ( 3.977386614090289818, 6.143310324244612097, 5.618805837179500884 ) ) ;
#2043 = CARTESIAN_POINT ( 'NONE',  ( 6.143990033716241861, 3.850000000000008527, 9.500000000000000000 ) ) ;
#2044 = ORIENTED_EDGE ( 'NONE', *, *, #3513, .T. ) ;
#2045 = FACE_OUTER_BOUND ( 'NONE', #2358, .T. ) ;
#2046 = DIRECTION ( 'NONE',  ( -6.323770134184271214E-17, -0.9848077530122081313, -0.1736481776669300259 ) ) ;
#2047 = VERTEX_POINT ( 'NONE', #2260 ) ;
#2048 = SURFACE_SIDE_STYLE ('',( #2430 ) ) ;
#2049 = FACE_OUTER_BOUND ( 'NONE', #4216, .T. ) ;
#2050 = ORIENTED_EDGE ( 'NONE', *, *, #3001, .F. ) ;
#2051 = DIRECTION ( 'NONE',  ( 0.0000000000000000000, -1.000000000000000000, 0.0000000000000000000 ) ) ;
#2052 = FILL_AREA_STYLE_COLOUR ( '', #1851 ) ;
#2053 = CIRCLE ( 'NONE', #148, 0.2499999999999997780 ) ;
#2054 = CARTESIAN_POINT ( 'NONE',  ( 7.423020349793491235, -1.462314593354880232, 5.694239332014509714 ) ) ;
#2055 = EDGE_CURVE ( 'NONE', #4075, #3076, #3779, .T. ) ;
#2056 = ORIENTED_EDGE ( 'NONE', *, *, #1786, .T. ) ;
#2057 = VECTOR ( 'NONE', #2467, 999.9999999999998863 ) ;
#2058 = DIRECTION ( 'NONE',  ( -0.2716300227878299944, 0.06713375248915300075, -0.9600573889080840084 ) ) ;
#2059 = CARTESIAN_POINT ( 'NONE',  ( 8.553947254147852064, 6.900000000000019895, 4.004821471746000228 ) ) ;
#2060 = EDGE_CURVE ( 'NONE', #1376, #3550, #4197, .T. ) ;
#2061 = ORIENTED_EDGE ( 'NONE', *, *, #361, .F. ) ;
#2062 = DIRECTION ( 'NONE',  ( 0.0000000000000000000, -0.4264192316982558517, -0.9045256429962995615 ) ) ;
#2063 = DIRECTION ( 'NONE',  ( -0.9622281902964742173, 0.0000000000000000000, -0.2722442098535290400 ) ) ;
#2064 = ADVANCED_FACE ( 'NONE', ( #1641 ), #1548, .T. ) ;
#2065 = EDGE_LOOP ( 'NONE', ( #3630, #2138, #1879, #3632 ) ) ;
#2066 = DIRECTION ( 'NONE',  ( -5.152643988049919983E-16, 0.0000000000000000000, -1.000000000000000000 ) ) ;
#2067 = FACE_OUTER_BOUND ( 'NONE', #217, .T. ) ;
#2068 = CARTESIAN_POINT ( 'NONE',  ( 9.068650814757519996, 3.850000000000010303, 9.236151811976069936 ) ) ;
#2069 = CARTESIAN_POINT ( 'NONE',  ( 9.550000000000000711, 7.250000000000000000, 0.6500000000000020206 ) ) ;
#2070 = CARTESIAN_POINT ( 'NONE',  ( 2.500000000000000000, 2.500000000000010214, 9.999999999999982236 ) ) ;
#2071 = ORIENTED_EDGE ( 'NONE', *, *, #1621, .F. ) ;
#2072 = DIRECTION ( 'NONE',  ( -0.9622281902964742173, 0.0000000000000000000, -0.2722442098535290400 ) ) ;
#2073 = CARTESIAN_POINT ( 'NONE',  ( 6.023102587141514697, 6.379062759268561145, 5.679065083714141871 ) ) ;
#2074 = FILL_AREA_STYLE_COLOUR ( '', #1232 ) ;
#2075 = FACE_OUTER_BOUND ( 'NONE', #1904, .T. ) ;
#2076 = EDGE_CURVE ( 'NONE', #409, #4226, #3734, .T. ) ;
#2077 = CIRCLE ( 'NONE', #3732, 0.5999999999999998668 ) ;
#2078 = VERTEX_POINT ( 'NONE', #2114 ) ;
#2079 = EDGE_LOOP ( 'NONE', ( #3555, #416, #2576, #3385 ) ) ;
#2080 = EDGE_CURVE ( 'NONE', #2275, #3359, #766, .T. ) ;
#2081 = SURFACE_SIDE_STYLE ('',( #1379 ) ) ;
#2082 = SURFACE_STYLE_USAGE ( .BOTH. , #3324 ) ;
#2083 = ORIENTED_EDGE ( 'NONE', *, *, #4253, .F. ) ;
#2084 = DIRECTION ( 'NONE',  ( 0.0000000000000000000, 0.0000000000000000000, 1.000000000000000000 ) ) ;
#2085 = SURFACE_STYLE_FILL_AREA ( #3070 ) ;
#2086 = SURFACE_SIDE_STYLE ('',( #43 ) ) ;
#2087 = EDGE_LOOP ( 'NONE', ( #3787, #3973 ) ) ;
#2088 = VECTOR ( 'NONE', #1216, 1000.000000000000000 ) ;
#2089 = EDGE_CURVE ( 'NONE', #3241, #4083, #3826, .T. ) ;
#2090 = EDGE_CURVE ( 'NONE', #4060, #1312, #861, .T. ) ;
#2091 = CIRCLE ( 'NONE', #1883, 1.413776159319739989 ) ;
#2092 = DIRECTION ( 'NONE',  ( 0.0000000000000000000, 1.000000000000000000, 0.0000000000000000000 ) ) ;
#2093 = PRESENTATION_LAYER_ASSIGNMENT (  '', '', ( #3321 ) ) ;
#2094 = VERTEX_POINT ( 'NONE', #3758 ) ;
#2095 = FILL_AREA_STYLE ('',( #787 ) ) ;
#2096 = STYLED_ITEM ( 'NONE', ( #1465 ), #3931 ) ;
#2097 = CARTESIAN_POINT ( 'NONE',  ( 6.447367575152527230, 6.900324961960823344, 4.000174299198464567 ) ) ;
#2098 =( GEOMETRIC_REPRESENTATION_CONTEXT ( 3 ) GLOBAL_UNCERTAINTY_ASSIGNED_CONTEXT ( ( #1047 ) ) GLOBAL_UNIT_ASSIGNED_CONTEXT ( ( #3534, #196, #1194 ) ) REPRESENTATION_CONTEXT ( 'NONE', 'WORKASPACE' ) );
#2099 = VERTEX_POINT ( 'NONE', #3079 ) ;
#2100 = EDGE_CURVE ( 'NONE', #1008, #3684, #94, .T. ) ;
#2101 = ORIENTED_EDGE ( 'NONE', *, *, #3078, .T. ) ;
#2102 = CARTESIAN_POINT ( 'NONE',  ( 0.0000000000000000000, 0.0000000000000000000, 0.0000000000000000000 ) ) ;
#2103 = ORIENTED_EDGE ( 'NONE', *, *, #3629, .T. ) ;
#2104 = CARTESIAN_POINT ( 'NONE',  ( 10.00000000000000000, 1.800000000000000266, 10.00000000000000000 ) ) ;
#2105 =( NAMED_UNIT ( * ) PLANE_ANGLE_UNIT ( ) SI_UNIT ( $, .RADIAN. ) );
#2106 = EDGE_CURVE ( 'NONE', #2983, #2964, #865, .T. ) ;
#2107 = UNCERTAINTY_MEASURE_WITH_UNIT (LENGTH_MEASURE( 1.000000000000000082E-05 ), #744, 'distance_accuracy_value', 'NONE');
#2108 = ORIENTED_EDGE ( 'NONE', *, *, #3635, .F. ) ;
#2109 = LINE ( 'NONE', #385, #2321 ) ;
#2110 = CARTESIAN_POINT ( 'NONE',  ( 0.5500000000000000444, 1.877542648054139951, 6.200000000000001066 ) ) ;
#2111 = FILL_AREA_STYLE_COLOUR ( '', #3527 ) ;
#2112 = VERTEX_POINT ( 'NONE', #1460 ) ;
#2113 = PLANE ( 'NONE',  #1948 ) ;
#2114 = CARTESIAN_POINT ( 'NONE',  ( 3.976897247608217167, 6.379062758811455680, 5.679065084669190355 ) ) ;
#2115 = CARTESIAN_POINT ( 'NONE',  ( -0.5000000000000000000, 6.700487189948059807, 3.990870176997180607 ) ) ;
#2116 = CARTESIAN_POINT ( 'NONE',  ( 9.550000000000000711, 6.250000000000031086, 0.6500000000000289990 ) ) ;
#2117 = ORIENTED_EDGE ( 'NONE', *, *, #1282, .T. ) ;
#2118 =( NAMED_UNIT ( * ) PLANE_ANGLE_UNIT ( ) SI_UNIT ( $, .RADIAN. ) );
#2119 =( NAMED_UNIT ( * ) SI_UNIT ( $, .STERADIAN. ) SOLID_ANGLE_UNIT ( ) );
#2120 = CARTESIAN_POINT ( 'NONE',  ( 3.999986798160709789, 6.250000000000089706, 5.549568022095440867 ) ) ;
#2121 = ORIENTED_EDGE ( 'NONE', *, *, #2526, .T. ) ;
#2122 = CARTESIAN_POINT ( 'NONE',  ( 9.005306635626549649, 6.250000000000079936, 5.631641418841220492 ) ) ;
#2123 = ORIENTED_EDGE ( 'NONE', *, *, #253, .F. ) ;
#2124 = DIRECTION ( 'NONE',  ( 0.0000000000000000000, 0.0000000000000000000, -1.000000000000000000 ) ) ;
#2125 = ORIENTED_EDGE ( 'NONE', *, *, #2326, .T. ) ;
#2126 = B_SPLINE_CURVE_WITH_KNOTS ( 'NONE', 3,
 ( #3099, #4114, #1123, #765 ),
 .UNSPECIFIED., .F., .F.,
 ( 4, 4 ),
 ( 9.545781775144834972E-14, 0.0001440939132138633390 ),
 .UNSPECIFIED. ) ;
#2127 = SURFACE_STYLE_FILL_AREA ( #783 ) ;
#2128 = EDGE_CURVE ( 'NONE', #2167, #3894, #1432, .T. ) ;
#2129 = ORIENTED_EDGE ( 'NONE', *, *, #1573, .F. ) ;
#2130 = CARTESIAN_POINT ( 'NONE',  ( 2.500000000000000000, 6.250000000000031086, 0.7499999999999981126 ) ) ;
#2131 = DIRECTION ( 'NONE',  ( -0.8660254037843231334, 0.5000000000002000622, 0.0000000000000000000 ) ) ;
#2132 = CARTESIAN_POINT ( 'NONE',  ( 3.908529899565567067, 6.803742317568937992, 5.258069125366942487 ) ) ;
#2133 = CARTESIAN_POINT ( 'NONE',  ( 6.003189994461259893, 6.250000000000031086, 5.517634239043990085 ) ) ;
#2134 = EDGE_CURVE ( 'NONE', #2780, #2161, #3772, .T. ) ;
#2135 = DIRECTION ( 'NONE',  ( 1.000000000000000000, 0.0000000000000000000, 0.0000000000000000000 ) ) ;
#2136 = DIRECTION ( 'NONE',  ( 0.0000000000000000000, -1.000000000000000000, 0.0000000000000000000 ) ) ;
#2137 = AXIS2_PLACEMENT_3D ( 'NONE', #2054, #1767, #4029 ) ;
#2138 = ORIENTED_EDGE ( 'NONE', *, *, #656, .F. ) ;
#2139 = DIRECTION ( 'NONE',  ( 0.0000000000000000000, 0.0000000000000000000, -1.000000000000000000 ) ) ;
#2140 = DIRECTION ( 'NONE',  ( 1.717547996016639994E-16, 0.0000000000000000000, 1.000000000000000000 ) ) ;
#2141 =( GEOMETRIC_REPRESENTATION_CONTEXT ( 3 ) GLOBAL_UNCERTAINTY_ASSIGNED_CONTEXT ( ( #428 ) ) GLOBAL_UNIT_ASSIGNED_CONTEXT ( ( #3349, #366, #1720 ) ) REPRESENTATION_CONTEXT ( 'NONE', 'WORKASPACE' ) );
#2142 = ORIENTED_EDGE ( 'NONE', *, *, #4252, .T. ) ;
#2143 = LINE ( 'NONE', #1476, #500 ) ;
#2144 = AXIS2_PLACEMENT_3D ( 'NONE', #448, #2826, #1849 ) ;
#2145 = CARTESIAN_POINT ( 'NONE',  ( 6.431818181818189650, 4.795454545454529871, 1.631818181818190050 ) ) ;
#2146 = STYLED_ITEM ( 'NONE', ( #3518 ), #944 ) ;
#2147 = EDGE_CURVE ( 'NONE', #26, #797, #1748, .T. ) ;
#2148 = ORIENTED_EDGE ( 'NONE', *, *, #3906, .F. ) ;
#2149 = VECTOR ( 'NONE', #3839, 1000.000000000000000 ) ;
#2150 = CARTESIAN_POINT ( 'NONE',  ( 3.976897247608217167, 6.379062758811455680, 5.679065084669190355 ) ) ;
#2151 = DIRECTION ( 'NONE',  ( -1.000000000000000000, 0.0000000000000000000, 5.152643988049929844E-16 ) ) ;
#2152 = CARTESIAN_POINT ( 'NONE',  ( 6.023878904919858890, 6.379292657739202177, 5.607444992500937531 ) ) ;
#2153 = FACE_OUTER_BOUND ( 'NONE', #651, .T. ) ;
#2154 = COLOUR_RGB ( '',0.2862745098039215508, 0.6431372549019607199, 0.8666666666666666963 ) ;
#2155 = SURFACE_STYLE_USAGE ( .BOTH. , #4089 ) ;
#2156 = LINE ( 'NONE', #3205, #4300 ) ;
#2157 = EDGE_CURVE ( 'NONE', #2099, #4277, #1413, .T. ) ;
#2158 = CARTESIAN_POINT ( 'NONE',  ( 7.500000000000000000, -3.950000000000000178, 2.149999999999999911 ) ) ;
#2159 = CARTESIAN_POINT ( 'NONE',  ( 2.500000000000000000, 6.000000000000000000, 8.000000000000000000 ) ) ;
#2160 = PRESENTATION_LAYER_ASSIGNMENT (  '', '', ( #4232 ) ) ;
#2161 = VERTEX_POINT ( 'NONE', #4132 ) ;
#2162 = VECTOR ( 'NONE', #597, 1000.000000000000000 ) ;
#2163 = DIRECTION ( 'NONE',  ( 0.0000000000000000000, 0.0000000000000000000, 1.000000000000000000 ) ) ;
#2164 = ORIENTED_EDGE ( 'NONE', *, *, #2892, .T. ) ;
#2165 = CARTESIAN_POINT ( 'NONE',  ( 6.047237146905950489, 6.457750997099076962, 5.432878492312125829 ) ) ;
#2166 = DIRECTION ( 'NONE',  ( 0.0000000000000000000, 0.0000000000000000000, -1.000000000000000000 ) ) ;
#2167 = VERTEX_POINT ( 'NONE', #4051 ) ;
#2168 = CARTESIAN_POINT ( 'NONE',  ( 8.871701747922880799, 6.620978138265459556, 5.127902589497660202 ) ) ;
#2169 = CARTESIAN_POINT ( 'NONE',  ( 2.500000000000000000, 2.650000000000010125, 9.500000000000010658 ) ) ;
#2170 = CARTESIAN_POINT ( 'NONE',  ( 2.500000000000000000, 2.836223840680269781, 9.300000000000009592 ) ) ;
#2171 = CARTESIAN_POINT ( 'NONE',  ( 2.500000000000000000, 5.950000000000040146, 1.349999999999999867 ) ) ;
#2172 = FILL_AREA_STYLE ('',( #3554 ) ) ;
#2173 = ORIENTED_EDGE ( 'NONE', *, *, #1704, .F. ) ;
#2174 = DIRECTION ( 'NONE',  ( 0.0000000000000000000, 0.0000000000000000000, -1.000000000000000000 ) ) ;
#2175 = CARTESIAN_POINT ( 'NONE',  ( 10.50000000000000000, 1.838675134594820015, 0.0000000000000000000 ) ) ;
#2176 = PLANE ( 'NONE',  #1039 ) ;
#2177 = EDGE_CURVE ( 'NONE', #3444, #8, #1994, .T. ) ;
#2178 = CYLINDRICAL_SURFACE ( 'NONE', #943, 1.749999999999990230 ) ;
#2179 = ORIENTED_EDGE ( 'NONE', *, *, #1030, .F. ) ;
#2180 = CARTESIAN_POINT ( 'NONE',  ( 4.549999999999999822, 2.200000000000000178, 0.7499999999999990008 ) ) ;
#2181 = DIRECTION ( 'NONE',  ( 1.000000000000000000, 0.0000000000000000000, 0.0000000000000000000 ) ) ;
#2182 = ORIENTED_EDGE ( 'NONE', *, *, #1998, .T. ) ;
#2183 = AXIS2_PLACEMENT_3D ( 'NONE', #1624, #3990, #1670 ) ;
#2184 = CARTESIAN_POINT ( 'NONE',  ( 9.550000000000000711, 2.200000000000000178, 5.700000000000000178 ) ) ;
#2185 = UNCERTAINTY_MEASURE_WITH_UNIT (LENGTH_MEASURE( 1.000000000000000082E-05 ), #3430, 'distance_accuracy_value', 'NONE');
#2186 = MECHANICAL_DESIGN_GEOMETRIC_PRESENTATION_REPRESENTATION (  '', ( #2667 ), #2806 ) ;
#2187 = CARTESIAN_POINT ( 'NONE',  ( 2.500000000000000000, 2.550000000114664545, 8.100000000000010303 ) ) ;
#2188 = EDGE_LOOP ( 'NONE', ( #3082, #937, #1580, #3283 ) ) ;
#2189 = CARTESIAN_POINT ( 'NONE',  ( 7.500000000000000000, 2.500000000000000444, 9.999999999999992895 ) ) ;
#2190 = CARTESIAN_POINT ( 'NONE',  ( 4.549999999999999822, 2.200000000000000178, 5.700000000000000178 ) ) ;
#2191 = CARTESIAN_POINT ( 'NONE',  ( 2.500000000000000000, 4.250000000000009770, 8.000000000000010658 ) ) ;
#2192 = FACE_BOUND ( 'NONE', #3, .T. ) ;
#2193 = DIRECTION ( 'NONE',  ( 1.000000000000000000, 0.0000000000000000000, 0.0000000000000000000 ) ) ;
#2194 =( NAMED_UNIT ( * ) PLANE_ANGLE_UNIT ( ) SI_UNIT ( $, .RADIAN. ) );
#2195 = EDGE_LOOP ( 'NONE', ( #2613, #3709, #2514, #2642 ) ) ;
#2196 = EDGE_CURVE ( 'NONE', #874, #3561, #3093, .T. ) ;
#2197 = CARTESIAN_POINT ( 'NONE',  ( 0.0000000000000000000, 6.733652732787760442, 9.738256522761849610 ) ) ;
#2198 = CARTESIAN_POINT ( 'NONE',  ( 5.906089525206200008, 3.850000000000010303, 8.893318922984189356 ) ) ;
#2199 = EDGE_LOOP ( 'NONE', ( #3268, #1012, #13, #3169 ) ) ;
#2200 = FACE_OUTER_BOUND ( 'NONE', #457, .T. ) ;
#2201 = EDGE_CURVE ( 'NONE', #3615, #3259, #4204, .T. ) ;
#2202 = ORIENTED_EDGE ( 'NONE', *, *, #2206, .T. ) ;
#2203 =( NAMED_UNIT ( * ) SI_UNIT ( $, .STERADIAN. ) SOLID_ANGLE_UNIT ( ) );
#2204 = PRESENTATION_LAYER_ASSIGNMENT (  '', '', ( #4084 ) ) ;
#2205 = AXIS2_PLACEMENT_3D ( 'NONE', #4014, #1023, #956 ) ;
#2206 = EDGE_CURVE ( 'NONE', #3587, #2305, #56, .T. ) ;
#2207 = CARTESIAN_POINT ( 'NONE',  ( 3.948605800780474961, 6.749926635176998424, 5.399714605802582668 ) ) ;
#2208 = AXIS2_PLACEMENT_3D ( 'NONE', #2606, #1335, #2629 ) ;
#2209 = LINE ( 'NONE', #523, #1302 ) ;
#2210 = CARTESIAN_POINT ( 'NONE',  ( 0.9371073885687780658, 4.650000000000010125, 9.314249409997584550 ) ) ;
#2211 =( NAMED_UNIT ( * ) PLANE_ANGLE_UNIT ( ) SI_UNIT ( $, .RADIAN. ) );
#2212 = COLOUR_RGB ( '',0.2862745098039215508, 0.6431372549019607199, 0.8666666666666666963 ) ;
#2213 = AXIS2_PLACEMENT_3D ( 'NONE', #2738, #2442, #421 ) ;
#2214 = EDGE_LOOP ( 'NONE', ( #2791, #67, #1698, #3299 ) ) ;
#2215 = DIRECTION ( 'NONE',  ( 5.152643988049929844E-16, 0.0000000000000000000, 1.000000000000000000 ) ) ;
#2216 = CIRCLE ( 'NONE', #3879, 0.4000000000000001887 ) ;
#2217 = PLANE ( 'NONE',  #3394 ) ;
#2218 = VERTEX_POINT ( 'NONE', #3840 ) ;
#2219 = CARTESIAN_POINT ( 'NONE',  ( 7.500000000000000000, 0.1499999999999999944, 2.649999999999999911 ) ) ;
#2220 = VERTEX_POINT ( 'NONE', #1565 ) ;
#2221 = CARTESIAN_POINT ( 'NONE',  ( 2.500000000000000000, -4.450000000000000178, 2.899999999999990141 ) ) ;
#2222 = AXIS2_PLACEMENT_3D ( 'NONE', #4004, #1617, #2930 ) ;
#2223 = VERTEX_POINT ( 'NONE', #2860 ) ;
#2224 = DIRECTION ( 'NONE',  ( 0.0000000000000000000, 1.000000000000000000, 0.0000000000000000000 ) ) ;
#2225 = B_SPLINE_CURVE_WITH_KNOTS ( 'NONE', 3,
 ( #144, #2854, #3198, #873 ),
 .UNSPECIFIED., .F., .F.,
 ( 4, 4 ),
 ( 1.226634733346699349E-18, 0.0002372961508611061182 ),
 .UNSPECIFIED. ) ;
#2226 = FILL_AREA_STYLE ('',( #3470 ) ) ;
#2227 = ADVANCED_FACE ( 'NONE', ( #2901 ), #150, .T. ) ;
#2228 = ORIENTED_EDGE ( 'NONE', *, *, #1024, .F. ) ;
#2229 = LINE ( 'NONE', #2169, #3600 ) ;
#2230 = CARTESIAN_POINT ( 'NONE',  ( 9.059110900119858201, 3.850000000000010303, 9.365540160509221224 ) ) ;
#2231 = ORIENTED_EDGE ( 'NONE', *, *, #1621, .T. ) ;
#2232 = CARTESIAN_POINT ( 'NONE',  ( 15.00000000000000000, 7.750000000000000000, 0.0000000000000000000 ) ) ;
#2233 = FACE_OUTER_BOUND ( 'NONE', #804, .T. ) ;
#2234 = CARTESIAN_POINT ( 'NONE',  ( 4.500000000000000888, 6.820490948317419644, 5.141853884246489592 ) ) ;
#2235 = LINE ( 'NONE', #948, #1649 ) ;
#2236 = ORIENTED_EDGE ( 'NONE', *, *, #2649, .T. ) ;
#2237 = CARTESIAN_POINT ( 'NONE',  ( 6.022614399924370865, 6.143310571542220266, 5.618793688040031320 ) ) ;
#2238 = ORIENTED_EDGE ( 'NONE', *, *, #3266, .F. ) ;
#2239 = CARTESIAN_POINT ( 'NONE',  ( 2.500000000000000000, -4.450000000000000178, 2.399999999999989697 ) ) ;
#2240 = ORIENTED_EDGE ( 'NONE', *, *, #3019, .T. ) ;
#2241 = EDGE_CURVE ( 'NONE', #2315, #4122, #1068, .T. ) ;
#2242 = ORIENTED_EDGE ( 'NONE', *, *, #518, .F. ) ;
#2243 =( LENGTH_UNIT ( ) NAMED_UNIT ( * ) SI_UNIT ( .MILLI., .METRE. ) );
#2244 = EDGE_LOOP ( 'NONE', ( #320, #621 ) ) ;
#2245 = STYLED_ITEM ( 'NONE', ( #1279 ), #1702 ) ;
#2246 = ORIENTED_EDGE ( 'NONE', *, *, #2737, .T. ) ;
#2247 = EDGE_CURVE ( 'NONE', #1478, #3723, #3643, .T. ) ;
#2248 = DIRECTION ( 'NONE',  ( 0.0000000000000000000, -1.000000000000000000, 0.0000000000000000000 ) ) ;
#2249 = PRESENTATION_STYLE_ASSIGNMENT (( #549 ) ) ;
#2250 = DIRECTION ( 'NONE',  ( 0.0000000000000000000, 1.000000000000000000, 0.0000000000000000000 ) ) ;
#2251 = ORIENTED_EDGE ( 'NONE', *, *, #3865, .T. ) ;
#2252 = VECTOR ( 'NONE', #132, 1000.000000000000000 ) ;
#2253 = EDGE_CURVE ( 'NONE', #3037, #1376, #2209, .T. ) ;
#2254 = SURFACE_STYLE_USAGE ( .BOTH. , #928 ) ;
#2255 = CARTESIAN_POINT ( 'NONE',  ( 0.8992189406417899766, 4.650000000000010125, 8.800000000000009592 ) ) ;
#2256 = DIRECTION ( 'NONE',  ( -5.152643988049929844E-16, 0.0000000000000000000, -1.000000000000000000 ) ) ;
#2257 = VERTEX_POINT ( 'NONE', #4172 ) ;
#2258 = EDGE_CURVE ( 'NONE', #3199, #3969, #3789, .T. ) ;
#2259 = PRESENTATION_STYLE_ASSIGNMENT (( #3677 ) ) ;
#2260 = CARTESIAN_POINT ( 'NONE',  ( 10.00000000000000000, 1.718879291340180027, 9.827925769509480602 ) ) ;
#2261 = DIRECTION ( 'NONE',  ( -0.8660254037844391517, -0.4999999999999990563, 0.0000000000000000000 ) ) ;
#2262 = ORIENTED_EDGE ( 'NONE', *, *, #1486, .T. ) ;
#2263 = EDGE_LOOP ( 'NONE', ( #3974, #53, #2101, #4231, #3407, #3704 ) ) ;
#2264 = PLANE ( 'NONE',  #643 ) ;
#2265 = EDGE_LOOP ( 'NONE', ( #377, #3018, #2462, #3869 ) ) ;
#2266 = DIRECTION ( 'NONE',  ( 0.0000000000000000000, 1.000000000000000000, 0.0000000000000000000 ) ) ;
#2267 = VERTEX_POINT ( 'NONE', #3186 ) ;
#2268 = ORIENTED_EDGE ( 'NONE', *, *, #730, .F. ) ;
#2269 = CYLINDRICAL_SURFACE ( 'NONE', #2950, 0.5000000000000000000 ) ;
#2270 = CARTESIAN_POINT ( 'NONE',  ( 0.9313491852499899970, 3.850000000000010303, 9.236151811974510295 ) ) ;
#2271 = DIRECTION ( 'NONE',  ( -1.000000000000000000, 0.0000000000000000000, 1.717547996016639994E-16 ) ) ;
#2272 = FACE_OUTER_BOUND ( 'NONE', #1253, .T. ) ;
#2273 = ADVANCED_FACE ( 'NONE', ( #2541 ), #906, .T. ) ;
#2274 = AXIS2_PLACEMENT_3D ( 'NONE', #3877, #1853, #3854 ) ;
#2275 = VERTEX_POINT ( 'NONE', #3008 ) ;
#2276 = FACE_OUTER_BOUND ( 'NONE', #694, .T. ) ;
#2277 = DIRECTION ( 'NONE',  ( 2.232180943352509796E-16, -1.000000000000000000, 0.0000000000000000000 ) ) ;
#2278 = CARTESIAN_POINT ( 'NONE',  ( 0.9060895252062000083, 4.650000000000010125, 8.893318922984189356 ) ) ;
#2279 = AXIS2_PLACEMENT_3D ( 'NONE', #1445, #2139, #2808 ) ;
#2280 = CARTESIAN_POINT ( 'NONE',  ( 1.008157734995720034, 6.591285235931310993, 5.552530875971460667 ) ) ;
#2281 = EDGE_CURVE ( 'NONE', #4083, #4202, #701, .T. ) ;
#2282 = ORIENTED_EDGE ( 'NONE', *, *, #2339, .T. ) ;
#2283 = AXIS2_PLACEMENT_3D ( 'NONE', #2003, #2250, #1369 ) ;
#2284 = VECTOR ( 'NONE', #1458, 1000.000000000000000 ) ;
#2285 = DIRECTION ( 'NONE',  ( 0.0000000000000000000, 1.000000000000000000, 0.0000000000000000000 ) ) ;
#2286 = VERTEX_POINT ( 'NONE', #984 ) ;
#2287 = EDGE_LOOP ( 'NONE', ( #1768, #2361, #2852, #3607 ) ) ;
#2288 = COLOUR_RGB ( '',0.2862745098039215508, 0.6431372549019607199, 0.8666666666666666963 ) ;
#2289 = CARTESIAN_POINT ( 'NONE',  ( 7.500000000000000000, -4.450000000000000178, 2.649999999999999911 ) ) ;
#2290 = ORIENTED_EDGE ( 'NONE', *, *, #3580, .T. ) ;
#2291 = CARTESIAN_POINT ( 'NONE',  ( 10.00000000000000000, 7.450000000000000178, 6.200000000000001066 ) ) ;
#2292 =( GEOMETRIC_REPRESENTATION_CONTEXT ( 3 ) GLOBAL_UNCERTAINTY_ASSIGNED_CONTEXT ( ( #2828 ) ) GLOBAL_UNIT_ASSIGNED_CONTEXT ( ( #4068, #1396, #95 ) ) REPRESENTATION_CONTEXT ( 'NONE', 'WORKASPACE' ) );
#2293 = ORIENTED_EDGE ( 'NONE', *, *, #2965, .T. ) ;
#2294 = FILL_AREA_STYLE_COLOUR ( '', #2400 ) ;
#2295 = CARTESIAN_POINT ( 'NONE',  ( 4.006141391221530235, 6.250000000000030198, 5.699344090454336431 ) ) ;
#2296 = ORIENTED_EDGE ( 'NONE', *, *, #2025, .T. ) ;
#2297 =( LENGTH_UNIT ( ) NAMED_UNIT ( * ) SI_UNIT ( .MILLI., .METRE. ) );
#2298 = CARTESIAN_POINT ( 'NONE',  ( 7.500000000000000000, 2.550000000114664545, 8.099999999999999645 ) ) ;
#2299 = CARTESIAN_POINT ( 'NONE',  ( 2.576979650206510097, 6.669166114049719596, 5.694239332014520372 ) ) ;
#2300 = VERTEX_POINT ( 'NONE', #3596 ) ;
#2301 = ADVANCED_FACE ( 'NONE', ( #1308 ), #3950, .T. ) ;
#2302 = DIRECTION ( 'NONE',  ( 0.0000000000000000000, 0.0000000000000000000, 1.000000000000000000 ) ) ;
#2303 = ORIENTED_EDGE ( 'NONE', *, *, #3019, .F. ) ;
#2304 = SURFACE_STYLE_USAGE ( .BOTH. , #2593 ) ;
#2305 = VERTEX_POINT ( 'NONE', #1962 ) ;
#2306 = DIRECTION ( 'NONE',  ( 0.0000000000000000000, 1.000000000000000000, 0.0000000000000000000 ) ) ;
#2307 =( BOUNDED_CURVE ( )  B_SPLINE_CURVE ( 3, ( #824, #472, #1199, #1467 ),
 .UNSPECIFIED., .F., .T. ) 
 B_SPLINE_CURVE_WITH_KNOTS ( ( 4, 4 ),
 ( 2.977423445241600852, 3.130753691978359399 ),
 .UNSPECIFIED. ) 
 CURVE ( )  GEOMETRIC_REPRESENTATION_ITEM ( )  RATIONAL_B_SPLINE_CURVE ( ( 1.000000000000000000, 0.9980417790285951440, 0.9980417790285951440, 1.000000000000000000 ) ) 
 REPRESENTATION_ITEM ( '' )  );
#2308 = UNCERTAINTY_MEASURE_WITH_UNIT (LENGTH_MEASURE( 1.000000000000000082E-05 ), #3034, 'distance_accuracy_value', 'NONE');
#2309 = ORIENTED_EDGE ( 'NONE', *, *, #1491, .F. ) ;
#2310 = VERTEX_POINT ( 'NONE', #3331 ) ;
#2311 = DIRECTION ( 'NONE',  ( 0.0000000000000000000, 0.8944271912368472188, -0.4472135950260953119 ) ) ;
#2312 = CARTESIAN_POINT ( 'NONE',  ( 5.450000000000009948, 2.200000000000000178, 5.799999999999999822 ) ) ;
#2313 = CARTESIAN_POINT ( 'NONE',  ( 1.042075563605189936, 6.384681409738329982, 5.464040510342130119 ) ) ;
#2314 = VECTOR ( 'NONE', #1581, 1000.000000000000000 ) ;
#2315 = VERTEX_POINT ( 'NONE', #590 ) ;
#2316 = FILL_AREA_STYLE ('',( #4255 ) ) ;
#2317 = PRESENTATION_LAYER_ASSIGNMENT (  '', '', ( #3918 ) ) ;
#2318 = FILL_AREA_STYLE_COLOUR ( '', #2987 ) ;
#2319 = CARTESIAN_POINT ( 'NONE',  ( 5.250000000000000000, 7.750000000000000000, 0.6500000000000040190 ) ) ;
#2320 = CARTESIAN_POINT ( 'NONE',  ( 8.552632424847471881, 6.900324961960823344, 4.000174299198465455 ) ) ;
#2321 = VECTOR ( 'NONE', #73, 1000.000000000000000 ) ;
#2322 = ORIENTED_EDGE ( 'NONE', *, *, #190, .T. ) ;
#2323 = FACE_OUTER_BOUND ( 'NONE', #3542, .T. ) ;
#2324 = AXIS2_PLACEMENT_3D ( 'NONE', #2170, #1231, #2815 ) ;
#2325 = ORIENTED_EDGE ( 'NONE', *, *, #2025, .F. ) ;
#2326 = EDGE_CURVE ( 'NONE', #2874, #920, #29, .T. ) ;
#2327 = DIRECTION ( 'NONE',  ( -1.000000000000000000, 0.0000000000000000000, 0.0000000000000000000 ) ) ;
#2328 =( NAMED_UNIT ( * ) PLANE_ANGLE_UNIT ( ) SI_UNIT ( $, .RADIAN. ) );
#2329 = ORIENTED_EDGE ( 'NONE', *, *, #2326, .F. ) ;
#2330 = FACE_OUTER_BOUND ( 'NONE', #2495, .T. ) ;
#2331 = CARTESIAN_POINT ( 'NONE',  ( -0.5000000000000000000, 6.370920840910899940, 3.569044486294639995 ) ) ;
#2332 = EDGE_CURVE ( 'NONE', #3723, #2386, #175, .T. ) ;
#2333 = ORIENTED_EDGE ( 'NONE', *, *, #2340, .T. ) ;
#2334 = VECTOR ( 'NONE', #3960, 1000.000000000000000 ) ;
#2335 = CARTESIAN_POINT ( 'NONE',  ( 8.856009966283759027, 4.650000000000010125, 9.500000000000000000 ) ) ;
#2336 = CARTESIAN_POINT ( 'NONE',  ( 4.750000000000000000, 7.750000000000000000, 5.700000000000000178 ) ) ;
#2337 = CARTESIAN_POINT ( 'NONE',  ( 2.500000000000000000, 4.250000000000009770, 8.100000000000010303 ) ) ;
#2338 = CARTESIAN_POINT ( 'NONE',  ( 1.022614399924369977, 6.143310571542220266, 5.618793688040031320 ) ) ;
#2339 = EDGE_CURVE ( 'NONE', #2964, #1217, #2662, .T. ) ;
#2340 = EDGE_CURVE ( 'NONE', #554, #2573, #3661, .T. ) ;
#2341 = ORIENTED_EDGE ( 'NONE', *, *, #3967, .F. ) ;
#2342 = STYLED_ITEM ( 'NONE', ( #3573 ), #2301 ) ;
#2343 = DIRECTION ( 'NONE',  ( 3.641714079092569968E-16, 0.0000000000000000000, -1.000000000000000000 ) ) ;
#2344 = VECTOR ( 'NONE', #3698, 1000.000000000000000 ) ;
#2345 = LINE ( 'NONE', #3277, #2641 ) ;
#2346 = PRESENTATION_STYLE_ASSIGNMENT (( #3338 ) ) ;
#2347 = CARTESIAN_POINT ( 'NONE',  ( 0.7999999999999990452, 4.650000000000010125, 9.500000000000010658 ) ) ;
#2348 = AXIS2_PLACEMENT_3D ( 'NONE', #3852, #3508, #4143 ) ;
#2349 = EDGE_LOOP ( 'NONE', ( #3450, #2831, #263, #4199 ) ) ;
#2350 = MECHANICAL_DESIGN_GEOMETRIC_PRESENTATION_REPRESENTATION (  '', ( #3177 ), #2141 ) ;
#2351 = DIRECTION ( 'NONE',  ( 0.0000000000000000000, -0.9848077530122081313, -0.1736481776669300259 ) ) ;
#2352 = CARTESIAN_POINT ( 'NONE',  ( 3.976962475704029831, 6.379043491581979808, 5.701173905684830068 ) ) ;
#2353 = ORIENTED_EDGE ( 'NONE', *, *, #2134, .T. ) ;
#2354 = AXIS2_PLACEMENT_3D ( 'NONE', #1115, #2449, #3765 ) ;
#2355 = VECTOR ( 'NONE', #3185, 1000.000000000000000 ) ;
#2356 = CARTESIAN_POINT ( 'NONE',  ( 1.124350997929270068, 6.820490948317419644, 5.141853884246501138 ) ) ;
#2357 = CIRCLE ( 'NONE', #473, 0.4000000000000001887 ) ;
#2358 = EDGE_LOOP ( 'NONE', ( #1399, #2050 ) ) ;
#2359 = CARTESIAN_POINT ( 'NONE',  ( 7.500000000000000000, 4.250000000000009770, 8.800000000000000711 ) ) ;
#2360 = PRESENTATION_STYLE_ASSIGNMENT (( #1423 ) ) ;
#2361 = ORIENTED_EDGE ( 'NONE', *, *, #240, .F. ) ;
#2362 = CARTESIAN_POINT ( 'NONE',  ( 8.994607792362440790, 6.250000000000405898, 5.499015461809749539 ) ) ;
#2363 = EDGE_CURVE ( 'NONE', #185, #1952, #2927, .T. ) ;
#2364 = PRESENTATION_STYLE_ASSIGNMENT (( #3442 ) ) ;
#2365 = CARTESIAN_POINT ( 'NONE',  ( 10.00000000000000000, 1.550000000000000266, 6.200000000000001066 ) ) ;
#2366 = ORIENTED_EDGE ( 'NONE', *, *, #1466, .T. ) ;
#2367 = VECTOR ( 'NONE', #3932, 1000.000000000000000 ) ;
#2368 = B_SPLINE_CURVE_WITH_KNOTS ( 'NONE', 3,
 ( #496, #1473, #2788, #3814 ),
 .UNSPECIFIED., .F., .F.,
 ( 4, 4 ),
 ( 2.431334016083090459E-11, 0.0001342749659825198671 ),
 .UNSPECIFIED. ) ;
#2369 = CARTESIAN_POINT ( 'NONE',  ( 7.500000000000000000, 4.250000000000009770, 9.500000000000000000 ) ) ;
#2370 = EDGE_CURVE ( 'NONE', #1392, #585, #2683, .T. ) ;
#2371 = CARTESIAN_POINT ( 'NONE',  ( 0.5500000000000100364, 0.6224573519455459669, 6.200000000000001066 ) ) ;
#2372 = DIRECTION ( 'NONE',  ( 1.000000000000000000, 0.0000000000000000000, 0.0000000000000000000 ) ) ;
#2373 = SURFACE_SIDE_STYLE ('',( #2396 ) ) ;
#2374 = EDGE_CURVE ( 'NONE', #2305, #934, #3998, .T. ) ;
#2375 = PLANE ( 'NONE',  #685 ) ;
#2376 = SURFACE_STYLE_USAGE ( .BOTH. , #3652 ) ;
#2377 = ORIENTED_EDGE ( 'NONE', *, *, #2677, .F. ) ;
#2378 = PLANE ( 'NONE',  #2694 ) ;
#2379 = FILL_AREA_STYLE_COLOUR ( '', #2972 ) ;
#2380 = EDGE_CURVE ( 'NONE', #2874, #1373, #316, .T. ) ;
#2381 = ORIENTED_EDGE ( 'NONE', *, *, #3386, .F. ) ;
#2382 = DIRECTION ( 'NONE',  ( 0.0000000000000000000, -1.000000000000000000, 0.0000000000000000000 ) ) ;
#2383 = CARTESIAN_POINT ( 'NONE',  ( 0.0000000000000000000, 0.6500000000000001332, 6.388051065821461094 ) ) ;
#2384 = SURFACE_STYLE_USAGE ( .BOTH. , #2048 ) ;
#2385 = EDGE_CURVE ( 'NONE', #1347, #1373, #1961, .T. ) ;
#2386 = VERTEX_POINT ( 'NONE', #415 ) ;
#2387 = CARTESIAN_POINT ( 'NONE',  ( 1.449999999999999956, 6.370920840910899940, 3.569044486294639995 ) ) ;
#2388 = CARTESIAN_POINT ( 'NONE',  ( 1.449999999999999956, -1.462314593354880232, 3.990870176997180607 ) ) ;
#2389 = CARTESIAN_POINT ( 'NONE',  ( 0.9938586087084732013, 6.250000000000052403, 5.699344090454423473 ) ) ;
#2390 = DIRECTION ( 'NONE',  ( 0.0000000000000000000, 0.0000000000000000000, 1.000000000000000000 ) ) ;
#2391 = VECTOR ( 'NONE', #1995, 1000.000000000000000 ) ;
#2392 = FACE_OUTER_BOUND ( 'NONE', #4066, .T. ) ;
#2393 = LINE ( 'NONE', #2116, #752 ) ;
#2394 = EDGE_CURVE ( 'NONE', #1625, #2598, #1436, .T. ) ;
#2395 = VERTEX_POINT ( 'NONE', #3030 ) ;
#2396 = SURFACE_STYLE_FILL_AREA ( #1128 ) ;
#2397 = VECTOR ( 'NONE', #4115, 1000.000000000000000 ) ;
#2398 = EDGE_CURVE ( 'NONE', #296, #2573, #809, .T. ) ;
#2399 = ORIENTED_EDGE ( 'NONE', *, *, #545, .T. ) ;
#2400 = COLOUR_RGB ( '',0.2862745098039215508, 0.6431372549019607199, 0.8666666666666666963 ) ;
#2401 = CARTESIAN_POINT ( 'NONE',  ( 10.00000000000000000, 7.150000000000000355, 6.500000000000000888 ) ) ;
#2402 = ORIENTED_EDGE ( 'NONE', *, *, #646, .T. ) ;
#2403 =( NAMED_UNIT ( * ) SI_UNIT ( $, .STERADIAN. ) SOLID_ANGLE_UNIT ( ) );
#2404 = PLANE ( 'NONE',  #1802 ) ;
#2405 = FILL_AREA_STYLE ('',( #71 ) ) ;
#2406 = UNCERTAINTY_MEASURE_WITH_UNIT (LENGTH_MEASURE( 1.000000000000000082E-05 ), #1079, 'distance_accuracy_value', 'NONE');
#2407 = DIRECTION ( 'NONE',  ( 1.000000000000000000, 0.0000000000000000000, 3.641714079092569968E-16 ) ) ;
#2408 = DIRECTION ( 'NONE',  ( 0.0000000000000000000, 1.000000000000000000, 0.0000000000000000000 ) ) ;
#2409 = VERTEX_POINT ( 'NONE', #2793 ) ;
#2410 = DIRECTION ( 'NONE',  ( 0.0000000000000000000, 0.1275217425395260284, -0.9918357753074259486 ) ) ;
#2411 = CARTESIAN_POINT ( 'NONE',  ( 0.9937846371275299573, 6.250000000000009770, 5.675366343103219968 ) ) ;
#2412 = AXIS2_PLACEMENT_3D ( 'NONE', #2607, #3540, #4280 ) ;
#2413 = EDGE_CURVE ( 'NONE', #4128, #425, #1051, .T. ) ;
#2414 = DIRECTION ( 'NONE',  ( 1.000000000000000000, 0.0000000000000000000, 0.0000000000000000000 ) ) ;
#2415 = CARTESIAN_POINT ( 'NONE',  ( 4.059110900119859977, 3.850000000000010303, 9.365540160509221224 ) ) ;
#2416 = EDGE_CURVE ( 'NONE', #1559, #981, #2726, .T. ) ;
#2417 = DIRECTION ( 'NONE',  ( 0.0000000000000000000, 0.0000000000000000000, 1.000000000000000000 ) ) ;
#2418 = ORIENTED_EDGE ( 'NONE', *, *, #1627, .T. ) ;
#2419 = AXIS2_PLACEMENT_3D ( 'NONE', #231, #2835, #567 ) ;
#2420 = AXIS2_PLACEMENT_3D ( 'NONE', #1693, #1002, #3590 ) ;
#2421 = DIRECTION ( 'NONE',  ( 0.0000000000000000000, 0.0000000000000000000, -1.000000000000000000 ) ) ;
#2422 = CARTESIAN_POINT ( 'NONE',  ( 8.907431421379209624, 4.650000000000011902, 9.500000000000000000 ) ) ;
#2423 = VERTEX_POINT ( 'NONE', #3729 ) ;
#2424 = FILL_AREA_STYLE_COLOUR ( '', #470 ) ;
#2425 =( LENGTH_UNIT ( ) NAMED_UNIT ( * ) SI_UNIT ( .MILLI., .METRE. ) );
#2426 = VECTOR ( 'NONE', #199, 999.9999999999998863 ) ;
#2427 = CIRCLE ( 'NONE', #2283, 0.5000000000000000000 ) ;
#2428 = PRESENTATION_LAYER_ASSIGNMENT (  '', '', ( #3817 ) ) ;
#2429 = CARTESIAN_POINT ( 'NONE',  ( 1.449999999999999956, -1.462314593354880232, 2.800000000000019806 ) ) ;
#2430 = SURFACE_STYLE_FILL_AREA ( #3075 ) ;
#2431 =( GEOMETRIC_REPRESENTATION_CONTEXT ( 3 ) GLOBAL_UNCERTAINTY_ASSIGNED_CONTEXT ( ( #3346 ) ) GLOBAL_UNIT_ASSIGNED_CONTEXT ( ( #3707, #1025, #3687 ) ) REPRESENTATION_CONTEXT ( 'NONE', 'WORKASPACE' ) );
#2432 = ORIENTED_EDGE ( 'NONE', *, *, #1871, .F. ) ;
#2433 = CARTESIAN_POINT ( 'NONE',  ( 10.00000000000000000, 7.150000000000000355, 6.500000000000000888 ) ) ;
#2434 =( GEOMETRIC_REPRESENTATION_CONTEXT ( 3 ) GLOBAL_UNCERTAINTY_ASSIGNED_CONTEXT ( ( #831 ) ) GLOBAL_UNIT_ASSIGNED_CONTEXT ( ( #3038, #376, #2119 ) ) REPRESENTATION_CONTEXT ( 'NONE', 'WORKASPACE' ) );
#2435 = CARTESIAN_POINT ( 'NONE',  ( 1.005392207408169147, 6.250000000000031086, 5.499015461808847149 ) ) ;
#2436 = SURFACE_STYLE_USAGE ( .BOTH. , #706 ) ;
#2437 = DIRECTION ( 'NONE',  ( 1.000000000000000000, 0.0000000000000000000, 0.0000000000000000000 ) ) ;
#2438 = DIRECTION ( 'NONE',  ( -0.3481553119113940387, 0.8703882797784900927, 0.3481553119113949823 ) ) ;
#2439 = MANIFOLD_SOLID_BREP ( 'Imported1', #4148 ) ;
#2440 = STYLED_ITEM ( 'NONE', ( #3773 ), #4147 ) ;
#2441 = VERTEX_POINT ( 'NONE', #2110 ) ;
#2442 = DIRECTION ( 'NONE',  ( 0.9284766908852600809, 0.3713906763541020561, -4.784109839334421468E-16 ) ) ;
#2443 = LINE ( 'NONE', #773, #659 ) ;
#2444 = ORIENTED_EDGE ( 'NONE', *, *, #3233, .T. ) ;
#2445 = ADVANCED_FACE ( 'NONE', ( #3348 ), #784, .T. ) ;
#2446 = CARTESIAN_POINT ( 'NONE',  ( 4.804545454545499972, 7.886363636363641128, 0.3954545454545440042 ) ) ;
#2447 = CONTEXT_DEPENDENT_SHAPE_REPRESENTATION ( #1887, #1884 ) ;
#2448 = ORIENTED_EDGE ( 'NONE', *, *, #3557, .T. ) ;
#2449 = DIRECTION ( 'NONE',  ( 1.000000000000000000, 4.311199699514559827E-15, 0.0000000000000000000 ) ) ;
#2450 = DIRECTION ( 'NONE',  ( 3.641714079092569968E-16, 0.0000000000000000000, -1.000000000000000000 ) ) ;
#2451 = UNCERTAINTY_MEASURE_WITH_UNIT (LENGTH_MEASURE( 1.000000000000000082E-05 ), #3042, 'distance_accuracy_value', 'NONE');
#2452 = EDGE_CURVE ( 'NONE', #409, #3902, #2077, .T. ) ;
#2453 = ADVANCED_FACE ( 'NONE', ( #2708 ), #4046, .T. ) ;
#2454 = EDGE_LOOP ( 'NONE', ( #3279, #1260, #657, #3726, #1325, #1278, #2123 ) ) ;
#2455 = FILL_AREA_STYLE_COLOUR ( '', #782 ) ;
#2456 = DIRECTION ( 'NONE',  ( -3.614007241618348771E-16, 0.0000000000000000000, -1.000000000000000000 ) ) ;
#2457 = ADVANCED_FACE ( 'NONE', ( #1190 ), #4168, .F. ) ;
#2458 = DIRECTION ( 'NONE',  ( 0.0000000000000000000, 0.0000000000000000000, 1.000000000000000000 ) ) ;
#2459 = CARTESIAN_POINT ( 'NONE',  ( 2.500000000000000000, -4.450000000000000178, 2.649999999999990141 ) ) ;
#2460 = LINE ( 'NONE', #113, #2981 ) ;
#2461 =( BOUNDED_CURVE ( )  B_SPLINE_CURVE ( 3, ( #1121, #3443, #129, #4022 ),
 .UNSPECIFIED., .F., .T. ) 
 B_SPLINE_CURVE_WITH_KNOTS ( ( 4, 4 ),
 ( 1.640609496874690709, 1.933884111301997777 ),
 .UNSPECIFIED. ) 
 CURVE ( )  GEOMETRIC_REPRESENTATION_ITEM ( )  RATIONAL_B_SPLINE_CURVE ( ( 1.000000000000000000, 0.9928453341064040760, 0.9928453341064040760, 1.000000000000000000 ) ) 
 REPRESENTATION_ITEM ( '' )  );
#2462 = ORIENTED_EDGE ( 'NONE', *, *, #2413, .F. ) ;
#2463 = CARTESIAN_POINT ( 'NONE',  ( 5.993784637127530068, 6.250000000000009770, 5.675366343103210198 ) ) ;
#2464 = LINE ( 'NONE', #3781, #1390 ) ;
#2465 = FILL_AREA_STYLE ('',( #3453 ) ) ;
#2466 = VERTEX_POINT ( 'NONE', #3180 ) ;
#2467 = DIRECTION ( 'NONE',  ( -0.3481553119113961481, -0.8703882797784894265, 0.3481553119113950934 ) ) ;
#2468 = MECHANICAL_DESIGN_GEOMETRIC_PRESENTATION_REPRESENTATION (  '', ( #4263 ), #3217 ) ;
#2469 = ORIENTED_EDGE ( 'NONE', *, *, #2370, .F. ) ;
#2470 = CARTESIAN_POINT ( 'NONE',  ( 10.00000000000000000, 0.9499999999999999556, 0.0000000000000000000 ) ) ;
#2471 = ADVANCED_FACE ( 'NONE', ( #1141 ), #211, .F. ) ;
#2472 = CARTESIAN_POINT ( 'NONE',  ( 10.00000000000000000, 6.436102000195529804, 9.700000000000001066 ) ) ;
#2473 = SURFACE_STYLE_USAGE ( .BOTH. , #834 ) ;
#2474 = EDGE_CURVE ( 'NONE', #2741, #1535, #1210, .T. ) ;
#2475 = CARTESIAN_POINT ( 'NONE',  ( 4.500000000000000888, 3.592004494644689849, 2.875961234938969824 ) ) ;
#2476 = PLANE ( 'NONE',  #3322 ) ;
#2477 = DIRECTION ( 'NONE',  ( 0.0000000000000000000, -1.000000000000000000, 0.0000000000000000000 ) ) ;
#2478 = EDGE_CURVE ( 'NONE', #2409, #3611, #1512, .T. ) ;
#2479 = FILL_AREA_STYLE ('',( #2505 ) ) ;
#2480 = ORIENTED_EDGE ( 'NONE', *, *, #1919, .F. ) ;
#2481 = FACE_OUTER_BOUND ( 'NONE', #4099, .T. ) ;
#2482 = DIRECTION ( 'NONE',  ( 0.0000000000000000000, -1.000000000000000000, 0.0000000000000000000 ) ) ;
#2483 = CARTESIAN_POINT ( 'NONE',  ( 7.500000000000000000, 5.950000000000040146, 1.349999999999999867 ) ) ;
#2484 =( BOUNDED_CURVE ( )  B_SPLINE_CURVE ( 3, ( #3686, #2658, #4244, #3992 ),
 .UNSPECIFIED., .F., .T. ) 
 B_SPLINE_CURVE_WITH_KNOTS ( ( 4, 4 ),
 ( 1.640609496874674056, 1.933884111301983566 ),
 .UNSPECIFIED. ) 
 CURVE ( )  GEOMETRIC_REPRESENTATION_ITEM ( )  RATIONAL_B_SPLINE_CURVE ( ( 1.000000000000000000, 0.9928453341064039650, 0.9928453341064039650, 1.000000000000000000 ) ) 
 REPRESENTATION_ITEM ( '' )  );
#2485 = CARTESIAN_POINT ( 'NONE',  ( 4.006245792511180071, 6.250000000000031086, 5.665502260967819836 ) ) ;
#2486 = ORIENTED_EDGE ( 'NONE', *, *, #456, .F. ) ;
#2487 = VECTOR ( 'NONE', #677, 1000.000000000000000 ) ;
#2488 = CARTESIAN_POINT ( 'NONE',  ( 7.500000000000000000, -4.450000000000000178, 3.149999999999999911 ) ) ;
#2489 = PRESENTATION_LAYER_ASSIGNMENT (  '', '', ( #46 ) ) ;
#2490 = VERTEX_POINT ( 'NONE', #499 ) ;
#2491 = CARTESIAN_POINT ( 'NONE',  ( 5.993858608708465319, 6.250000000000039968, 5.699344090454419032 ) ) ;
#2492 = CARTESIAN_POINT ( 'NONE',  ( 5.912962694865610658, 4.650000000000010125, 8.986637655680240755 ) ) ;
#2493 = UNCERTAINTY_MEASURE_WITH_UNIT (LENGTH_MEASURE( 1.000000000000000082E-05 ), #1059, 'distance_accuracy_value', 'NONE');
#2494 = CIRCLE ( 'NONE', #1163, 1.400000000000000133 ) ;
#2495 = EDGE_LOOP ( 'NONE', ( #81, #243, #3881, #2444 ) ) ;
#2496 = CARTESIAN_POINT ( 'NONE',  ( 4.500000000000000888, 6.250000000000031086, 5.499015461808849814 ) ) ;
#2497 =( GEOMETRIC_REPRESENTATION_CONTEXT ( 3 ) GLOBAL_UNCERTAINTY_ASSIGNED_CONTEXT ( ( #1674 ) ) GLOBAL_UNIT_ASSIGNED_CONTEXT ( ( #2297, #1290, #3980 ) ) REPRESENTATION_CONTEXT ( 'NONE', 'WORKASPACE' ) );
#2498 = AXIS2_PLACEMENT_3D ( 'NONE', #2191, #506, #1522 ) ;
#2499 = ORIENTED_EDGE ( 'NONE', *, *, #1159, .F. ) ;
#2500 =( GEOMETRIC_REPRESENTATION_CONTEXT ( 3 ) GLOBAL_UNCERTAINTY_ASSIGNED_CONTEXT ( ( #2308 ) ) GLOBAL_UNIT_ASSIGNED_CONTEXT ( ( #3034, #1393, #3771 ) ) REPRESENTATION_CONTEXT ( 'NONE', 'WORKASPACE' ) );
#2501 = EDGE_CURVE ( 'NONE', #3902, #3087, #334, .T. ) ;
#2502 = SURFACE_SIDE_STYLE ('',( #234 ) ) ;
#2503 = DIRECTION ( 'NONE',  ( 0.0000000000000000000, 0.0000000000000000000, 1.000000000000000000 ) ) ;
#2504 = CARTESIAN_POINT ( 'NONE',  ( 10.50000000000000000, 0.8864914703891380032, 6.200000000000001066 ) ) ;
#2505 = FILL_AREA_STYLE_COLOUR ( '', #1936 ) ;
#2506 = DIRECTION ( 'NONE',  ( 0.0000000000000000000, 0.0000000000000000000, -1.000000000000000000 ) ) ;
#2507 = ORIENTED_EDGE ( 'NONE', *, *, #1508, .T. ) ;
#2508 = EDGE_CURVE ( 'NONE', #3012, #4018, #49, .T. ) ;
#2509 = DIRECTION ( 'NONE',  ( 0.0000000000000000000, -1.000000000000000000, 0.0000000000000000000 ) ) ;
#2510 = DIRECTION ( 'NONE',  ( 0.0000000000000000000, 1.000000000000000000, 0.0000000000000000000 ) ) ;
#2511 = AXIS2_PLACEMENT_3D ( 'NONE', #767, #2390, #4173 ) ;
#2512 = VERTEX_POINT ( 'NONE', #2187 ) ;
#2513 = DIRECTION ( 'NONE',  ( 0.0000000000000000000, 0.0000000000000000000, 1.000000000000000000 ) ) ;
#2514 = ORIENTED_EDGE ( 'NONE', *, *, #2241, .T. ) ;
#2515 = SURFACE_STYLE_FILL_AREA ( #1536 ) ;
#2516 = DIRECTION ( 'NONE',  ( -1.000000000000000000, 0.0000000000000000000, 0.0000000000000000000 ) ) ;
#2517 = CARTESIAN_POINT ( 'NONE',  ( 1.448683386022369790, 6.900595781960301878, 3.995523657362079817 ) ) ;
#2518 = CARTESIAN_POINT ( 'NONE',  ( 10.00000000000000000, 0.1977371785018499917, 6.601260681670590102 ) ) ;
#2519 = DIRECTION ( 'NONE',  ( 1.000000000000000000, 2.232180943352509796E-16, 0.0000000000000000000 ) ) ;
#2520 = CARTESIAN_POINT ( 'NONE',  ( 2.500000000000000000, 4.250000000000009770, 8.000000000000000000 ) ) ;
#2521 = DIRECTION ( 'NONE',  ( 1.000000000000000000, 0.0000000000000000000, -4.231032868236119855E-16 ) ) ;
#2522 = PLANE ( 'NONE',  #3461 ) ;
#2523 = ADVANCED_FACE ( 'NONE', ( #3511 ), #3872, .T. ) ;
#2524 = DIRECTION ( 'NONE',  ( 1.000000000000000000, 0.0000000000000000000, 0.0000000000000000000 ) ) ;
#2525 = SURFACE_STYLE_USAGE ( .BOTH. , #138 ) ;
#2526 = EDGE_CURVE ( 'NONE', #2964, #2983, #1016, .T. ) ;
#2527 = ORIENTED_EDGE ( 'NONE', *, *, #169, .T. ) ;
#2528 = CARTESIAN_POINT ( 'NONE',  ( 10.00000000000000000, 7.750000000000000000, 6.500000000000000888 ) ) ;
#2529 = LINE ( 'NONE', #3893, #3681 ) ;
#2530 = EDGE_LOOP ( 'NONE', ( #47, #3062, #754, #632, #903, #3576, #3089, #84 ) ) ;
#2531 = PLANE ( 'NONE',  #2354 ) ;
#2532 = MECHANICAL_DESIGN_GEOMETRIC_PRESENTATION_REPRESENTATION (  '', ( #4193 ), #3215 ) ;
#2533 = FACE_BOUND ( 'NONE', #2349, .T. ) ;
#2534 = ORIENTED_EDGE ( 'NONE', *, *, #1731, .T. ) ;
#2535 = FACE_OUTER_BOUND ( 'NONE', #626, .T. ) ;
#2536 = DIRECTION ( 'NONE',  ( 0.3481553119113969808, -0.8703882797784889824, 0.3481553119113949823 ) ) ;
#2537 = DIRECTION ( 'NONE',  ( 1.000000000000000000, 0.0000000000000000000, 0.0000000000000000000 ) ) ;
#2538 = B_SPLINE_CURVE_WITH_KNOTS ( 'NONE', 3,
 ( #2043, #3020, #35, #3406, #1041, #1772 ),
 .UNSPECIFIED., .F., .F.,
 ( 4, 2, 4 ),
 ( 1.734723475976807094E-18, 0.0001521198112224522888, 0.0003042396224449028428 ),
 .UNSPECIFIED. ) ;
#2539 = CARTESIAN_POINT ( 'NONE',  ( 7.500000000000000000, 2.500000000000019540, 8.000000000000000000 ) ) ;
#2540 = FACE_OUTER_BOUND ( 'NONE', #182, .T. ) ;
#2541 = FACE_OUTER_BOUND ( 'NONE', #2265, .T. ) ;
#2542 = CARTESIAN_POINT ( 'NONE',  ( 9.750000000000010658, 7.750000000000000000, 5.900000000000000355 ) ) ;
#2543 = DIRECTION ( 'NONE',  ( 5.476786976838883161E-17, 0.8944271912368472188, -0.4472135950260953119 ) ) ;
#2544 = ADVANCED_FACE ( 'NONE', ( #1612 ), #2645, .T. ) ;
#2545 = FACE_OUTER_BOUND ( 'NONE', #3545, .T. ) ;
#2546 = DIRECTION ( 'NONE',  ( -1.000000000000000000, 0.0000000000000000000, 0.0000000000000000000 ) ) ;
#2547 = VERTEX_POINT ( 'NONE', #1309 ) ;
#2548 = ADVANCED_FACE ( 'NONE', ( #1982 ), #3905, .T. ) ;
#2549 = CARTESIAN_POINT ( 'NONE',  ( 8.550000000000000711, -1.462314593354880232, 3.990870176997169949 ) ) ;
#2550 = ORIENTED_EDGE ( 'NONE', *, *, #1707, .F. ) ;
#2551 = LINE ( 'NONE', #3565, #1523 ) ;
#2552 = CARTESIAN_POINT ( 'NONE',  ( 6.092610859955165381, 4.650000000000010125, 9.500000000000031974 ) ) ;
#2553 = VERTEX_POINT ( 'NONE', #2902 ) ;
#2554 = VECTOR ( 'NONE', #50, 1000.000000000000000 ) ;
#2555 = EDGE_LOOP ( 'NONE', ( #3303, #34, #2721, #1585 ) ) ;
#2556 = VECTOR ( 'NONE', #3487, 1000.000000000000000 ) ;
#2557 = EDGE_CURVE ( 'NONE', #344, #1646, #4228, .T. ) ;
#2558 = LINE ( 'NONE', #860, #2355 ) ;
#2559 = COLOUR_RGB ( '',0.2862745098039215508, 0.6431372549019607199, 0.8666666666666666963 ) ;
#2560 = DIRECTION ( 'NONE',  ( -1.000000000000000000, 0.0000000000000000000, 0.0000000000000000000 ) ) ;
#2561 = DIRECTION ( 'NONE',  ( 0.0000000000000000000, 1.000000000000000000, 0.0000000000000000000 ) ) ;
#2562 = CARTESIAN_POINT ( 'NONE',  ( 4.750000000000000000, 7.750000000000000000, 5.900000000000000355 ) ) ;
#2563 = VECTOR ( 'NONE', #3801, 1000.000000000000000 ) ;
#2564 = DIRECTION ( 'NONE',  ( 0.0000000000000000000, 0.0000000000000000000, -1.000000000000000000 ) ) ;
#2565 = VERTEX_POINT ( 'NONE', #306 ) ;
#2566 = FACE_OUTER_BOUND ( 'NONE', #1609, .T. ) ;
#2567 = AXIS2_PLACEMENT_3D ( 'NONE', #2675, #1991, #2302 ) ;
#2568 = LINE ( 'NONE', #1847, #4036 ) ;
#2569 = ORIENTED_EDGE ( 'NONE', *, *, #375, .T. ) ;
#2570 = DIRECTION ( 'NONE',  ( 0.0000000000000000000, 0.0000000000000000000, -1.000000000000000000 ) ) ;
#2571 = ADVANCED_FACE ( 'NONE', ( #1653 ), #743, .T. ) ;
#2572 = MECHANICAL_DESIGN_GEOMETRIC_PRESENTATION_REPRESENTATION (  '', ( #2440 ), #1110 ) ;
#2573 = VERTEX_POINT ( 'NONE', #3999 ) ;
#2574 = ADVANCED_FACE ( 'NONE', ( #3225 ), #1427, .F. ) ;
#2575 = CARTESIAN_POINT ( 'NONE',  ( 1.449999999999999956, 3.592004494644689849, 2.875961234938980038 ) ) ;
#2576 = ORIENTED_EDGE ( 'NONE', *, *, #2508, .T. ) ;
#2577 = DIRECTION ( 'NONE',  ( 0.0000000000000000000, -1.000000000000000000, 0.0000000000000000000 ) ) ;
#2578 = ADVANCED_FACE ( 'NONE', ( #2027, #1071, #108 ), #30, .F. ) ;
#2579 = EDGE_LOOP ( 'NONE', ( #3350, #1965, #3756, #3335 ) ) ;
#2580 = VERTEX_POINT ( 'NONE', #2365 ) ;
#2581 = DIRECTION ( 'NONE',  ( 0.0000000000000000000, 0.0000000000000000000, -1.000000000000000000 ) ) ;
#2582 = DIRECTION ( 'NONE',  ( 0.0000000000000000000, 0.0000000000000000000, 1.000000000000000000 ) ) ;
#2583 = FILL_AREA_STYLE ('',( #3291 ) ) ;
#2584 = LINE ( 'NONE', #485, #4225 ) ;
#2585 = ORIENTED_EDGE ( 'NONE', *, *, #1759, .T. ) ;
#2586 = LINE ( 'NONE', #2034, #1398 ) ;
#2587 = CARTESIAN_POINT ( 'NONE',  ( 5.937107388568777289, 4.650000000000010125, 9.314249409997573892 ) ) ;
#2588 = ORIENTED_EDGE ( 'NONE', *, *, #4096, .T. ) ;
#2589 = B_SPLINE_CURVE_WITH_KNOTS ( 'NONE', 3,
 ( #3149, #180, #156, #2120, #3432, #531, #2485, #1527 ),
 .UNSPECIFIED., .F., .F.,
 ( 4, 2, 2, 4 ),
 ( 0.0000000000000000000, 0.1326693844476060091, 0.4942272126317400205, 1.000000000000000000 ),
 .UNSPECIFIED. ) ;
#2590 = PLANE ( 'NONE',  #60 ) ;
#2591 = EDGE_LOOP ( 'NONE', ( #1530, #1280, #2676, #2236 ) ) ;
#2592 = VERTEX_POINT ( 'NONE', #90 ) ;
#2593 = SURFACE_SIDE_STYLE ('',( #586 ) ) ;
#2594 = AXIS2_PLACEMENT_3D ( 'NONE', #1540, #2876, #3837 ) ;
#2595 = EDGE_CURVE ( 'NONE', #1321, #2466, #3806, .T. ) ;
#2596 = ORIENTED_EDGE ( 'NONE', *, *, #1944, .F. ) ;
#2597 = CARTESIAN_POINT ( 'NONE',  ( 0.4500000000000000666, 2.200000000000000178, 0.6500000000000010214 ) ) ;
#2598 = VERTEX_POINT ( 'NONE', #3397 ) ;
#2599 = ORIENTED_EDGE ( 'NONE', *, *, #1261, .T. ) ;
#2600 = LINE ( 'NONE', #256, #2673 ) ;
#2601 = ADVANCED_FACE ( 'NONE', ( #2709 ), #1783, .T. ) ;
#2602 = FACE_BOUND ( 'NONE', #4034, .T. ) ;
#2603 = CARTESIAN_POINT ( 'NONE',  ( 5.250000000000000000, 7.750000000000000000, 5.023827888348679650E-15 ) ) ;
#2604 = LINE ( 'NONE', #3952, #4028 ) ;
#2605 = EDGE_LOOP ( 'NONE', ( #4054, #1305, #3045, #1924 ) ) ;
#2606 = CARTESIAN_POINT ( 'NONE',  ( 2.500000000000000000, 4.250000000000009770, 9.300000000000009592 ) ) ;
#2607 = CARTESIAN_POINT ( 'NONE',  ( 7.500000000000000000, 4.250000000000000000, 10.00000000000000000 ) ) ;
#2608 = ORIENTED_EDGE ( 'NONE', *, *, #2370, .T. ) ;
#2609 = ADVANCED_BREP_SHAPE_REPRESENTATION ( '', ( #2439, #970 ), #3610 ) ;
#2610 = DIRECTION ( 'NONE',  ( 0.0000000000000000000, -1.000000000000000000, -3.965082230804152702E-15 ) ) ;
#2611 = CARTESIAN_POINT ( 'NONE',  ( 9.087037305134389342, 4.650000000000010125, 8.986637655680240755 ) ) ;
#2612 = DIRECTION ( 'NONE',  ( 0.0000000000000000000, 0.0000000000000000000, 1.000000000000000000 ) ) ;
#2613 = ORIENTED_EDGE ( 'NONE', *, *, #2681, .F. ) ;
#2614 = ORIENTED_EDGE ( 'NONE', *, *, #2557, .T. ) ;
#2615 = LINE ( 'NONE', #2575, #3146 ) ;
#2616 = EDGE_LOOP ( 'NONE', ( #2486, #3522, #1985, #3159 ) ) ;
#2617 = AXIS2_PLACEMENT_3D ( 'NONE', #1572, #3209, #4212 ) ;
#2618 = VERTEX_POINT ( 'NONE', #3711 ) ;
#2619 = SURFACE_STYLE_USAGE ( .BOTH. , #2502 ) ;
#2620 = AXIS2_PLACEMENT_3D ( 'NONE', #2383, #3074, #3710 ) ;
#2621 = FILL_AREA_STYLE_COLOUR ( '', #3449 ) ;
#2622 = FILL_AREA_STYLE_COLOUR ( '', #1091 ) ;
#2623 = VECTOR ( 'NONE', #2437, 1000.000000000000000 ) ;
#2624 = CARTESIAN_POINT ( 'NONE',  ( -0.5000000000000000000, 6.620978138265459556, 5.127902589497670860 ) ) ;
#2625 = VECTOR ( 'NONE', #961, 1000.000000000000114 ) ;
#2626 = EDGE_CURVE ( 'NONE', #2656, #4122, #3876, .T. ) ;
#2627 = ORIENTED_EDGE ( 'NONE', *, *, #2724, .T. ) ;
#2628 =( GEOMETRIC_REPRESENTATION_CONTEXT ( 3 ) GLOBAL_UNCERTAINTY_ASSIGNED_CONTEXT ( ( #3658 ) ) GLOBAL_UNIT_ASSIGNED_CONTEXT ( ( #1327, #938, #3242 ) ) REPRESENTATION_CONTEXT ( 'NONE', 'WORKASPACE' ) );
#2629 = DIRECTION ( 'NONE',  ( 0.0000000000000000000, -1.000000000000000000, 0.0000000000000000000 ) ) ;
#2630 = CARTESIAN_POINT ( 'NONE',  ( 6.450000000000000178, 6.900812423267500328, 3.990870176997169949 ) ) ;
#2631 = CARTESIAN_POINT ( 'NONE',  ( 0.9371073885687780658, 4.650000000000010125, 9.314249409997584550 ) ) ;
#2632 = AXIS2_PLACEMENT_3D ( 'NONE', #2746, #359, #3851 ) ;
#2633 = CARTESIAN_POINT ( 'NONE',  ( 8.986631418592031295, 6.290959451148311565, 5.697427312629217866 ) ) ;
#2634 = TOROIDAL_SURFACE ( 'NONE', #2208, 1.413776159319739989, 0.2000000000000000111 ) ;
#2635 = EDGE_LOOP ( 'NONE', ( #4104, #3223, #92, #665 ) ) ;
#2636 = CARTESIAN_POINT ( 'NONE',  ( 9.074407072548739350, 4.650000000000010125, 9.158054070483670372 ) ) ;
#2637 = EDGE_LOOP ( 'NONE', ( #1224, #2752, #3989, #302, #1289, #31, #774, #2290 ) ) ;
#2638 = ORIENTED_EDGE ( 'NONE', *, *, #2452, .F. ) ;
#2639 = DIRECTION ( 'NONE',  ( 0.0000000000000000000, -1.000000000000000000, 0.0000000000000000000 ) ) ;
#2640 = ORIENTED_EDGE ( 'NONE', *, *, #3445, .F. ) ;
#2641 = VECTOR ( 'NONE', #1660, 1000.000000000000000 ) ;
#2642 = ORIENTED_EDGE ( 'NONE', *, *, #2626, .F. ) ;
#2643 = VERTEX_POINT ( 'NONE', #678 ) ;
#2644 = DIRECTION ( 'NONE',  ( 0.0000000000000000000, 0.0000000000000000000, 1.000000000000000000 ) ) ;
#2645 = PLANE ( 'NONE',  #3665 ) ;
#2646 = CARTESIAN_POINT ( 'NONE',  ( 1.023038840290179996, 6.143414083933709691, 5.701440280542528605 ) ) ;
#2647 = CARTESIAN_POINT ( 'NONE',  ( 0.4500000000000000666, 7.750000000000000000, 5.900000000000000355 ) ) ;
#2648 = CARTESIAN_POINT ( 'NONE',  ( 1.038082531322248148, 6.695996851929001181, 5.479691494257631135 ) ) ;
#2649 = EDGE_CURVE ( 'NONE', #4264, #3138, #889, .T. ) ;
#2650 = CARTESIAN_POINT ( 'NONE',  ( 4.549999999999999822, 7.250000000000000000, 5.700000000000000178 ) ) ;
#2651 = LINE ( 'NONE', #1557, #1324 ) ;
#2652 = ORIENTED_EDGE ( 'NONE', *, *, #2781, .T. ) ;
#2653 =( LENGTH_UNIT ( ) NAMED_UNIT ( * ) SI_UNIT ( .MILLI., .METRE. ) );
#2654 = EDGE_CURVE ( 'NONE', #648, #2618, #722, .T. ) ;
#2655 = VERTEX_POINT ( 'NONE', #388 ) ;
#2656 = VERTEX_POINT ( 'NONE', #3053 ) ;
#2657 = CARTESIAN_POINT ( 'NONE',  ( 2.500000000000000000, 5.850000000000009415, 9.500000000000010658 ) ) ;
#2658 = CARTESIAN_POINT ( 'NONE',  ( 6.107736519411112397, 6.816384655952807847, 5.200576600905339575 ) ) ;
#2659 = VERTEX_POINT ( 'NONE', #1411 ) ;
#2660 = EDGE_LOOP ( 'NONE', ( #2231, #607, #1795, #2507, #3485, #3581 ) ) ;
#2661 = CARTESIAN_POINT ( 'NONE',  ( 10.36999999999999922, 0.8864914703891380032, 6.200000000000001066 ) ) ;
#2662 = LINE ( 'NONE', #3272, #2760 ) ;
#2663 = CARTESIAN_POINT ( 'NONE',  ( 8.994607792362440790, 6.250000000000405898, 5.499015461809749539 ) ) ;
#2664 = VECTOR ( 'NONE', #2856, 1000.000000000000000 ) ;
#2665 = VERTEX_POINT ( 'NONE', #4063 ) ;
#2666 = CARTESIAN_POINT ( 'NONE',  ( 6.450000000000000178, 6.405650476444289865, 3.372082935692199968 ) ) ;
#2667 = STYLED_ITEM ( 'NONE', ( #3682 ), #1791 ) ;
#2668 = CARTESIAN_POINT ( 'NONE',  ( 4.100781059358210356, 3.850000000000010303, 8.800000000000009592 ) ) ;
#2669 = LINE ( 'NONE', #2997, #3659 ) ;
#2670 = DIRECTION ( 'NONE',  ( 0.0000000000000000000, 0.0000000000000000000, 1.000000000000000000 ) ) ;
#2671 = B_SPLINE_CURVE_WITH_KNOTS ( 'NONE', 3,
 ( #727, #2415, #1751, #3061, #1435, #753 ),
 .UNSPECIFIED., .F., .F.,
 ( 4, 2, 4 ),
 ( 6.220531896865100666E-16, 0.0001520665957077655772, 0.0003041331914149090934 ),
 .UNSPECIFIED. ) ;
#2672 = VECTOR ( 'NONE', #2798, 1000.000000000000000 ) ;
#2673 = VECTOR ( 'NONE', #10, 1000.000000000000000 ) ;
#2674 = ORIENTED_EDGE ( 'NONE', *, *, #2147, .F. ) ;
#2675 = CARTESIAN_POINT ( 'NONE',  ( 0.4500000000000000666, 5.950000000000040146, 0.6500000000000260014 ) ) ;
#2676 = ORIENTED_EDGE ( 'NONE', *, *, #1164, .T. ) ;
#2677 = EDGE_CURVE ( 'NONE', #1559, #2490, #3770, .T. ) ;
#2678 = B_SPLINE_CURVE_WITH_KNOTS ( 'NONE', 3,
 ( #1471, #205, #1112, #3763, #775, #2122, #476, #3435 ),
 .UNSPECIFIED., .F., .F.,
 ( 4, 2, 2, 4 ),
 ( 0.0000000000000000000, 0.1326693844476140027, 0.4942272126317450165, 1.000000000000000000 ),
 .UNSPECIFIED. ) ;
#2679 = ORIENTED_EDGE ( 'NONE', *, *, #1428, .F. ) ;
#2680 = DIRECTION ( 'NONE',  ( 0.0000000000000000000, 0.0000000000000000000, -1.000000000000000000 ) ) ;
#2681 = EDGE_CURVE ( 'NONE', #2807, #2656, #4295, .T. ) ;
#2682 = DIRECTION ( 'NONE',  ( 5.152643988049929844E-16, 0.0000000000000000000, 1.000000000000000000 ) ) ;
#2683 = LINE ( 'NONE', #11, #3939 ) ;
#2684 = DIRECTION ( 'NONE',  ( 0.0000000000000000000, -1.000000000000000000, 0.0000000000000000000 ) ) ;
#2685 = B_SPLINE_CURVE_WITH_KNOTS ( 'NONE', 3,
 ( #1225, #3156, #1507, #2827, #2552, #4165 ),
 .UNSPECIFIED., .F., .F.,
 ( 4, 2, 4 ),
 ( 3.576224061345498009E-18, 0.0001520665957081934847, 0.0003041331914163833915 ),
 .UNSPECIFIED. ) ;
#2686 = ORIENTED_EDGE ( 'NONE', *, *, #4273, .F. ) ;
#2687 = AXIS2_PLACEMENT_3D ( 'NONE', #4297, #346, #3306 ) ;
#2688 = CARTESIAN_POINT ( 'NONE',  ( 7.500000000000000000, 6.250000000000031086, 2.750000000000000000 ) ) ;
#2689 = AXIS2_PLACEMENT_3D ( 'NONE', #1257, #1584, #1434 ) ;
#2690 = SURFACE_STYLE_USAGE ( .BOTH. , #1814 ) ;
#2691 = CARTESIAN_POINT ( 'NONE',  ( 8.550000000000000711, 6.900812423267500328, 3.990870176997169949 ) ) ;
#2692 = AXIS2_PLACEMENT_3D ( 'NONE', #3250, #259, #3639 ) ;
#2693 = AXIS2_PLACEMENT_3D ( 'NONE', #3766, #4107, #778 ) ;
#2694 = AXIS2_PLACEMENT_3D ( 'NONE', #3747, #2084, #4078 ) ;
#2695 = FACE_BOUND ( 'NONE', #1204, .T. ) ;
#2696 = STYLED_ITEM ( 'NONE', ( #729 ), #820 ) ;
#2697 = ORIENTED_EDGE ( 'NONE', *, *, #1951, .F. ) ;
#2698 = CIRCLE ( 'NONE', #1387, 1.749999999999989786 ) ;
#2699 = MECHANICAL_DESIGN_GEOMETRIC_PRESENTATION_REPRESENTATION (  '', ( #3817 ), #3184 ) ;
#2700 = CARTESIAN_POINT ( 'NONE',  ( 8.856009966283759027, 4.650000000000010125, 9.500000000000000000 ) ) ;
#2701 = ORIENTED_EDGE ( 'NONE', *, *, #1261, .F. ) ;
#2702 = DIRECTION ( 'NONE',  ( 0.0000000000000000000, 0.07124704990663610626, -0.9974586998365402302 ) ) ;
#2703 = PLANE ( 'NONE',  #1664 ) ;
#2704 = EDGE_CURVE ( 'NONE', #2573, #2924, #2857, .T. ) ;
#2705 = UNCERTAINTY_MEASURE_WITH_UNIT (LENGTH_MEASURE( 1.000000000000000082E-05 ), #1827, 'distance_accuracy_value', 'NONE');
#2706 = VECTOR ( 'NONE', #2886, 1000.000000000000000 ) ;
#2707 = EDGE_LOOP ( 'NONE', ( #2353, #2129, #342, #270 ) ) ;
#2708 = FACE_OUTER_BOUND ( 'NONE', #1359, .T. ) ;
#2709 = FACE_OUTER_BOUND ( 'NONE', #3570, .T. ) ;
#2710 = EDGE_CURVE ( 'NONE', #838, #2257, #1142, .T. ) ;
#2711 = ORIENTED_EDGE ( 'NONE', *, *, #4311, .T. ) ;
#2712 = COLOUR_RGB ( '',0.2862745098039215508, 0.6431372549019607199, 0.8666666666666666963 ) ;
#2713 = CARTESIAN_POINT ( 'NONE',  ( 4.062892611435055201, 3.850000000000010303, 9.314249409999399987 ) ) ;
#2714 = CARTESIAN_POINT ( 'NONE',  ( 2.500000000000000000, 4.250000000000000000, 9.999999999999989342 ) ) ;
#2715 = ADVANCED_FACE ( 'NONE', ( #4013, #2045 ), #2378, .T. ) ;
#2716 = ORIENTED_EDGE ( 'NONE', *, *, #4304, .F. ) ;
#2717 = CARTESIAN_POINT ( 'NONE',  ( 10.00000000000000000, 7.450000000000000178, 6.200000000000001066 ) ) ;
#2718 = CARTESIAN_POINT ( 'NONE',  ( 6.027326048810182968, 6.293418682400931274, 5.495963488081887505 ) ) ;
#2719 = DIRECTION ( 'NONE',  ( 0.0000000000000000000, -0.9284766908852596368, 0.3713906763541028888 ) ) ;
#2720 = CARTESIAN_POINT ( 'NONE',  ( 9.182760555148929527, 6.093223787951091097, 5.414712066094880427 ) ) ;
#2721 = ORIENTED_EDGE ( 'NONE', *, *, #3005, .F. ) ;
#2722 = DIRECTION ( 'NONE',  ( 0.2722442098535290400, 0.0000000000000000000, -0.9622281902964742173 ) ) ;
#2723 = ORIENTED_EDGE ( 'NONE', *, *, #3286, .T. ) ;
#2724 = EDGE_CURVE ( 'NONE', #3529, #1347, #1696, .T. ) ;
#2725 = CARTESIAN_POINT ( 'NONE',  ( 4.549999999999999822, 7.250000000000000000, 5.700000000000000178 ) ) ;
#2726 = LINE ( 'NONE', #3396, #527 ) ;
#2727 = ORIENTED_EDGE ( 'NONE', *, *, #3557, .F. ) ;
#2728 = EDGE_CURVE ( 'NONE', #1217, #2665, #3724, .T. ) ;
#2729 =( LENGTH_UNIT ( ) NAMED_UNIT ( * ) SI_UNIT ( .MILLI., .METRE. ) );
#2730 = CARTESIAN_POINT ( 'NONE',  ( 4.034447604600113202, 4.650000000000011902, 9.413837825582248797 ) ) ;
#2731 = CARTESIAN_POINT ( 'NONE',  ( 15.00000000000000000, 0.6500000000000001332, 6.388051065821461094 ) ) ;
#2732 = VECTOR ( 'NONE', #519, 1000.000000000000000 ) ;
#2733 = FACE_OUTER_BOUND ( 'NONE', #3285, .T. ) ;
#2734 = LINE ( 'NONE', #4117, #2563 ) ;
#2735 = VERTEX_POINT ( 'NONE', #760 ) ;
#2736 = AXIS2_PLACEMENT_3D ( 'NONE', #2767, #1441, #2327 ) ;
#2737 = EDGE_CURVE ( 'NONE', #2047, #2924, #1382, .T. ) ;
#2738 = CARTESIAN_POINT ( 'NONE',  ( 0.2500000000000000000, 7.750000000000000000, 7.600149882373641713E-15 ) ) ;
#2739 = ORIENTED_EDGE ( 'NONE', *, *, #3361, .F. ) ;
#2740 = VECTOR ( 'NONE', #2131, 1000.000000000000114 ) ;
#2741 = VERTEX_POINT ( 'NONE', #3344 ) ;
#2742 = ADVANCED_FACE ( 'NONE', ( #1021 ), #717, .F. ) ;
#2743 = DIRECTION ( 'NONE',  ( 1.000000000000000000, 0.0000000000000000000, -3.641714079092569968E-16 ) ) ;
#2744 = CARTESIAN_POINT ( 'NONE',  ( 8.976962475704029387, 6.379043491581979808, 5.701173905684820298 ) ) ;
#2745 = ORIENTED_EDGE ( 'NONE', *, *, #929, .F. ) ;
#2746 = CARTESIAN_POINT ( 'NONE',  ( 10.00000000000000000, 1.990236984239069917, 9.700000000000001066 ) ) ;
#2747 = UNCERTAINTY_MEASURE_WITH_UNIT (LENGTH_MEASURE( 1.000000000000000082E-05 ), #1076, 'distance_accuracy_value', 'NONE');
#2748 = ORIENTED_EDGE ( 'NONE', *, *, #559, .T. ) ;
#2749 = CYLINDRICAL_SURFACE ( 'NONE', #1061, 0.2999999999999999334 ) ;
#2750 = CARTESIAN_POINT ( 'NONE',  ( 9.087037305134389342, 3.850000000000010303, 8.986637655680240755 ) ) ;
#2751 = VECTOR ( 'NONE', #3831, 1000.000000000000227 ) ;
#2752 = ORIENTED_EDGE ( 'NONE', *, *, #1739, .T. ) ;
#2753 = SURFACE_STYLE_USAGE ( .BOTH. , #723 ) ;
#2754 = CARTESIAN_POINT ( 'NONE',  ( 0.9961825259182910397, 6.250000000000079936, 5.603246506036869690 ) ) ;
#2755 = LINE ( 'NONE', #2190, #406 ) ;
#2756 = CARTESIAN_POINT ( 'NONE',  ( 2.500000000000000000, 6.250000000000031086, 1.349999999999999867 ) ) ;
#2757 = EDGE_CURVE ( 'NONE', #354, #982, #3685, .T. ) ;
#2758 = ORIENTED_EDGE ( 'NONE', *, *, #1164, .F. ) ;
#2759 = CYLINDRICAL_SURFACE ( 'NONE', #260, 0.2999999999999999334 ) ;
#2760 = VECTOR ( 'NONE', #2311, 1000.000000000000000 ) ;
#2761 = PLANE ( 'NONE',  #4279 ) ;
#2762 = VECTOR ( 'NONE', #1045, 1000.000000000000000 ) ;
#2763 = ADVANCED_FACE ( 'NONE', ( #2330 ), #738, .T. ) ;
#2764 = B_SPLINE_CURVE_WITH_KNOTS ( 'NONE', 3,
 ( #2700, #2422, #4058, #4038, #1019, #1711 ),
 .UNSPECIFIED., .F., .F.,
 ( 4, 2, 4 ),
 ( 1.734723475976807094E-18, 0.0001521198112224725362, 0.0003042396224449433377 ),
 .UNSPECIFIED. ) ;
#2765 = ORIENTED_EDGE ( 'NONE', *, *, #1707, .T. ) ;
#2766 = MECHANICAL_DESIGN_GEOMETRIC_PRESENTATION_REPRESENTATION (  '', ( #1161 ), #4091 ) ;
#2767 = CARTESIAN_POINT ( 'NONE',  ( 10.00000000000000000, 7.750000000000000000, 6.500000000000000888 ) ) ;
#2768 = ORIENTED_EDGE ( 'NONE', *, *, #1200, .T. ) ;
#2769 = STYLED_ITEM ( 'NONE', ( #3834 ), #2866 ) ;
#2770 = DIRECTION ( 'NONE',  ( 0.0000000000000000000, -0.1736481776669300259, 0.9848077530122081313 ) ) ;
#2771 = ORIENTED_EDGE ( 'NONE', *, *, #2253, .T. ) ;
#2772 = SURFACE_STYLE_FILL_AREA ( #636 ) ;
#2773 = CIRCLE ( 'NONE', #4301, 0.5000000000000004441 ) ;
#2774 =( NAMED_UNIT ( * ) PLANE_ANGLE_UNIT ( ) SI_UNIT ( $, .RADIAN. ) );
#2775 = CARTESIAN_POINT ( 'NONE',  ( 7.500000000000000000, -4.450000000000000178, 2.649999999999999911 ) ) ;
#2776 = VECTOR ( 'NONE', #1737, 1000.000000000000000 ) ;
#2777 = AXIS2_PLACEMENT_3D ( 'NONE', #3141, #2151, #2797 ) ;
#2778 = CARTESIAN_POINT ( 'NONE',  ( 4.068650814757519996, 3.850000000000010303, 9.236151811976082371 ) ) ;
#2779 = DIRECTION ( 'NONE',  ( -6.323770134184271214E-17, -0.9848077530122081313, -0.1736481776669300259 ) ) ;
#2780 = VERTEX_POINT ( 'NONE', #1422 ) ;
#2781 = EDGE_CURVE ( 'NONE', #737, #2047, #1022, .T. ) ;
#2782 = LINE ( 'NONE', #796, #36 ) ;
#2783 = ORIENTED_EDGE ( 'NONE', *, *, #3445, .T. ) ;
#2784 = EDGE_CURVE ( 'NONE', #188, #2837, #4126, .T. ) ;
#2785 = PLANE ( 'NONE',  #1824 ) ;
#2786 = CARTESIAN_POINT ( 'NONE',  ( 0.0000000000000000000, 0.0000000000000000000, 0.0000000000000000000 ) ) ;
#2787 = EDGE_LOOP ( 'NONE', ( #1606, #583, #2268, #1687 ) ) ;
#2788 = CARTESIAN_POINT ( 'NONE',  ( 1.013368699863519184, 6.290959700101910634, 5.697427300979120091 ) ) ;
#2789 = CARTESIAN_POINT ( 'NONE',  ( 8.948605800866689108, 6.749926635061231472, 5.399714606107287374 ) ) ;
#2790 = UNCERTAINTY_MEASURE_WITH_UNIT (LENGTH_MEASURE( 1.000000000000000082E-05 ), #1001, 'distance_accuracy_value', 'NONE');
#2791 = ORIENTED_EDGE ( 'NONE', *, *, #493, .T. ) ;
#2792 = LINE ( 'NONE', #1189, #2803 ) ;
#2793 = CARTESIAN_POINT ( 'NONE',  ( 5.250000000000000000, 7.750000000000000000, 0.4500000000000040079 ) ) ;
#2794 = CARTESIAN_POINT ( 'NONE',  ( 1.091769397758582283, 6.595770259307299099, 5.257011279829173489 ) ) ;
#2795 = ORIENTED_EDGE ( 'NONE', *, *, #2147, .T. ) ;
#2796 = LINE ( 'NONE', #1212, #1741 ) ;
#2797 = DIRECTION ( 'NONE',  ( -5.152643988049929844E-16, 0.0000000000000000000, -1.000000000000000000 ) ) ;
#2798 = DIRECTION ( 'NONE',  ( 0.0000000000000000000, 1.000000000000000000, 0.0000000000000000000 ) ) ;
#2799 = DIRECTION ( 'NONE',  ( 0.0000000000000000000, 0.0000000000000000000, 1.000000000000000000 ) ) ;
#2800 = LINE ( 'NONE', #3899, #741 ) ;
#2801 = ORIENTED_EDGE ( 'NONE', *, *, #4105, .F. ) ;
#2802 = DIRECTION ( 'NONE',  ( 0.0000000000000000000, 1.000000000000000000, 0.0000000000000000000 ) ) ;
#2803 = VECTOR ( 'NONE', #3530, 1000.000000000000114 ) ;
#2804 = ORIENTED_EDGE ( 'NONE', *, *, #1944, .T. ) ;
#2805 = DIRECTION ( 'NONE',  ( 0.0000000000000000000, 1.000000000000000000, 0.0000000000000000000 ) ) ;
#2806 =( GEOMETRIC_REPRESENTATION_CONTEXT ( 3 ) GLOBAL_UNCERTAINTY_ASSIGNED_CONTEXT ( ( #480 ) ) GLOBAL_UNIT_ASSIGNED_CONTEXT ( ( #4076, #3744, #3022 ) ) REPRESENTATION_CONTEXT ( 'NONE', 'WORKASPACE' ) );
#2807 = VERTEX_POINT ( 'NONE', #4142 ) ;
#2808 = DIRECTION ( 'NONE',  ( 0.0000000000000000000, -1.000000000000000000, 0.0000000000000000000 ) ) ;
#2809 = PLANE ( 'NONE',  #2348 ) ;
#2810 = EDGE_CURVE ( 'NONE', #3444, #3434, #2932, .T. ) ;
#2811 = COLOUR_RGB ( '',0.2862745098039215508, 0.6431372549019607199, 0.8666666666666666963 ) ;
#2812 = VERTEX_POINT ( 'NONE', #2491 ) ;
#2813 = EDGE_CURVE ( 'NONE', #2580, #1392, #3110, .T. ) ;
#2814 = CARTESIAN_POINT ( 'NONE',  ( 0.4500000000000000666, 7.250000000000000000, 5.700000000000000178 ) ) ;
#2815 = DIRECTION ( 'NONE',  ( 0.0000000000000000000, 0.0000000000000000000, 1.000000000000000000 ) ) ;
#2816 = LINE ( 'NONE', #3828, #1264 ) ;
#2817 = EDGE_CURVE ( 'NONE', #226, #650, #4157, .T. ) ;
#2818 = CARTESIAN_POINT ( 'NONE',  ( 3.856060606060600193, -1.265151515151490047, 4.056060606060600371 ) ) ;
#2819 = DIRECTION ( 'NONE',  ( 0.0000000000000000000, -3.675221047034999628E-15, 1.000000000000000000 ) ) ;
#2820 = DIRECTION ( 'NONE',  ( 0.0000000000000000000, 0.0000000000000000000, -1.000000000000000000 ) ) ;
#2821 = DIRECTION ( 'NONE',  ( 0.0000000000000000000, 1.000000000000000000, 0.0000000000000000000 ) ) ;
#2822 = EDGE_LOOP ( 'NONE', ( #1057, #2000, #373, #2745 ) ) ;
#2823 = VECTOR ( 'NONE', #2990, 1000.000000000000000 ) ;
#2824 = DIRECTION ( 'NONE',  ( 0.0000000000000000000, 0.0000000000000000000, -1.000000000000000000 ) ) ;
#2825 = DIRECTION ( 'NONE',  ( 1.000000000000000000, 0.0000000000000000000, 0.0000000000000000000 ) ) ;
#2826 = DIRECTION ( 'NONE',  ( 0.0000000000000000000, 1.000000000000000000, 0.0000000000000000000 ) ) ;
#2827 = CARTESIAN_POINT ( 'NONE',  ( 6.041868568309956444, 4.650000000000009237, 9.481228347016093849 ) ) ;
#2828 = UNCERTAINTY_MEASURE_WITH_UNIT (LENGTH_MEASURE( 1.000000000000000082E-05 ), #4068, 'distance_accuracy_value', 'NONE');
#2829 =( GEOMETRIC_REPRESENTATION_CONTEXT ( 3 ) GLOBAL_UNCERTAINTY_ASSIGNED_CONTEXT ( ( #165 ) ) GLOBAL_UNIT_ASSIGNED_CONTEXT ( ( #2425, #2105, #1537 ) ) REPRESENTATION_CONTEXT ( 'NONE', 'WORKASPACE' ) );
#2830 = B_SPLINE_CURVE_WITH_KNOTS ( 'NONE', 3,
 ( #4291, #3569, #1605, #2919 ),
 .UNSPECIFIED., .F., .F.,
 ( 4, 4 ),
 ( 8.451082728519452952E-14, 0.0002372982933281728851 ),
 .UNSPECIFIED. ) ;
#2831 = ORIENTED_EDGE ( 'NONE', *, *, #3804, .T. ) ;
#2832 = DIRECTION ( 'NONE',  ( 0.0000000000000000000, 0.0000000000000000000, -1.000000000000000000 ) ) ;
#2833 = PRESENTATION_LAYER_ASSIGNMENT (  '', '', ( #2769 ) ) ;
#2834 = EDGE_CURVE ( 'NONE', #3364, #3241, #2368, .T. ) ;
#2835 = DIRECTION ( 'NONE',  ( -0.9284766908852591927, 0.3713906763541040545, 1.594703279778140325E-16 ) ) ;
#2836 = VECTOR ( 'NONE', #1454, 1000.000000000000000 ) ;
#2837 = VERTEX_POINT ( 'NONE', #3480 ) ;
#2838 = PRESENTATION_LAYER_ASSIGNMENT (  '', '', ( #399 ) ) ;
#2839 = CARTESIAN_POINT ( 'NONE',  ( 3.549999999999999822, 6.900812423267500328, 3.990870176997180607 ) ) ;
#2840 = EDGE_CURVE ( 'NONE', #838, #1217, #390, .T. ) ;
#2841 = DIRECTION ( 'NONE',  ( 0.0000000000000000000, 0.0000000000000000000, 1.000000000000000000 ) ) ;
#2842 = FILL_AREA_STYLE ('',( #4150 ) ) ;
#2843 = CONICAL_SURFACE ( 'NONE', #3819, 1.599999999999999867, 0.07130746470380971980 ) ;
#2844 = B_SPLINE_CURVE_WITH_KNOTS ( 'NONE', 3,
 ( #4233, #3494, #508, #1863 ),
 .UNSPECIFIED., .F., .F.,
 ( 4, 4 ),
 ( 0.0000000000000000000, 0.0002372961508686954792 ),
 .UNSPECIFIED. ) ;
#2845 = AXIS2_PLACEMENT_3D ( 'NONE', #1972, #1319, #2612 ) ;
#2846 = CARTESIAN_POINT ( 'NONE',  ( 3.871701747922879910, 6.620978138265459556, 5.127902589497670860 ) ) ;
#2847 = DIRECTION ( 'NONE',  ( 0.0000000000000000000, 0.0000000000000000000, -1.000000000000000000 ) ) ;
#2848 = AXIS2_PLACEMENT_3D ( 'NONE', #3378, #79, #462 ) ;
#2849 = ORIENTED_EDGE ( 'NONE', *, *, #1466, .F. ) ;
#2850 = DIRECTION ( 'NONE',  ( 0.0000000000000000000, -1.000000000000000000, 0.0000000000000000000 ) ) ;
#2851 = ITEM_DEFINED_TRANSFORMATION ( 'NONE', 'NONE', #1401,  #970 ) ;
#2852 = ORIENTED_EDGE ( 'NONE', *, *, #2474, .F. ) ;
#2853 =( NAMED_UNIT ( * ) PLANE_ANGLE_UNIT ( ) SI_UNIT ( $, .RADIAN. ) );
#2854 = CARTESIAN_POINT ( 'NONE',  ( 8.942782050534042071, 6.518894125889204361, 5.379130966343810272 ) ) ;
#2855 = EDGE_LOOP ( 'NONE', ( #3809, #1979, #3006, #2748 ) ) ;
#2856 = DIRECTION ( 'NONE',  ( -1.000000000000000000, 0.0000000000000000000, 0.0000000000000000000 ) ) ;
#2857 = LINE ( 'NONE', #2518, #3947 ) ;
#2858 = EDGE_CURVE ( 'NONE', #2423, #2275, #1205, .T. ) ;
#2859 = CARTESIAN_POINT ( 'NONE',  ( 3.961949539030743761, 6.695801933345246759, 5.479919479543955418 ) ) ;
#2860 = CARTESIAN_POINT ( 'NONE',  ( 10.00000000000000000, 1.550000000000000266, 0.0000000000000000000 ) ) ;
#2861 = CARTESIAN_POINT ( 'NONE',  ( 0.3549999999999999822, 0.7350406544375860385, 6.200000000000001066 ) ) ;
#2862 = EDGE_CURVE ( 'NONE', #2395, #237, #3616, .T. ) ;
#2863 = CARTESIAN_POINT ( 'NONE',  ( 10.38636363636359938, 9.340909090909089940, -0.1863636363636350102 ) ) ;
#2864 = SURFACE_STYLE_USAGE ( .BOTH. , #577 ) ;
#2865 = CARTESIAN_POINT ( 'NONE',  ( 3.924099116621577288, 6.782835288287568432, 5.313097438219579693 ) ) ;
#2866 = ADVANCED_FACE ( 'NONE', ( #1869 ), #2531, .F. ) ;
#2867 = ORIENTED_EDGE ( 'NONE', *, *, #2478, .T. ) ;
#2868 = CARTESIAN_POINT ( 'NONE',  ( 8.892263480588887603, 6.816384655952809624, 5.200576600905333358 ) ) ;
#2869 = DIRECTION ( 'NONE',  ( -3.641714079092569968E-16, 0.0000000000000000000, -1.000000000000000000 ) ) ;
#2870 = ORIENTED_EDGE ( 'NONE', *, *, #4096, .F. ) ;
#2871 = DIRECTION ( 'NONE',  ( 0.0000000000000000000, 1.000000000000000000, 0.0000000000000000000 ) ) ;
#2872 = VECTOR ( 'NONE', #3066, 1000.000000000000114 ) ;
#2873 = CARTESIAN_POINT ( 'NONE',  ( 5.937107388568777289, 4.650000000000010125, 9.314249409997573892 ) ) ;
#2874 = VERTEX_POINT ( 'NONE', #1799 ) ;
#2875 = CIRCLE ( 'NONE', #1917, 0.5999999999999998668 ) ;
#2876 = DIRECTION ( 'NONE',  ( -0.9622281902964742173, 0.0000000000000000000, 0.2722442098535290400 ) ) ;
#2877 = DIRECTION ( 'NONE',  ( 0.8660254037844391517, 0.4999999999999990563, 0.0000000000000000000 ) ) ;
#2878 = VECTOR ( 'NONE', #3769, 1000.000000000000000 ) ;
#2879 = ORIENTED_EDGE ( 'NONE', *, *, #3365, .T. ) ;
#2880 = CARTESIAN_POINT ( 'NONE',  ( 2.500000000000000000, 6.250000000000031086, 2.750000000000000000 ) ) ;
#2881 = LINE ( 'NONE', #151, #193 ) ;
#2882 =( LENGTH_UNIT ( ) NAMED_UNIT ( * ) SI_UNIT ( .MILLI., .METRE. ) );
#2883 = ORIENTED_EDGE ( 'NONE', *, *, #4105, .T. ) ;
#2884 = FACE_OUTER_BOUND ( 'NONE', #3512, .T. ) ;
#2885 = CYLINDRICAL_SURFACE ( 'NONE', #1464, 1.399999999999999911 ) ;
#2886 = DIRECTION ( 'NONE',  ( -5.152643988049919983E-16, 0.0000000000000000000, -1.000000000000000000 ) ) ;
#2887 = EDGE_CURVE ( 'NONE', #3550, #26, #640, .T. ) ;
#2888 = DIRECTION ( 'NONE',  ( 1.000000000000000000, 0.0000000000000000000, 0.0000000000000000000 ) ) ;
#2889 = EDGE_LOOP ( 'NONE', ( #3914, #2240, #4073, #19, #315, #2986, #1989 ) ) ;
#2890 = CARTESIAN_POINT ( 'NONE',  ( 6.023038840290179330, 6.143414083933709691, 5.701440280542519723 ) ) ;
#2891 = ORIENTED_EDGE ( 'NONE', *, *, #2076, .T. ) ;
#2892 = EDGE_CURVE ( 'NONE', #338, #874, #352, .T. ) ;
#2893 = FACE_OUTER_BOUND ( 'NONE', #3329, .T. ) ;
#2894 = VECTOR ( 'NONE', #578, 1000.000000000000000 ) ;
#2895 = ORIENTED_EDGE ( 'NONE', *, *, #3552, .T. ) ;
#2896 = FACE_OUTER_BOUND ( 'NONE', #1429, .T. ) ;
#2897 = PRESENTATION_LAYER_ASSIGNMENT (  '', '', ( #1161 ) ) ;
#2898 = DIRECTION ( 'NONE',  ( 0.0000000000000000000, 0.0000000000000000000, 1.000000000000000000 ) ) ;
#2899 = ORIENTED_EDGE ( 'NONE', *, *, #2253, .F. ) ;
#2900 = CONICAL_SURFACE ( 'NONE', #3740, 0.5000000000000000000, 0.4636476084710116075 ) ;
#2901 = FACE_OUTER_BOUND ( 'NONE', #2015, .T. ) ;
#2902 = CARTESIAN_POINT ( 'NONE',  ( 10.50000000000000000, 1.838675134594820015, 6.200000000000001066 ) ) ;
#2903 = FACE_OUTER_BOUND ( 'NONE', #2787, .T. ) ;
#2904 = CIRCLE ( 'NONE', #1027, 1.749999999999989342 ) ;
#2905 = CIRCLE ( 'NONE', #58, 1.413776159319739989 ) ;
#2906 = ORIENTED_EDGE ( 'NONE', *, *, #1919, .T. ) ;
#2907 = STYLED_ITEM ( 'NONE', ( #235 ), #3144 ) ;
#2908 = DIRECTION ( 'NONE',  ( -1.000000000000000000, 0.0000000000000000000, 0.0000000000000000000 ) ) ;
#2909 = CARTESIAN_POINT ( 'NONE',  ( 9.550000000000000711, 7.250000000000000000, 5.700000000000000178 ) ) ;
#2910 = FACE_OUTER_BOUND ( 'NONE', #391, .T. ) ;
#2911 = AXIS2_PLACEMENT_3D ( 'NONE', #846, #3519, #530 ) ;
#2912 = ORIENTED_EDGE ( 'NONE', *, *, #1282, .F. ) ;
#2913 = EDGE_CURVE ( 'NONE', #3087, #1798, #2551, .T. ) ;
#2914 = CARTESIAN_POINT ( 'NONE',  ( 9.100781059358210356, 4.650000000000010125, 8.800000000000000711 ) ) ;
#2915 = CARTESIAN_POINT ( 'NONE',  ( 8.924099116621579952, 6.782835288287570208, 5.313097438219569923 ) ) ;
#2916 = EDGE_LOOP ( 'NONE', ( #3347, #23 ) ) ;
#2917 = ADVANCED_FACE ( 'NONE', ( #1686 ), #2900, .T. ) ;
#2918 = ORIENTED_EDGE ( 'NONE', *, *, #2704, .T. ) ;
#2919 = CARTESIAN_POINT ( 'NONE',  ( 1.075900883378423156, 6.560463200155847829, 5.313097438219579693 ) ) ;
#2920 = VERTEX_POINT ( 'NONE', #584 ) ;
#2921 =( GEOMETRIC_REPRESENTATION_CONTEXT ( 3 ) GLOBAL_UNCERTAINTY_ASSIGNED_CONTEXT ( ( #2705 ) ) GLOBAL_UNIT_ASSIGNED_CONTEXT ( ( #1827, #1443, #3506 ) ) REPRESENTATION_CONTEXT ( 'NONE', 'WORKASPACE' ) );
#2922 =( NAMED_UNIT ( * ) SI_UNIT ( $, .STERADIAN. ) SOLID_ANGLE_UNIT ( ) );
#2923 = EDGE_CURVE ( 'NONE', #634, #2167, #3648, .T. ) ;
#2924 = VERTEX_POINT ( 'NONE', #2998 ) ;
#2925 = B_SPLINE_CURVE_WITH_KNOTS ( 'NONE', 3,
 ( #2295, #308, #3908, #3619 ),
 .UNSPECIFIED., .F., .F.,
 ( 4, 4 ),
 ( 8.673617379884035472E-19, 0.0001342552525282656676 ),
 .UNSPECIFIED. ) ;
#2926 = DIRECTION ( 'NONE',  ( 0.0000000000000000000, 0.0000000000000000000, -1.000000000000000000 ) ) ;
#2927 = LINE ( 'NONE', #325, #2823 ) ;
#2928 =( NAMED_UNIT ( * ) SI_UNIT ( $, .STERADIAN. ) SOLID_ANGLE_UNIT ( ) );
#2929 = ORIENTED_EDGE ( 'NONE', *, *, #2416, .F. ) ;
#2930 = DIRECTION ( 'NONE',  ( 0.0000000000000000000, -1.000000000000000000, 0.0000000000000000000 ) ) ;
#2931 = CARTESIAN_POINT ( 'NONE',  ( 4.500000000000000888, 6.301461569844129862, 3.962967587499520050 ) ) ;
#2932 = B_SPLINE_CURVE_WITH_KNOTS ( 'NONE', 3,
 ( #1829, #2165, #143, #1154 ),
 .UNSPECIFIED., .F., .F.,
 ( 4, 4 ),
 ( 8.469785172630072355E-14, 0.0002372982933281810708 ),
 .UNSPECIFIED. ) ;
#2933 = ORIENTED_EDGE ( 'NONE', *, *, #3797, .T. ) ;
#2934 = CARTESIAN_POINT ( 'NONE',  ( 7.500000000000000000, 4.250000000000000000, 10.00000000000000000 ) ) ;
#2935 = CARTESIAN_POINT ( 'NONE',  ( 8.908529899565564847, 6.803742317568940656, 5.258069125366933605 ) ) ;
#2936 = DIRECTION ( 'NONE',  ( 0.0000000000000000000, 1.000000000000000000, 0.0000000000000000000 ) ) ;
#2937 = EDGE_LOOP ( 'NONE', ( #1323, #3589, #1833, #2701 ) ) ;
#2938 = VERTEX_POINT ( 'NONE', #662 ) ;
#2939 = LINE ( 'NONE', #1644, #3080 ) ;
#2940 = VECTOR ( 'NONE', #2516, 1000.000000000000000 ) ;
#2941 = ORIENTED_EDGE ( 'NONE', *, *, #1365, .T. ) ;
#2942 = DIRECTION ( 'NONE',  ( 0.0000000000000000000, 0.0000000000000000000, 1.000000000000000000 ) ) ;
#2943 = ADVANCED_FACE ( 'NONE', ( #2893 ), #1578, .T. ) ;
#2944 = AXIS2_PLACEMENT_3D ( 'NONE', #870, #3833, #2824 ) ;
#2945 = ORIENTED_EDGE ( 'NONE', *, *, #1970, .F. ) ;
#2946 =( NAMED_UNIT ( * ) PLANE_ANGLE_UNIT ( ) SI_UNIT ( $, .RADIAN. ) );
#2947 = CARTESIAN_POINT ( 'NONE',  ( 1.005392207408169147, 6.250000000000031086, 5.499015461808847149 ) ) ;
#2948 = DIRECTION ( 'NONE',  ( 0.0000000000000000000, 1.000000000000000000, 0.0000000000000000000 ) ) ;
#2949 = EDGE_LOOP ( 'NONE', ( #4080, #668, #4009, #4185, #1785, #1333, #1868, #161 ) ) ;
#2950 = AXIS2_PLACEMENT_3D ( 'NONE', #1630, #4272, #2644 ) ;
#2951 = DIRECTION ( 'NONE',  ( -0.8660254037844380415, 0.5000000000000009992, 0.0000000000000000000 ) ) ;
#2952 = DIRECTION ( 'NONE',  ( 0.0000000000000000000, -1.000000000000000000, 0.0000000000000000000 ) ) ;
#2953 = CARTESIAN_POINT ( 'NONE',  ( 8.977026237062453617, 6.335242411118299444, 5.690954292864228492 ) ) ;
#2954 = EDGE_LOOP ( 'NONE', ( #663, #776, #1409, #949, #3571, #3459 ) ) ;
#2955 = FILL_AREA_STYLE_COLOUR ( '', #2154 ) ;
#2956 = SURFACE_SIDE_STYLE ('',( #3608 ) ) ;
#2957 = ORIENTED_EDGE ( 'NONE', *, *, #3015, .F. ) ;
#2958 = ORIENTED_EDGE ( 'NONE', *, *, #2196, .T. ) ;
#2959 =( NAMED_UNIT ( * ) PLANE_ANGLE_UNIT ( ) SI_UNIT ( $, .RADIAN. ) );
#2960 = ORIENTED_EDGE ( 'NONE', *, *, #98, .T. ) ;
#2961 = PRESENTATION_STYLE_ASSIGNMENT (( #1647 ) ) ;
#2962 = UNCERTAINTY_MEASURE_WITH_UNIT (LENGTH_MEASURE( 1.000000000000000082E-05 ), #700, 'distance_accuracy_value', 'NONE');
#2963 = CIRCLE ( 'NONE', #3863, 1.400000000000000133 ) ;
#2964 = VERTEX_POINT ( 'NONE', #2239 ) ;
#2965 = EDGE_CURVE ( 'NONE', #1294, #825, #2904, .T. ) ;
#2966 = LINE ( 'NONE', #3304, #3878 ) ;
#2967 = COLOUR_RGB ( '',0.7921568627450980005, 0.8196078431372548767, 0.9333333333333333481 ) ;
#2968 = SURFACE_SIDE_STYLE ('',( #960 ) ) ;
#2969 = AXIS2_PLACEMENT_3D ( 'NONE', #2291, #614, #2942 ) ;
#2970 = FACE_OUTER_BOUND ( 'NONE', #1304, .T. ) ;
#2971 = ORIENTED_EDGE ( 'NONE', *, *, #3604, .F. ) ;
#2972 = COLOUR_RGB ( '',0.2862745098039215508, 0.6431372549019607199, 0.8666666666666666963 ) ;
#2973 = EDGE_CURVE ( 'NONE', #72, #975, #3699, .T. ) ;
#2974 = FACE_OUTER_BOUND ( 'NONE', #728, .T. ) ;
#2975 = DIRECTION ( 'NONE',  ( 0.2716300227878299944, -0.06713375248915300075, 0.9600573889080840084 ) ) ;
#2976 = STYLED_ITEM ( 'NONE', ( #695 ), #2763 ) ;
#2977 = CARTESIAN_POINT ( 'NONE',  ( -0.5000000000000000000, 6.250000000000031086, 5.499015461808849814 ) ) ;
#2978 = CARTESIAN_POINT ( 'NONE',  ( 7.500000000000000000, 4.250000000000009770, 8.000000000000000000 ) ) ;
#2979 = AXIS2_PLACEMENT_3D ( 'NONE', #1635, #3275, #2951 ) ;
#2980 = VERTEX_POINT ( 'NONE', #1662 ) ;
#2981 = VECTOR ( 'NONE', #2779, 1000.000000000000000 ) ;
#2982 = FACE_OUTER_BOUND ( 'NONE', #897, .T. ) ;
#2983 = VERTEX_POINT ( 'NONE', #2221 ) ;
#2984 = TOROIDAL_SURFACE ( 'NONE', #901, 1.600000000000000089, 0.1000000000000000056 ) ;
#2985 = LINE ( 'NONE', #4, #576 ) ;
#2986 = ORIENTED_EDGE ( 'NONE', *, *, #896, .F. ) ;
#2987 = COLOUR_RGB ( '',0.2862745098039215508, 0.6431372549019607199, 0.8666666666666666963 ) ;
#2988 = ORIENTED_EDGE ( 'NONE', *, *, #2474, .T. ) ;
#2989 =( NAMED_UNIT ( * ) SI_UNIT ( $, .STERADIAN. ) SOLID_ANGLE_UNIT ( ) );
#2990 = DIRECTION ( 'NONE',  ( 0.0000000000000000000, 1.000000000000000000, 0.0000000000000000000 ) ) ;
#2991 =( NAMED_UNIT ( * ) PLANE_ANGLE_UNIT ( ) SI_UNIT ( $, .RADIAN. ) );
#2992 = CARTESIAN_POINT ( 'NONE',  ( 0.2500000000000000000, 7.750000000000000000, 0.6500000000000010214 ) ) ;
#2993 = ORIENTED_EDGE ( 'NONE', *, *, #2380, .T. ) ;
#2994 = PLANE ( 'NONE',  #749 ) ;
#2995 = DIRECTION ( 'NONE',  ( 0.3481553119113969808, 0.8703882797784889824, 0.3481553119113949823 ) ) ;
#2996 = LINE ( 'NONE', #947, #2367 ) ;
#2997 = CARTESIAN_POINT ( 'NONE',  ( 9.199999999999999289, 3.850000000000010303, 9.500000000000000000 ) ) ;
#2998 = CARTESIAN_POINT ( 'NONE',  ( 10.00000000000000000, 0.1977371785018509909, 6.601260681670590102 ) ) ;
#2999 = EDGE_CURVE ( 'NONE', #2592, #2094, #893, .T. ) ;
#3000 = ORIENTED_EDGE ( 'NONE', *, *, #194, .F. ) ;
#3001 = EDGE_CURVE ( 'NONE', #825, #1294, #538, .T. ) ;
#3002 = DIRECTION ( 'NONE',  ( 3.928415396526638614E-16, 0.3713906763541028888, 0.9284766908852596368 ) ) ;
#3003 = ORIENTED_EDGE ( 'NONE', *, *, #3997, .F. ) ;
#3004 = CARTESIAN_POINT ( 'NONE',  ( 0.9655523953999055609, 3.850000000000007638, 9.413837825582271890 ) ) ;
#3005 = EDGE_CURVE ( 'NONE', #185, #541, #2009, .T. ) ;
#3006 = ORIENTED_EDGE ( 'NONE', *, *, #3152, .T. ) ;
#3007 = PRESENTATION_STYLE_ASSIGNMENT (( #1695 ) ) ;
#3008 = CARTESIAN_POINT ( 'NONE',  ( 0.0000000000000000000, 7.750000000000000000, -2.576321994024960090E-15 ) ) ;
#3009 = DIRECTION ( 'NONE',  ( 0.0000000000000000000, -1.000000000000000000, 0.0000000000000000000 ) ) ;
#3010 = CARTESIAN_POINT ( 'NONE',  ( 6.023102587141514697, 6.379062759268561145, 5.679065083714141871 ) ) ;
#3011 = CIRCLE ( 'NONE', #430, 1.613267899285889984 ) ;
#3012 = VERTEX_POINT ( 'NONE', #3314 ) ;
#3013 = FILL_AREA_STYLE ('',( #4303 ) ) ;
#3014 = AXIS2_PLACEMENT_3D ( 'NONE', #3811, #446, #184 ) ;
#3015 = EDGE_CURVE ( 'NONE', #3561, #920, #3085, .T. ) ;
#3016 = CARTESIAN_POINT ( 'NONE',  ( 5.250000000000000000, 7.750000000000000000, 5.900000000000000355 ) ) ;
#3017 = CARTESIAN_POINT ( 'NONE',  ( 2.500000000000000000, 4.250000000000009770, 9.500000000000010658 ) ) ;
#3018 = ORIENTED_EDGE ( 'NONE', *, *, #4011, .F. ) ;
#3019 = EDGE_CURVE ( 'NONE', #3434, #142, #2651, .T. ) ;
#3020 = CARTESIAN_POINT ( 'NONE',  ( 6.092568578620797481, 3.850000000000008527, 9.500000000000003553 ) ) ;
#3021 = EDGE_CURVE ( 'NONE', #1341, #72, #1861, .T. ) ;
#3022 =( NAMED_UNIT ( * ) SI_UNIT ( $, .STERADIAN. ) SOLID_ANGLE_UNIT ( ) );
#3023 =( LENGTH_UNIT ( ) NAMED_UNIT ( * ) SI_UNIT ( .MILLI., .METRE. ) );
#3024 = EDGE_LOOP ( 'NONE', ( #915, #2071, #4271, #3592 ) ) ;
#3025 = CARTESIAN_POINT ( 'NONE',  ( 0.9371073885686268534, 3.850000000000009415, 9.314249409997653828 ) ) ;
#3026 = CARTESIAN_POINT ( 'NONE',  ( 8.976625426532471863, 6.471519187619478863, 5.653980163109054047 ) ) ;
#3027 = FACE_OUTER_BOUND ( 'NONE', #139, .T. ) ;
#3028 = ORIENTED_EDGE ( 'NONE', *, *, #405, .T. ) ;
#3029 = LINE ( 'NONE', #89, #4270 ) ;
#3030 = CARTESIAN_POINT ( 'NONE',  ( 8.976897412858471981, 6.379062759268559368, 5.679065083712824702 ) ) ;
#3031 = DIRECTION ( 'NONE',  ( 0.0000000000000000000, 0.0000000000000000000, 1.000000000000000000 ) ) ;
#3032 = ORIENTED_EDGE ( 'NONE', *, *, #3906, .T. ) ;
#3033 = MECHANICAL_DESIGN_GEOMETRIC_PRESENTATION_REPRESENTATION (  '', ( #1317 ), #1234 ) ;
#3034 =( LENGTH_UNIT ( ) NAMED_UNIT ( * ) SI_UNIT ( .MILLI., .METRE. ) );
#3035 = DIRECTION ( 'NONE',  ( 0.0000000000000000000, 0.0000000000000000000, -1.000000000000000000 ) ) ;
#3036 = FILL_AREA_STYLE_COLOUR ( '', #2712 ) ;
#3037 = VERTEX_POINT ( 'NONE', #3984 ) ;
#3038 =( LENGTH_UNIT ( ) NAMED_UNIT ( * ) SI_UNIT ( .MILLI., .METRE. ) );
#3039 = ORIENTED_EDGE ( 'NONE', *, *, #4050, .F. ) ;
#3040 = EDGE_CURVE ( 'NONE', #2286, #3138, #2734, .T. ) ;
#3041 = CIRCLE ( 'NONE', #1177, 1.400000000000000133 ) ;
#3042 =( LENGTH_UNIT ( ) NAMED_UNIT ( * ) SI_UNIT ( .MILLI., .METRE. ) );
#3043 = AXIS2_PLACEMENT_3D ( 'NONE', #1046, #3368, #3048 ) ;
#3044 = DIRECTION ( 'NONE',  ( 0.0000000000000000000, 0.0000000000000000000, 1.000000000000000000 ) ) ;
#3045 = ORIENTED_EDGE ( 'NONE', *, *, #676, .F. ) ;
#3046 = CARTESIAN_POINT ( 'NONE',  ( 1.042213446764645779, 3.850000000000008971, 9.481490714224472427 ) ) ;
#3047 = CARTESIAN_POINT ( 'NONE',  ( 7.500000000000000000, 4.250000000000009770, 8.000000000000000000 ) ) ;
#3048 = DIRECTION ( 'NONE',  ( -0.8660254037845415143, -0.4999999999998216982, 0.0000000000000000000 ) ) ;
#3049 = EDGE_CURVE ( 'NONE', #868, #992, #2357, .T. ) ;
#3050 = EDGE_LOOP ( 'NONE', ( #1668, #4007, #1973, #2012 ) ) ;
#3051 = CARTESIAN_POINT ( 'NONE',  ( 8.958155914341494608, 6.384612859941898755, 5.465433459296769492 ) ) ;
#3052 = CARTESIAN_POINT ( 'NONE',  ( 5.965151515151520201, 5.962121212121219926, 5.184848484848489925 ) ) ;
#3053 = CARTESIAN_POINT ( 'NONE',  ( 7.500000000000000000, 5.949999999885354995, 8.099999999999999645 ) ) ;
#3054 = AXIS2_PLACEMENT_3D ( 'NONE', #1987, #1009, #989 ) ;
#3055 = EDGE_CURVE ( 'NONE', #1312, #2386, #2671, .T. ) ;
#3056 = EDGE_CURVE ( 'NONE', #2553, #2580, #3776, .T. ) ;
#3057 = EDGE_LOOP ( 'NONE', ( #1996, #3477, #1344, #1999 ) ) ;
#3058 = AXIS2_PLACEMENT_3D ( 'NONE', #133, #2799, #2477 ) ;
#3059 = CARTESIAN_POINT ( 'NONE',  ( 4.093910474793799992, 3.850000000000010303, 8.893318922984189356 ) ) ;
#3060 = CARTESIAN_POINT ( 'NONE',  ( 1.143990033716241861, 4.650000000000010125, 9.500000000000010658 ) ) ;
#3061 = CARTESIAN_POINT ( 'NONE',  ( 3.958131431689336122, 3.850000000000009859, 9.481228347016374514 ) ) ;
#3062 = ORIENTED_EDGE ( 'NONE', *, *, #1262, .T. ) ;
#3063 = PLANE ( 'NONE',  #4158 ) ;
#3064 = ORIENTED_EDGE ( 'NONE', *, *, #785, .T. ) ;
#3065 = VERTEX_POINT ( 'NONE', #2756 ) ;
#3066 = DIRECTION ( 'NONE',  ( 0.0000000000000000000, -0.1275217425395260284, 0.9918357753074259486 ) ) ;
#3067 = CARTESIAN_POINT ( 'NONE',  ( 8.977386614090290706, 6.143310324244612097, 5.618805837179489338 ) ) ;
#3068 = ORIENTED_EDGE ( 'NONE', *, *, #2887, .F. ) ;
#3069 = DIRECTION ( 'NONE',  ( 1.000000000000000000, 0.0000000000000000000, -4.231032868236119855E-16 ) ) ;
#3070 = FILL_AREA_STYLE ('',( #2379 ) ) ;
#3071 = ORIENTED_EDGE ( 'NONE', *, *, #789, .F. ) ;
#3072 = CARTESIAN_POINT ( 'NONE',  ( 3.553947254147849844, 6.900000000000019895, 4.004821471746000228 ) ) ;
#3073 = EDGE_CURVE ( 'NONE', #1223, #2547, #1483, .T. ) ;
#3074 = DIRECTION ( 'NONE',  ( -1.000000000000000000, 0.0000000000000000000, 5.152643988049929844E-16 ) ) ;
#3075 = FILL_AREA_STYLE ('',( #2111 ) ) ;
#3076 = VERTEX_POINT ( 'NONE', #4070 ) ;
#3077 = FACE_OUTER_BOUND ( 'NONE', #3086, .T. ) ;
#3078 = EDGE_CURVE ( 'NONE', #2490, #3795, #372, .T. ) ;
#3079 = CARTESIAN_POINT ( 'NONE',  ( 1.075900883378423156, 6.560463200155847829, 5.313097438219579693 ) ) ;
#3080 = VECTOR ( 'NONE', #4265, 1000.000000000000114 ) ;
#3081 = CARTESIAN_POINT ( 'NONE',  ( 2.423020349793489903, -1.462314593354880232, 5.694239332014520372 ) ) ;
#3082 = ORIENTED_EDGE ( 'NONE', *, *, #4015, .F. ) ;
#3083 = PRESENTATION_STYLE_ASSIGNMENT (( #1753 ) ) ;
#3084 = ADVANCED_FACE ( 'NONE', ( #4090 ), #327, .T. ) ;
#3085 = B_SPLINE_CURVE_WITH_KNOTS ( 'NONE', 3,
 ( #208, #1338, #3895, #1011, #4006, #916 ),
 .UNSPECIFIED., .F., .F.,
 ( 4, 2, 4 ),
 ( 0.0000000000000000000, 0.4556032744928619760, 1.000000000000000000 ),
 .UNSPECIFIED. ) ;
#3086 = EDGE_LOOP ( 'NONE', ( #1131, #130, #1622, #3173 ) ) ;
#3087 = VERTEX_POINT ( 'NONE', #1056 ) ;
#3088 = FILL_AREA_STYLE ('',( #356 ) ) ;
#3089 = ORIENTED_EDGE ( 'NONE', *, *, #1063, .F. ) ;
#3090 = LINE ( 'NONE', #696, #4021 ) ;
#3091 = COLOUR_RGB ( '',0.2862745098039215508, 0.6431372549019607199, 0.8666666666666666963 ) ;
#3092 = UNCERTAINTY_MEASURE_WITH_UNIT (LENGTH_MEASURE( 1.000000000000000082E-05 ), #503, 'distance_accuracy_value', 'NONE');
#3093 = B_SPLINE_CURVE_WITH_KNOTS ( 'NONE', 3,
 ( #3377, #3799, #3469, #2730, #1723, #4067 ),
 .UNSPECIFIED., .F., .F.,
 ( 4, 2, 4 ),
 ( 1.734723475976807094E-18, 0.0001521198112224720754, 0.0003042396224449424162 ),
 .UNSPECIFIED. ) ;
#3094 = ORIENTED_EDGE ( 'NONE', *, *, #687, .T. ) ;
#3095 = CARTESIAN_POINT ( 'NONE',  ( 3.549999999999999822, 5.950000000000040146, 3.291739462922410375 ) ) ;
#3096 = DIRECTION ( 'NONE',  ( 0.0000000000000000000, 0.0000000000000000000, -1.000000000000000000 ) ) ;
#3097 = STYLED_ITEM ( 'NONE', ( #118 ), #76 ) ;
#3098 = EDGE_CURVE ( 'NONE', #1677, #1726, #2393, .T. ) ;
#3099 = CARTESIAN_POINT ( 'NONE',  ( 3.958155913534195935, 6.384612859889001513, 5.465433459372714076 ) ) ;
#3100 = DIRECTION ( 'NONE',  ( 1.000000000000000000, 0.0000000000000000000, 0.0000000000000000000 ) ) ;
#3101 = FACE_OUTER_BOUND ( 'NONE', #1694, .T. ) ;
#3102 = EDGE_CURVE ( 'NONE', #3037, #634, #3465, .T. ) ;
#3103 = EDGE_LOOP ( 'NONE', ( #1975, #100, #1712, #1969 ) ) ;
#3104 = PLANE ( 'NONE',  #4010 ) ;
#3105 = MECHANICAL_DESIGN_GEOMETRIC_PRESENTATION_REPRESENTATION (  '', ( #883 ), #1017 ) ;
#3106 = ORIENTED_EDGE ( 'NONE', *, *, #2704, .F. ) ;
#3107 = STYLED_ITEM ( 'NONE', ( #4275 ), #2544 ) ;
#3108 = DIRECTION ( 'NONE',  ( 1.000000000000000000, 0.0000000000000000000, 0.0000000000000000000 ) ) ;
#3109 = ORIENTED_EDGE ( 'NONE', *, *, #2206, .F. ) ;
#3110 = LINE ( 'NONE', #4182, #3670 ) ;
#3111 = CARTESIAN_POINT ( 'NONE',  ( 9.750000000000010658, 7.750000000000000000, 5.700000000000000178 ) ) ;
#3112 = AXIS2_PLACEMENT_3D ( 'NONE', #2433, #3351, #2410 ) ;
#3113 = EDGE_LOOP ( 'NONE', ( #447, #4191, #759, #3874 ) ) ;
#3114 = CONICAL_SURFACE ( 'NONE', #1250, 1.599999999999999867, 0.07130746470380971980 ) ;
#3115 = DIRECTION ( 'NONE',  ( -1.000000000000000000, -5.580452358381269806E-16, 0.0000000000000000000 ) ) ;
#3116 = CARTESIAN_POINT ( 'NONE',  ( 9.093910474793799992, 3.850000000000010303, 8.893318922984189356 ) ) ;
#3117 = DIRECTION ( 'NONE',  ( 1.000000000000000000, 0.0000000000000000000, 0.0000000000000000000 ) ) ;
#3118 = PRESENTATION_LAYER_ASSIGNMENT (  '', '', ( #898 ) ) ;
#3119 = CARTESIAN_POINT ( 'NONE',  ( 10.00000000000000000, 1.800000000000000266, 10.00000000000000000 ) ) ;
#3120 = MECHANICAL_DESIGN_GEOMETRIC_PRESENTATION_REPRESENTATION (  '', ( #4232 ), #191 ) ;
#3121 = DIRECTION ( 'NONE',  ( 0.0000000000000000000, -0.06975647374412512203, 0.9975640502598243087 ) ) ;
#3122 = CARTESIAN_POINT ( 'NONE',  ( 0.3549999999999999822, 0.7350406544375860385, -7.728965982074889342E-15 ) ) ;
#3123 = LINE ( 'NONE', #3492, #2031 ) ;
#3124 = DIRECTION ( 'NONE',  ( 0.0000000000000000000, 0.0000000000000000000, 1.000000000000000000 ) ) ;
#3125 = TOROIDAL_SURFACE ( 'NONE', #2511, 1.413776159319739989, 0.2000000000000000111 ) ;
#3126 = DIRECTION ( 'NONE',  ( 0.0000000000000000000, 0.0000000000000000000, -1.000000000000000000 ) ) ;
#3127 = COLOUR_RGB ( '',0.7921568627450980005, 0.8196078431372548767, 0.9333333333333333481 ) ;
#3128 = FILL_AREA_STYLE ('',( #3431 ) ) ;
#3129 = EDGE_CURVE ( 'NONE', #634, #1908, #2460, .T. ) ;
#3130 = SURFACE_STYLE_FILL_AREA ( #2465 ) ;
#3131 = ORIENTED_EDGE ( 'NONE', *, *, #545, .F. ) ;
#3132 = DIRECTION ( 'NONE',  ( 0.0000000000000000000, -1.000000000000000000, 0.0000000000000000000 ) ) ;
#3133 = ORIENTED_EDGE ( 'NONE', *, *, #1003, .T. ) ;
#3134 = EDGE_CURVE ( 'NONE', #2920, #3076, #3887, .T. ) ;
#3135 = CARTESIAN_POINT ( 'NONE',  ( 8.976897412858471981, 6.379062759268559368, 5.679065083712824702 ) ) ;
#3136 = CARTESIAN_POINT ( 'NONE',  ( 5.899218940641789644, 4.650000000000010125, 8.800000000000000711 ) ) ;
#3137 = UNCERTAINTY_MEASURE_WITH_UNIT (LENGTH_MEASURE( 1.000000000000000082E-05 ), #4187, 'distance_accuracy_value', 'NONE');
#3138 = VERTEX_POINT ( 'NONE', #1860 ) ;
#3139 = EDGE_LOOP ( 'NONE', ( #1619, #3750 ) ) ;
#3140 = CARTESIAN_POINT ( 'NONE',  ( 7.500000000000000000, -3.950000000000000178, 3.149999999999999911 ) ) ;
#3141 = CARTESIAN_POINT ( 'NONE',  ( 0.0000000000000000000, 1.990236984239069917, 9.700000000000001066 ) ) ;
#3142 = DIRECTION ( 'NONE',  ( 0.0000000000000000000, -3.675221047034999628E-15, 1.000000000000000000 ) ) ;
#3143 = ORIENTED_EDGE ( 'NONE', *, *, #2394, .F. ) ;
#3144 = ADVANCED_FACE ( 'NONE', ( #908 ), #2522, .F. ) ;
#3145 = SURFACE_STYLE_FILL_AREA ( #3229 ) ;
#3146 = VECTOR ( 'NONE', #918, 1000.000000000000000 ) ;
#3147 = CARTESIAN_POINT ( 'NONE',  ( 2.500000000000000000, 4.250000000000009770, 9.300000000000009592 ) ) ;
#3148 = SURFACE_STYLE_FILL_AREA ( #3520 ) ;
#3149 = CARTESIAN_POINT ( 'NONE',  ( 3.994607792362365739, 6.250000000000445866, 5.499015461809747762 ) ) ;
#3150 = AXIS2_PLACEMENT_3D ( 'NONE', #2180, #3523, #1504 ) ;
#3151 = EDGE_LOOP ( 'NONE', ( #4125, #3649, #2891, #40 ) ) ;
#3152 = EDGE_CURVE ( 'NONE', #2267, #1073, #2216, .T. ) ;
#3153 = LINE ( 'NONE', #1531, #786 ) ;
#3154 = DIRECTION ( 'NONE',  ( -1.000000000000000000, 0.0000000000000000000, 0.0000000000000000000 ) ) ;
#3155 = AXIS2_PLACEMENT_3D ( 'NONE', #1915, #1213, #3904 ) ;
#3156 = CARTESIAN_POINT ( 'NONE',  ( 5.940889099879663959, 4.650000000000010125, 9.365540160508118106 ) ) ;
#3157 = ADVANCED_FACE ( 'NONE', ( #4189 ), #3114, .T. ) ;
#3158 =( GEOMETRIC_REPRESENTATION_CONTEXT ( 3 ) GLOBAL_UNCERTAINTY_ASSIGNED_CONTEXT ( ( #649 ) ) GLOBAL_UNIT_ASSIGNED_CONTEXT ( ( #3414, #3752, #1050 ) ) REPRESENTATION_CONTEXT ( 'NONE', 'WORKASPACE' ) );
#3159 = ORIENTED_EDGE ( 'NONE', *, *, #3580, .F. ) ;
#3160 = CARTESIAN_POINT ( 'NONE',  ( 9.199999999999999289, 3.850000000000010303, 8.800000000000000711 ) ) ;
#3161 = CARTESIAN_POINT ( 'NONE',  ( 1.449999999999999956, 6.900812423267500328, 3.990870176997180607 ) ) ;
#3162 = EDGE_CURVE ( 'NONE', #1726, #85, #843, .T. ) ;
#3163 = PLANE ( 'NONE',  #3463 ) ;
#3164 = DIRECTION ( 'NONE',  ( 0.0000000000000000000, 1.000000000000000000, 0.0000000000000000000 ) ) ;
#3165 = DIRECTION ( 'NONE',  ( 0.0000000000000000000, 0.0000000000000000000, 1.000000000000000000 ) ) ;
#3166 = CARTESIAN_POINT ( 'NONE',  ( 10.00000000000000000, 1.550000000000000266, 6.200000000000001066 ) ) ;
#3167 = AXIS2_PLACEMENT_3D ( 'NONE', #930, #1273, #3579 ) ;
#3168 = PLANE ( 'NONE',  #2911 ) ;
#3169 = ORIENTED_EDGE ( 'NONE', *, *, #1221, .F. ) ;
#3170 = CARTESIAN_POINT ( 'NONE',  ( 10.00000000000000000, 0.1499999999999999944, 6.700000000000000178 ) ) ;
#3171 = CARTESIAN_POINT ( 'NONE',  ( 0.0000000000000000000, 7.450000000000000178, 6.200000000000001066 ) ) ;
#3172 = MECHANICAL_DESIGN_GEOMETRIC_PRESENTATION_REPRESENTATION (  '', ( #46 ), #4290 ) ;
#3173 = ORIENTED_EDGE ( 'NONE', *, *, #1759, .F. ) ;
#3174 = DIRECTION ( 'NONE',  ( 0.0000000000000000000, 0.0000000000000000000, -1.000000000000000000 ) ) ;
#3175 = DIRECTION ( 'NONE',  ( -1.000000000000000000, 0.0000000000000000000, 0.0000000000000000000 ) ) ;
#3176 = EDGE_CURVE ( 'NONE', #563, #2565, #3599, .T. ) ;
#3177 = STYLED_ITEM ( 'NONE', ( #3754 ), #2578 ) ;
#3178 = CARTESIAN_POINT ( 'NONE',  ( 9.100781059358210356, 3.850000000000010303, 8.800000000000000711 ) ) ;
#3179 = VECTOR ( 'NONE', #1907, 1000.000000000000000 ) ;
#3180 = CARTESIAN_POINT ( 'NONE',  ( 7.500000000000000000, -4.450000000000000178, 2.899999999999999911 ) ) ;
#3181 = CIRCLE ( 'NONE', #1385, 1.700000000000000178 ) ;
#3182 = ADVANCED_FACE ( 'NONE', ( #2903 ), #881, .T. ) ;
#3183 = ORIENTED_EDGE ( 'NONE', *, *, #2834, .T. ) ;
#3184 =( GEOMETRIC_REPRESENTATION_CONTEXT ( 3 ) GLOBAL_UNCERTAINTY_ASSIGNED_CONTEXT ( ( #698 ) ) GLOBAL_UNIT_ASSIGNED_CONTEXT ( ( #2729, #3375, #393 ) ) REPRESENTATION_CONTEXT ( 'NONE', 'WORKASPACE' ) );
#3185 = DIRECTION ( 'NONE',  ( 0.0000000000000000000, -1.000000000000000000, 0.0000000000000000000 ) ) ;
#3186 = CARTESIAN_POINT ( 'NONE',  ( 1.449999999999999956, 6.700487189948050037, 3.990870176997180607 ) ) ;
#3187 = VECTOR ( 'NONE', #2995, 1000.000000000000000 ) ;
#3188 = SURFACE_SIDE_STYLE ('',( #526 ) ) ;
#3189 = VERTEX_POINT ( 'NONE', #1899 ) ;
#3190 = VECTOR ( 'NONE', #1926, 1000.000000000000000 ) ;
#3191 = DIRECTION ( 'NONE',  ( 0.0000000000000000000, 0.9975640502598243087, 0.06975647374412512203 ) ) ;
#3192 = CARTESIAN_POINT ( 'NONE',  ( 2.500000000000000000, 5.999999999999990230, 9.999999999999996447 ) ) ;
#3193 = AXIS2_PLACEMENT_3D ( 'NONE', #683, #3578, #2952 ) ;
#3194 = ORIENTED_EDGE ( 'NONE', *, *, #4227, .F. ) ;
#3195 = CARTESIAN_POINT ( 'NONE',  ( 6.450000000000000178, 5.950000000000040146, 3.494824785299559977 ) ) ;
#3196 = ORIENTED_EDGE ( 'NONE', *, *, #3865, .F. ) ;
#3197 = CARTESIAN_POINT ( 'NONE',  ( 2.500000000000000000, 4.250000000000000000, 9.999999999999989342 ) ) ;
#3198 = CARTESIAN_POINT ( 'NONE',  ( 8.952762705847817415, 6.457752998432074953, 5.432877601038793358 ) ) ;
#3199 = VERTEX_POINT ( 'NONE', #4230 ) ;
#3200 = CARTESIAN_POINT ( 'NONE',  ( 15.00000000000000000, 0.1499999999999999944, 6.388051065821461094 ) ) ;
#3201 = EDGE_CURVE ( 'NONE', #3923, #2780, #2156, .T. ) ;
#3202 = CARTESIAN_POINT ( 'NONE',  ( 7.500000000000000000, 0.1499999999999999944, 2.649999999999999911 ) ) ;
#3203 = CARTESIAN_POINT ( 'NONE',  ( 7.500000000000000000, -3.950000000000000178, 3.149999999999999911 ) ) ;
#3204 = DIRECTION ( 'NONE',  ( 0.0000000000000000000, 1.000000000000000000, 0.0000000000000000000 ) ) ;
#3205 = CARTESIAN_POINT ( 'NONE',  ( 0.5500000000000000444, 1.652376043070270084, -7.728965982074889342E-15 ) ) ;
#3206 = EDGE_CURVE ( 'NONE', #2598, #3813, #20, .T. ) ;
#3207 = CARTESIAN_POINT ( 'NONE',  ( 5.450000000000009948, 2.200000000000000178, 5.700000000000000178 ) ) ;
#3208 = PRESENTATION_STYLE_ASSIGNMENT (( #2864 ) ) ;
#3209 = DIRECTION ( 'NONE',  ( 0.0000000000000000000, 0.0000000000000000000, 1.000000000000000000 ) ) ;
#3210 = ORIENTED_EDGE ( 'NONE', *, *, #22, .F. ) ;
#3211 =( NAMED_UNIT ( * ) SI_UNIT ( $, .STERADIAN. ) SOLID_ANGLE_UNIT ( ) );
#3212 = DIRECTION ( 'NONE',  ( -6.323770134184271214E-17, 0.9848077530122081313, 0.1736481776669300259 ) ) ;
#3213 = EDGE_LOOP ( 'NONE', ( #475, #609, #2282, #580 ) ) ;
#3214 = DIRECTION ( 'NONE',  ( 0.0000000000000000000, 0.0000000000000000000, -1.000000000000000000 ) ) ;
#3215 =( GEOMETRIC_REPRESENTATION_CONTEXT ( 3 ) GLOBAL_UNCERTAINTY_ASSIGNED_CONTEXT ( ( #124 ) ) GLOBAL_UNIT_ASSIGNED_CONTEXT ( ( #3792, #805, #2203 ) ) REPRESENTATION_CONTEXT ( 'NONE', 'WORKASPACE' ) );
#3216 = ORIENTED_EDGE ( 'NONE', *, *, #3001, .T. ) ;
#3217 =( GEOMETRIC_REPRESENTATION_CONTEXT ( 3 ) GLOBAL_UNCERTAINTY_ASSIGNED_CONTEXT ( ( #780 ) ) GLOBAL_UNIT_ASSIGNED_CONTEXT ( ( #3543, #1296, #3211 ) ) REPRESENTATION_CONTEXT ( 'NONE', 'WORKASPACE' ) );
#3218 = CARTESIAN_POINT ( 'NONE',  ( 4.200000000000000178, 3.850000000000010303, 9.500000000000010658 ) ) ;
#3219 = FILL_AREA_STYLE ('',( #1160 ) ) ;
#3220 = PLANE ( 'NONE',  #2006 ) ;
#3221 = STYLED_ITEM ( 'NONE', ( #1166 ), #2227 ) ;
#3222 = ORIENTED_EDGE ( 'NONE', *, *, #4123, .T. ) ;
#3223 = ORIENTED_EDGE ( 'NONE', *, *, #1680, .T. ) ;
#3224 = DIRECTION ( 'NONE',  ( 0.0000000000000000000, -1.000000000000000000, 0.0000000000000000000 ) ) ;
#3225 = FACE_OUTER_BOUND ( 'NONE', #1208, .T. ) ;
#3226 = CARTESIAN_POINT ( 'NONE',  ( 8.907389140044481124, 3.850000000000010303, 9.500000000000031974 ) ) ;
#3227 = EDGE_CURVE ( 'NONE', #825, #2643, #2584, .T. ) ;
#3228 = ORIENTED_EDGE ( 'NONE', *, *, #4065, .F. ) ;
#3229 = FILL_AREA_STYLE ('',( #4192 ) ) ;
#3230 = LINE ( 'NONE', #3276, #3535 ) ;
#3231 = LINE ( 'NONE', #2909, #688 ) ;
#3232 = DIRECTION ( 'NONE',  ( -5.476786976838883161E-17, 0.8944271912368472188, 0.4472135950260953119 ) ) ;
#3233 = EDGE_CURVE ( 'NONE', #1726, #2618, #154, .T. ) ;
#3234 = ORIENTED_EDGE ( 'NONE', *, *, #3040, .T. ) ;
#3235 = CARTESIAN_POINT ( 'NONE',  ( 6.029021513128699716, 6.380815587897259888, 5.542350741529149971 ) ) ;
#3236 = CARTESIAN_POINT ( 'NONE',  ( 4.500000000000000888, 6.250000000000031086, 5.699344090454330214 ) ) ;
#3237 = ORIENTED_EDGE ( 'NONE', *, *, #98, .F. ) ;
#3238 = CARTESIAN_POINT ( 'NONE',  ( 8.553947254147852064, 6.900000000000019895, 4.004821471746000228 ) ) ;
#3239 = VECTOR ( 'NONE', #1367, 1000.000000000000000 ) ;
#3240 = VERTEX_POINT ( 'NONE', #1964 ) ;
#3241 = VERTEX_POINT ( 'NONE', #3292 ) ;
#3242 =( NAMED_UNIT ( * ) SI_UNIT ( $, .STERADIAN. ) SOLID_ANGLE_UNIT ( ) );
#3243 = CIRCLE ( 'NONE', #247, 1.649999999999999467 ) ;
#3244 = ORIENTED_EDGE ( 'NONE', *, *, #1645, .F. ) ;
#3245 = ORIENTED_EDGE ( 'NONE', *, *, #3152, .F. ) ;
#3246 = VECTOR ( 'NONE', #2062, 1000.000000000000000 ) ;
#3247 = CARTESIAN_POINT ( 'NONE',  ( 10.00000000000000000, 0.9499999999999999556, 6.200000000000001066 ) ) ;
#3248 = VECTOR ( 'NONE', #3667, 1000.000000000000000 ) ;
#3249 = CARTESIAN_POINT ( 'NONE',  ( 0.7999999999999990452, 4.650000000000010125, 8.800000000000009592 ) ) ;
#3250 = CARTESIAN_POINT ( 'NONE',  ( 2.500000000000000000, -4.450000000000000178, 2.649999999999990141 ) ) ;
#3251 = DIRECTION ( 'NONE',  ( -1.000000000000000000, 0.0000000000000000000, 0.0000000000000000000 ) ) ;
#3252 = VECTOR ( 'NONE', #1249, 1000.000000000000000 ) ;
#3253 = ORIENTED_EDGE ( 'NONE', *, *, #4015, .T. ) ;
#3254 = DIRECTION ( 'NONE',  ( 0.0000000000000000000, -1.000000000000000000, 0.0000000000000000000 ) ) ;
#3255 =( GEOMETRIC_REPRESENTATION_CONTEXT ( 3 ) GLOBAL_UNCERTAINTY_ASSIGNED_CONTEXT ( ( #1801 ) ) GLOBAL_UNIT_ASSIGNED_CONTEXT ( ( #2653, #1275, #3297 ) ) REPRESENTATION_CONTEXT ( 'NONE', 'WORKASPACE' ) );
#3256 = CARTESIAN_POINT ( 'NONE',  ( 1.023374480557280863, 6.471514946770921206, 5.653981231911330951 ) ) ;
#3257 = CARTESIAN_POINT ( 'NONE',  ( 6.075900883378422712, 6.782835288287570208, 5.313097438219570812 ) ) ;
#3258 = PRESENTATION_LAYER_ASSIGNMENT (  '', '', ( #337 ) ) ;
#3259 = VERTEX_POINT ( 'NONE', #1310 ) ;
#3260 = EDGE_CURVE ( 'NONE', #142, #8, #1856, .T. ) ;
#3261 = CARTESIAN_POINT ( 'NONE',  ( 9.093910474793799992, 4.650000000000010125, 8.893318922984189356 ) ) ;
#3262 = CARTESIAN_POINT ( 'NONE',  ( 3.976961065803179984, 6.143414106835629163, 5.701458542790289741 ) ) ;
#3263 = ORIENTED_EDGE ( 'NONE', *, *, #656, .T. ) ;
#3264 = AXIS2_PLACEMENT_3D ( 'NONE', #3805, #1501, #2820 ) ;
#3265 = ADVANCED_FACE ( 'NONE', ( #2272 ), #4276, .T. ) ;
#3266 = EDGE_CURVE ( 'NONE', #3611, #425, #2604, .T. ) ;
#3267 = DIRECTION ( 'NONE',  ( 0.0000000000000000000, 0.0000000000000000000, -1.000000000000000000 ) ) ;
#3268 = ORIENTED_EDGE ( 'NONE', *, *, #3134, .F. ) ;
#3269 = PLANE ( 'NONE',  #1667 ) ;
#3270 = ORIENTED_EDGE ( 'NONE', *, *, #3967, .T. ) ;
#3271 = DIRECTION ( 'NONE',  ( -1.000000000000000000, 0.0000000000000000000, 0.0000000000000000000 ) ) ;
#3272 = CARTESIAN_POINT ( 'NONE',  ( 2.500000000000000000, -3.950000000000000178, 2.149999999999990141 ) ) ;
#3273 = SURFACE_STYLE_USAGE ( .BOTH. , #3597 ) ;
#3274 = CARTESIAN_POINT ( 'NONE',  ( 6.024296180775692733, 6.556746841103029411, 5.606750848593787140 ) ) ;
#3275 = DIRECTION ( 'NONE',  ( 0.5000000000000009992, 0.8660254037844380415, 0.0000000000000000000 ) ) ;
#3276 = CARTESIAN_POINT ( 'NONE',  ( 7.810606060606080092, 15.40151515151520023, 8.960606060606059131 ) ) ;
#3277 = CARTESIAN_POINT ( 'NONE',  ( 4.500000000000000888, 5.950000000000040146, 3.494824785299559977 ) ) ;
#3278 = FACE_OUTER_BOUND ( 'NONE', #4146, .T. ) ;
#3279 = ORIENTED_EDGE ( 'NONE', *, *, #3412, .F. ) ;
#3280 = SURFACE_STYLE_USAGE ( .BOTH. , #2956 ) ;
#3281 = ORIENTED_EDGE ( 'NONE', *, *, #4023, .F. ) ;
#3282 = EDGE_CURVE ( 'NONE', #3917, #2078, #2925, .T. ) ;
#3283 = ORIENTED_EDGE ( 'NONE', *, *, #3549, .T. ) ;
#3284 =( GEOMETRIC_REPRESENTATION_CONTEXT ( 3 ) GLOBAL_UNCERTAINTY_ASSIGNED_CONTEXT ( ( #2962 ) ) GLOBAL_UNIT_ASSIGNED_CONTEXT ( ( #700, #4043, #1493 ) ) REPRESENTATION_CONTEXT ( 'NONE', 'WORKASPACE' ) );
#3285 = EDGE_LOOP ( 'NONE', ( #4286, #3253, #2039, #2381 ) ) ;
#3286 = EDGE_CURVE ( 'NONE', #3674, #2920, #2427, .T. ) ;
#3287 = ORIENTED_EDGE ( 'NONE', *, *, #3936, .F. ) ;
#3288 = CIRCLE ( 'NONE', #1709, 1.613267899285889984 ) ;
#3289 = ORIENTED_EDGE ( 'NONE', *, *, #1053, .T. ) ;
#3290 = DIRECTION ( 'NONE',  ( 0.0000000000000000000, 0.0000000000000000000, 1.000000000000000000 ) ) ;
#3291 = FILL_AREA_STYLE_COLOUR ( '', #179 ) ;
#3292 = CARTESIAN_POINT ( 'NONE',  ( 0.9938586087084732013, 6.250000000000052403, 5.699344090454423473 ) ) ;
#3293 = CARTESIAN_POINT ( 'NONE',  ( 10.00000000000000000, 7.450000000000000178, 6.500000000000000888 ) ) ;
#3294 = CARTESIAN_POINT ( 'NONE',  ( 1.023102752130519599, 6.379062758812164446, 5.679065084668997621 ) ) ;
#3295 = DIRECTION ( 'NONE',  ( 0.0000000000000000000, 0.0000000000000000000, 1.000000000000000000 ) ) ;
#3296 = ORIENTED_EDGE ( 'NONE', *, *, #1339, .T. ) ;
#3297 =( NAMED_UNIT ( * ) SI_UNIT ( $, .STERADIAN. ) SOLID_ANGLE_UNIT ( ) );
#3298 = CARTESIAN_POINT ( 'NONE',  ( 6.008157734995720034, 6.591285235931310993, 5.552530875971450008 ) ) ;
#3299 = ORIENTED_EDGE ( 'NONE', *, *, #3361, .T. ) ;
#3300 = ADVANCED_FACE ( 'NONE', ( #4299 ), #3309, .T. ) ;
#3301 = CARTESIAN_POINT ( 'NONE',  ( 4.549999999999999822, 6.250000000000031086, 5.700000000000000178 ) ) ;
#3302 = UNCERTAINTY_MEASURE_WITH_UNIT (LENGTH_MEASURE( 1.000000000000000082E-05 ), #3782, 'distance_accuracy_value', 'NONE');
#3303 = ORIENTED_EDGE ( 'NONE', *, *, #1680, .F. ) ;
#3304 = CARTESIAN_POINT ( 'NONE',  ( 15.00000000000000000, 0.1499999999999999944, 0.0000000000000000000 ) ) ;
#3305 = EDGE_CURVE ( 'NONE', #2547, #3587, #3598, .T. ) ;
#3306 = DIRECTION ( 'NONE',  ( 0.0000000000000000000, -1.000000000000000000, 0.0000000000000000000 ) ) ;
#3307 = SURFACE_SIDE_STYLE ('',( #1963 ) ) ;
#3308 = PRESENTATION_LAYER_ASSIGNMENT (  '', '', ( #883 ) ) ;
#3309 = CYLINDRICAL_SURFACE ( 'NONE', #1740, 0.5000000000000000000 ) ;
#3310 = AXIS2_PLACEMENT_3D ( 'NONE', #941, #2271, #3951 ) ;
#3311 = SURFACE_STYLE_USAGE ( .BOTH. , #1615 ) ;
#3312 = VECTOR ( 'NONE', #3174, 1000.000000000000000 ) ;
#3313 = DIRECTION ( 'NONE',  ( 0.0000000000000000000, -3.675221047034999628E-15, 1.000000000000000000 ) ) ;
#3314 = CARTESIAN_POINT ( 'NONE',  ( 7.500000000000000000, 5.950000000000040146, 4.150000000000000355 ) ) ;
#3315 = VECTOR ( 'NONE', #1960, 1000.000000000000000 ) ;
#3316 = ORIENTED_EDGE ( 'NONE', *, *, #216, .F. ) ;
#3317 = VECTOR ( 'NONE', #135, 1000.000000000000114 ) ;
#3318 = CYLINDRICAL_SURFACE ( 'NONE', #958, 1.749999999999990230 ) ;
#3319 = PLANE ( 'NONE',  #2567 ) ;
#3320 = ORIENTED_EDGE ( 'NONE', *, *, #330, .T. ) ;
#3321 = STYLED_ITEM ( 'NONE', ( #2360 ), #3456 ) ;
#3322 = AXIS2_PLACEMENT_3D ( 'NONE', #3798, #3164, #1165 ) ;
#3323 = CARTESIAN_POINT ( 'NONE',  ( 6.450000000000000178, 6.301461569844129862, 3.962967587499520050 ) ) ;
#3324 = SURFACE_SIDE_STYLE ('',( #736 ) ) ;
#3325 = ORIENTED_EDGE ( 'NONE', *, *, #1508, .F. ) ;
#3326 = DIRECTION ( 'NONE',  ( 4.231032868236119855E-16, 0.0000000000000000000, 1.000000000000000000 ) ) ;
#3327 = SURFACE_STYLE_FILL_AREA ( #980 ) ;
#3328 = VECTOR ( 'NONE', #524, 1000.000000000000000 ) ;
#3329 = EDGE_LOOP ( 'NONE', ( #3850, #2527, #3094, #2325, #3864, #1563, #4237, #291 ) ) ;
#3330 = CARTESIAN_POINT ( 'NONE',  ( 7.500000000000000000, -4.450000000000000178, 2.400000000000000355 ) ) ;
#3331 = CARTESIAN_POINT ( 'NONE',  ( 6.143990033716241861, 3.850000000000008527, 9.500000000000000000 ) ) ;
#3332 = CARTESIAN_POINT ( 'NONE',  ( -0.5000000000000000000, 6.221952518161529611, 5.100000000000011191 ) ) ;
#3333 = LINE ( 'NONE', #348, #397 ) ;
#3334 = ADVANCED_FACE ( 'NONE', ( #2970 ), #1714, .T. ) ;
#3335 = ORIENTED_EDGE ( 'NONE', *, *, #3162, .F. ) ;
#3336 = LINE ( 'NONE', #2647, #3248 ) ;
#3337 = CARTESIAN_POINT ( 'NONE',  ( 1.024296180806206102, 6.556746841721028396, 5.606750848150230837 ) ) ;
#3338 = SURFACE_STYLE_USAGE ( .BOTH. , #1010 ) ;
#3339 = EDGE_LOOP ( 'NONE', ( #2783, #1109, #3934, #420, #413, #3901 ) ) ;
#3340 = VERTEX_POINT ( 'NONE', #2663 ) ;
#3341 = SURFACE_STYLE_FILL_AREA ( #2018 ) ;
#3342 = CARTESIAN_POINT ( 'NONE',  ( 7.500000000000000000, 4.250000000000000000, 10.00000000000000000 ) ) ;
#3343 = VERTEX_POINT ( 'NONE', #1288 ) ;
#3344 = CARTESIAN_POINT ( 'NONE',  ( 10.00000000000000000, 6.436102000195529804, 10.00000000000000000 ) ) ;
#3345 = CARTESIAN_POINT ( 'NONE',  ( 2.500000000000000000, 2.650000000000010125, 8.000000000000010658 ) ) ;
#3346 = UNCERTAINTY_MEASURE_WITH_UNIT (LENGTH_MEASURE( 1.000000000000000082E-05 ), #3707, 'distance_accuracy_value', 'NONE');
#3347 = ORIENTED_EDGE ( 'NONE', *, *, #3549, .F. ) ;
#3348 = FACE_OUTER_BOUND ( 'NONE', #1201, .T. ) ;
#3349 =( LENGTH_UNIT ( ) NAMED_UNIT ( * ) SI_UNIT ( .MILLI., .METRE. ) );
#3350 = ORIENTED_EDGE ( 'NONE', *, *, #3098, .F. ) ;
#3351 = DIRECTION ( 'NONE',  ( 0.0000000000000000000, -0.9918357753074260597, -0.1275217425395260562 ) ) ;
#3352 = CIRCLE ( 'NONE', #3847, 0.5000000000000000000 ) ;
#3353 = DIRECTION ( 'NONE',  ( -1.000000000000000000, 0.0000000000000000000, 0.0000000000000000000 ) ) ;
#3354 = CARTESIAN_POINT ( 'NONE',  ( 6.043633278484560556, 6.148436649458580483, 5.454695900211610216 ) ) ;
#3355 = EDGE_CURVE ( 'NONE', #3943, #1440, #2698, .T. ) ;
#3356 = DIRECTION ( 'NONE',  ( 0.8660254037844380415, -0.5000000000000009992, 0.0000000000000000000 ) ) ;
#3357 = CARTESIAN_POINT ( 'NONE',  ( 10.30499999999999972, 1.726091832102840007, 6.200000000000001066 ) ) ;
#3358 = EDGE_CURVE ( 'NONE', #4207, #4128, #3333, .T. ) ;
#3359 = VERTEX_POINT ( 'NONE', #1744 ) ;
#3360 = DIRECTION ( 'NONE',  ( 0.0000000000000000000, 0.0000000000000000000, -1.000000000000000000 ) ) ;
#3361 = EDGE_CURVE ( 'NONE', #541, #436, #77, .T. ) ;
#3362 = PRESENTATION_STYLE_ASSIGNMENT (( #2376 ) ) ;
#3363 = FILL_AREA_STYLE ('',( #424 ) ) ;
#3364 = VERTEX_POINT ( 'NONE', #3417 ) ;
#3365 = EDGE_CURVE ( 'NONE', #3359, #83, #434, .T. ) ;
#3366 = SURFACE_STYLE_FILL_AREA ( #426 ) ;
#3367 = LINE ( 'NONE', #3410, #606 ) ;
#3368 = DIRECTION ( 'NONE',  ( -0.4999999999998217537, 0.8660254037845416253, 0.0000000000000000000 ) ) ;
#3369 = ORIENTED_EDGE ( 'NONE', *, *, #3227, .T. ) ;
#3370 = DIRECTION ( 'NONE',  ( 1.000000000000000000, 0.0000000000000000000, -4.231032868236119855E-16 ) ) ;
#3371 = SURFACE_SIDE_STYLE ('',( #721 ) ) ;
#3372 = DIRECTION ( 'NONE',  ( -1.717547996016639994E-16, 0.0000000000000000000, -1.000000000000000000 ) ) ;
#3373 = VECTOR ( 'NONE', #2546, 1000.000000000000000 ) ;
#3374 = EDGE_LOOP ( 'NONE', ( #565, #3237, #588, #1614 ) ) ;
#3375 =( NAMED_UNIT ( * ) PLANE_ANGLE_UNIT ( ) SI_UNIT ( $, .RADIAN. ) );
#3376 = VECTOR ( 'NONE', #2414, 1000.000000000000000 ) ;
#3377 = CARTESIAN_POINT ( 'NONE',  ( 3.856009966283758583, 4.650000000000010125, 9.500000000000010658 ) ) ;
#3378 = CARTESIAN_POINT ( 'NONE',  ( 7.500000000000000000, 4.250000000000000000, 10.00000000000000000 ) ) ;
#3379 = PRESENTATION_LAYER_ASSIGNMENT (  '', '', ( #603 ) ) ;
#3380 = STYLED_ITEM ( 'NONE', ( #2961 ), #540 ) ;
#3381 = FACE_BOUND ( 'NONE', #2916, .T. ) ;
#3382 =( GEOMETRIC_REPRESENTATION_CONTEXT ( 3 ) GLOBAL_UNCERTAINTY_ASSIGNED_CONTEXT ( ( #3439 ) ) GLOBAL_UNIT_ASSIGNED_CONTEXT ( ( #854, #2853, #537 ) ) REPRESENTATION_CONTEXT ( 'NONE', 'WORKASPACE' ) );
#3383 = CARTESIAN_POINT ( 'NONE',  ( 6.041844085658512498, 6.384612859941942276, 5.465433459296741958 ) ) ;
#3384 = AXIS2_PLACEMENT_3D ( 'NONE', #3405, #419, #3426 ) ;
#3385 = ORIENTED_EDGE ( 'NONE', *, *, #18, .F. ) ;
#3386 = EDGE_CURVE ( 'NONE', #1440, #2094, #109, .T. ) ;
#3387 = PRESENTATION_STYLE_ASSIGNMENT (( #1042 ) ) ;
#3388 =( GEOMETRIC_REPRESENTATION_CONTEXT ( 3 ) GLOBAL_UNCERTAINTY_ASSIGNED_CONTEXT ( ( #2185 ) ) GLOBAL_UNIT_ASSIGNED_CONTEXT ( ( #3430, #1770, #61 ) ) REPRESENTATION_CONTEXT ( 'NONE', 'WORKASPACE' ) );
#3389 = PRESENTATION_STYLE_ASSIGNMENT (( #2082 ) ) ;
#3390 = ORIENTED_EDGE ( 'NONE', *, *, #3055, .T. ) ;
#3391 = DIRECTION ( 'NONE',  ( 1.000000000000000000, 0.0000000000000000000, 0.0000000000000000000 ) ) ;
#3392 = DIRECTION ( 'NONE',  ( 0.0000000000000000000, 0.9848077530122081313, 0.1736481776669300259 ) ) ;
#3393 = UNCERTAINTY_MEASURE_WITH_UNIT (LENGTH_MEASURE( 1.000000000000000082E-05 ), #387, 'distance_accuracy_value', 'NONE');
#3394 = AXIS2_PLACEMENT_3D ( 'NONE', #4211, #2510, #178 ) ;
#3395 = DIRECTION ( 'NONE',  ( 1.000000000000000000, 0.0000000000000000000, -5.152643988049919983E-16 ) ) ;
#3396 = CARTESIAN_POINT ( 'NONE',  ( 6.450000000000000178, 3.592004494644689849, 2.875961234938969824 ) ) ;
#3397 = CARTESIAN_POINT ( 'NONE',  ( 9.062892611435055201, 3.850000000000010303, 9.314249409999399987 ) ) ;
#3398 = PRESENTATION_LAYER_ASSIGNMENT (  '', '', ( #1538 ) ) ;
#3399 = EDGE_CURVE ( 'NONE', #1798, #4277, #2461, .T. ) ;
#3400 = ORIENTED_EDGE ( 'NONE', *, *, #2737, .F. ) ;
#3401 = AXIS2_PLACEMENT_3D ( 'NONE', #2786, #1133, #2181 ) ;
#3402 = FACE_BOUND ( 'NONE', #672, .T. ) ;
#3403 = CARTESIAN_POINT ( 'NONE',  ( 6.446052745852149712, 6.900000000000019895, 4.004821471746000228 ) ) ;
#3404 = DIRECTION ( 'NONE',  ( -5.580452358381269806E-16, 1.000000000000000000, 0.0000000000000000000 ) ) ;
#3405 = CARTESIAN_POINT ( 'NONE',  ( 6.450000000000000178, 6.301461569844129862, 3.962967587499520050 ) ) ;
#3406 = CARTESIAN_POINT ( 'NONE',  ( 5.965552395399905450, 3.850000000000007638, 9.413837825582261232 ) ) ;
#3407 = ORIENTED_EDGE ( 'NONE', *, *, #2060, .F. ) ;
#3408 = ORIENTED_EDGE ( 'NONE', *, *, #2080, .F. ) ;
#3409 = CARTESIAN_POINT ( 'NONE',  ( -0.5000000000000000000, 6.221952518161529611, 5.100000000000011191 ) ) ;
#3410 = CARTESIAN_POINT ( 'NONE',  ( 8.550000000000000711, 5.950000000000040146, 2.800000000000010036 ) ) ;
#3411 = ADVANCED_FACE ( 'NONE', ( #2049 ), #611, .T. ) ;
#3412 = EDGE_CURVE ( 'NONE', #2099, #781, #3641, .T. ) ;
#3413 = ORIENTED_EDGE ( 'NONE', *, *, #2100, .F. ) ;
#3414 =( LENGTH_UNIT ( ) NAMED_UNIT ( * ) SI_UNIT ( .MILLI., .METRE. ) );
#3415 = FILL_AREA_STYLE ('',( #1742 ) ) ;
#3416 = ADVANCED_FACE ( 'NONE', ( #3822 ), #2843, .T. ) ;
#3417 = CARTESIAN_POINT ( 'NONE',  ( 1.023102752130519599, 6.379062758812164446, 5.679065084668997621 ) ) ;
#3418 = ORIENTED_EDGE ( 'NONE', *, *, #4227, .T. ) ;
#3419 = FACE_BOUND ( 'NONE', #2244, .T. ) ;
#3420 = DIRECTION ( 'NONE',  ( 0.0000000000000000000, -1.000000000000000000, 0.0000000000000000000 ) ) ;
#3421 = CARTESIAN_POINT ( 'NONE',  ( 0.9976911859572500374, 6.250000000000079936, 5.579085650507759730 ) ) ;
#3422 = SURFACE_STYLE_FILL_AREA ( #1433 ) ;
#3423 = PRESENTATION_LAYER_ASSIGNMENT (  '', '', ( #993 ) ) ;
#3424 = EDGE_CURVE ( 'NONE', #3189, #1539, #1993, .T. ) ;
#3425 = SURFACE_SIDE_STYLE ('',( #1101 ) ) ;
#3426 = DIRECTION ( 'NONE',  ( 0.0000000000000000000, 0.0000000000000000000, -1.000000000000000000 ) ) ;
#3427 = ORIENTED_EDGE ( 'NONE', *, *, #2858, .F. ) ;
#3428 = PRESENTATION_LAYER_ASSIGNMENT (  '', '', ( #4263 ) ) ;
#3429 = CARTESIAN_POINT ( 'NONE',  ( -0.5000000000000000000, 5.950000000000040146, 3.291739462922410375 ) ) ;
#3430 =( LENGTH_UNIT ( ) NAMED_UNIT ( * ) SI_UNIT ( .MILLI., .METRE. ) );
#3431 = FILL_AREA_STYLE_COLOUR ( '', #962 ) ;
#3432 = CARTESIAN_POINT ( 'NONE',  ( 4.001925068377739869, 6.250000000000079936, 5.573699898803360142 ) ) ;
#3433 = CIRCLE ( 'NONE', #999, 0.5999999999999998668 ) ;
#3434 = VERTEX_POINT ( 'NONE', #4224 ) ;
#3435 = CARTESIAN_POINT ( 'NONE',  ( 9.006141391221529346, 6.250000000000031086, 5.699344090454331990 ) ) ;
#3436 = CARTESIAN_POINT ( 'NONE',  ( 0.0000000000000000000, 0.0000000000000000000, 0.0000000000000000000 ) ) ;
#3437 = EDGE_LOOP ( 'NONE', ( #1014, #3289, #1299, #3818 ) ) ;
#3438 = CARTESIAN_POINT ( 'NONE',  ( 9.550000000000000711, 7.250000000000000000, 5.700000000000000178 ) ) ;
#3439 = UNCERTAINTY_MEASURE_WITH_UNIT (LENGTH_MEASURE( 1.000000000000000082E-05 ), #854, 'distance_accuracy_value', 'NONE');
#3440 = ORIENTED_EDGE ( 'NONE', *, *, #3804, .F. ) ;
#3441 = CARTESIAN_POINT ( 'NONE',  ( -4.549999999999999822, 6.250000000000031086, 5.700000000000000178 ) ) ;
#3442 = SURFACE_STYLE_USAGE ( .BOTH. , #4062 ) ;
#3443 = CARTESIAN_POINT ( 'NONE',  ( 1.107736519411108844, 6.816384655952806071, 5.200576600905349345 ) ) ;
#3444 = VERTEX_POINT ( 'NONE', #1303 ) ;
#3445 = EDGE_CURVE ( 'NONE', #3199, #1733, #633, .T. ) ;
#3446 = DIRECTION ( 'NONE',  ( 0.0000000000000000000, -1.000000000000000000, 0.0000000000000000000 ) ) ;
#3447 = CYLINDRICAL_SURFACE ( 'NONE', #4109, 0.5000000000000000000 ) ;
#3448 = CARTESIAN_POINT ( 'NONE',  ( 0.0000000000000000000, 7.750000000000000000, 2.576321994025010183E-15 ) ) ;
#3449 = COLOUR_RGB ( '',0.2862745098039215508, 0.6431372549019607199, 0.8666666666666666963 ) ;
#3450 = ORIENTED_EDGE ( 'NONE', *, *, #4074, .T. ) ;
#3451 =( GEOMETRIC_REPRESENTATION_CONTEXT ( 3 ) GLOBAL_UNCERTAINTY_ASSIGNED_CONTEXT ( ( #4108 ) ) GLOBAL_UNIT_ASSIGNED_CONTEXT ( ( #790, #768, #484 ) ) REPRESENTATION_CONTEXT ( 'NONE', 'WORKASPACE' ) );
#3452 =( GEOMETRIC_REPRESENTATION_CONTEXT ( 3 ) GLOBAL_UNCERTAINTY_ASSIGNED_CONTEXT ( ( #3393 ) ) GLOBAL_UNIT_ASSIGNED_CONTEXT ( ( #387, #2774, #168 ) ) REPRESENTATION_CONTEXT ( 'NONE', 'WORKASPACE' ) );
#3453 = FILL_AREA_STYLE_COLOUR ( '', #104 ) ;
#3454 = ORIENTED_EDGE ( 'NONE', *, *, #456, .T. ) ;
#3455 = VECTOR ( 'NONE', #68, 1000.000000000000000 ) ;
#3456 = ADVANCED_FACE ( 'NONE', ( #3027 ), #697, .F. ) ;
#3457 = PRESENTATION_LAYER_ASSIGNMENT (  '', '', ( #2146 ) ) ;
#3458 =( NAMED_UNIT ( * ) SI_UNIT ( $, .STERADIAN. ) SOLID_ANGLE_UNIT ( ) );
#3459 = ORIENTED_EDGE ( 'NONE', *, *, #2385, .F. ) ;
#3460 = CARTESIAN_POINT ( 'NONE',  ( 8.976121095080065615, 6.379292657739225270, 5.607444992500072445 ) ) ;
#3461 = AXIS2_PLACEMENT_3D ( 'NONE', #2861, #864, #197 ) ;
#3462 = DIRECTION ( 'NONE',  ( 0.0000000000000000000, 0.0000000000000000000, -1.000000000000000000 ) ) ;
#3463 = AXIS2_PLACEMENT_3D ( 'NONE', #3882, #192, #482 ) ;
#3464 = ORIENTED_EDGE ( 'NONE', *, *, #2076, .F. ) ;
#3465 = CIRCLE ( 'NONE', #3384, 0.4000000000000001887 ) ;
#3466 = LINE ( 'NONE', #899, #1356 ) ;
#3467 =( NAMED_UNIT ( * ) SI_UNIT ( $, .STERADIAN. ) SOLID_ANGLE_UNIT ( ) );
#3468 = DIRECTION ( 'NONE',  ( 0.0000000000000000000, 1.000000000000000000, 0.0000000000000000000 ) ) ;
#3469 = CARTESIAN_POINT ( 'NONE',  ( 3.957786553235370430, 4.650000000000011013, 9.481490714224467098 ) ) ;
#3470 = FILL_AREA_STYLE_COLOUR ( '', #3941 ) ;
#3471 = EDGE_CURVE ( 'NONE', #981, #3795, #1408, .T. ) ;
#3472 = CIRCLE ( 'NONE', #3264, 0.4000000000000001887 ) ;
#3473 = CARTESIAN_POINT ( 'NONE',  ( 5.450000000000009948, 6.250000000000031086, 5.700000000000000178 ) ) ;
#3474 = CARTESIAN_POINT ( 'NONE',  ( 2.500000000000000000, 4.250000000000000000, 9.999999999999989342 ) ) ;
#3475 = DIRECTION ( 'NONE',  ( -0.9284766908852591927, 0.3713906763541040545, 1.594703279778140325E-16 ) ) ;
#3476 = ADVANCED_FACE ( 'NONE', ( #4312 ), #2590, .T. ) ;
#3477 = ORIENTED_EDGE ( 'NONE', *, *, #4240, .F. ) ;
#3478 =( LENGTH_UNIT ( ) NAMED_UNIT ( * ) SI_UNIT ( .MILLI., .METRE. ) );
#3479 = ORIENTED_EDGE ( 'NONE', *, *, #1386, .T. ) ;
#3480 = CARTESIAN_POINT ( 'NONE',  ( 0.0000000000000000000, 1.560000000000000275, -7.728965982074889342E-15 ) ) ;
#3481 = DIRECTION ( 'NONE',  ( 0.0000000000000000000, -1.000000000000000000, 0.0000000000000000000 ) ) ;
#3482 = ADVANCED_FACE ( 'NONE', ( #2323 ), #3318, .F. ) ;
#3483 = ADVANCED_FACE ( 'NONE', ( #3987 ), #1990, .F. ) ;
#3484 = UNCERTAINTY_MEASURE_WITH_UNIT (LENGTH_MEASURE( 1.000000000000000082E-05 ), #4027, 'distance_accuracy_value', 'NONE');
#3485 = ORIENTED_EDGE ( 'NONE', *, *, #339, .F. ) ;
#3486 = CARTESIAN_POINT ( 'NONE',  ( 6.450000000000000178, 5.950000000000040146, 3.291739462922410375 ) ) ;
#3487 = DIRECTION ( 'NONE',  ( -1.000000000000000000, 0.0000000000000000000, 0.0000000000000000000 ) ) ;
#3488 = CARTESIAN_POINT ( 'NONE',  ( 7.500000000000000000, 4.250000000000009770, 9.300000000000000711 ) ) ;
#3489 = CARTESIAN_POINT ( 'NONE',  ( 3.552632424847470549, 6.900324961960824233, 4.000174299198468120 ) ) ;
#3490 = FACE_OUTER_BOUND ( 'NONE', #909, .T. ) ;
#3491 = DIRECTION ( 'NONE',  ( 1.000000000000000000, 0.0000000000000000000, 0.0000000000000000000 ) ) ;
#3492 = CARTESIAN_POINT ( 'NONE',  ( 5.799999999999999822, 4.650000000000010125, 9.500000000000000000 ) ) ;
#3493 = ORIENTED_EDGE ( 'NONE', *, *, #4071, .F. ) ;
#3494 = CARTESIAN_POINT ( 'NONE',  ( 3.942782050534640259, 6.518894125887869428, 5.379130966345927689 ) ) ;
#3495 = STYLED_ITEM ( 'NONE', ( #3007 ), #1520 ) ;
#3496 = EDGE_CURVE ( 'NONE', #1938, #868, #2464, .T. ) ;
#3497 = DIRECTION ( 'NONE',  ( 0.0000000000000000000, 0.06975647374412512203, -0.9975640502598243087 ) ) ;
#3498 = CARTESIAN_POINT ( 'NONE',  ( 5.899218940641789644, 3.850000000000010303, 8.800000000000000711 ) ) ;
#3499 = CARTESIAN_POINT ( 'NONE',  ( 2.500000000000000000, 4.250000000000000000, 9.999999999999989342 ) ) ;
#3500 = PRODUCT_DEFINITION_SHAPE ( 'NONE', 'NONE',  #3888 ) ;
#3501 = AXIS2_PLACEMENT_3D ( 'NONE', #1404, #3002, #2719 ) ;
#3502 = ORIENTED_EDGE ( 'NONE', *, *, #1513, .F. ) ;
#3503 = ADVANCED_FACE ( 'NONE', ( #1706 ), #1864, .T. ) ;
#3504 = CARTESIAN_POINT ( 'NONE',  ( 0.0000000000000000000, 1.560000000000000275, -7.728965982074889342E-15 ) ) ;
#3505 = DIRECTION ( 'NONE',  ( 0.0000000000000000000, 1.000000000000000000, 0.0000000000000000000 ) ) ;
#3506 =( NAMED_UNIT ( * ) SI_UNIT ( $, .STERADIAN. ) SOLID_ANGLE_UNIT ( ) );
#3507 = VERTEX_POINT ( 'NONE', #2175 ) ;
#3508 = DIRECTION ( 'NONE',  ( 0.0000000000000000000, 1.000000000000000000, 0.0000000000000000000 ) ) ;
#3509 = ORIENTED_EDGE ( 'NONE', *, *, #2363, .T. ) ;
#3510 = LINE ( 'NONE', #3441, #2732 ) ;
#3511 = FACE_OUTER_BOUND ( 'NONE', #2616, .T. ) ;
#3512 = EDGE_LOOP ( 'NONE', ( #2723, #3938, #126, #950 ) ) ;
#3513 = EDGE_CURVE ( 'NONE', #3138, #4264, #682, .T. ) ;
#3514 = DIRECTION ( 'NONE',  ( 0.0000000000000000000, 1.000000000000000000, 0.0000000000000000000 ) ) ;
#3515 =( NAMED_UNIT ( * ) PLANE_ANGLE_UNIT ( ) SI_UNIT ( $, .RADIAN. ) );
#3516 = FILL_AREA_STYLE_COLOUR ( '', #964 ) ;
#3517 = DIRECTION ( 'NONE',  ( 0.0000000000000000000, 1.000000000000000000, 0.0000000000000000000 ) ) ;
#3518 = PRESENTATION_STYLE_ASSIGNMENT (( #1880 ) ) ;
#3519 = DIRECTION ( 'NONE',  ( 0.0000000000000000000, 0.0000000000000000000, 1.000000000000000000 ) ) ;
#3520 = FILL_AREA_STYLE ('',( #1239 ) ) ;
#3521 = CARTESIAN_POINT ( 'NONE',  ( 10.00000000000000000, 7.750000000000000000, 6.200000000000001066 ) ) ;
#3522 = ORIENTED_EDGE ( 'NONE', *, *, #3176, .F. ) ;
#3523 = DIRECTION ( 'NONE',  ( -1.000000000000000000, 0.0000000000000000000, 1.717547996016639994E-16 ) ) ;
#3524 = CARTESIAN_POINT ( 'NONE',  ( 5.937107388568627186, 3.850000000000009415, 9.314249409997643170 ) ) ;
#3525 = ORIENTED_EDGE ( 'NONE', *, *, #2810, .F. ) ;
#3526 = CARTESIAN_POINT ( 'NONE',  ( 10.00000000000000000, 1.990236984239069917, 10.00000000000000000 ) ) ;
#3527 = COLOUR_RGB ( '',0.2862745098039215508, 0.6431372549019607199, 0.8666666666666666963 ) ;
#3528 = ADVANCED_FACE ( 'NONE', ( #2233 ), #3168, .T. ) ;
#3529 = VERTEX_POINT ( 'NONE', #4176 ) ;
#3530 = DIRECTION ( 'NONE',  ( 0.0000000000000000000, -0.1275217425395260284, 0.9918357753074259486 ) ) ;
#3531 = CARTESIAN_POINT ( 'NONE',  ( 2.500000000000000000, 4.250000000000009770, 8.100000000000010303 ) ) ;
#3532 = VECTOR ( 'NONE', #1656, 1000.000000000000000 ) ;
#3533 = DIRECTION ( 'NONE',  ( 0.0000000000000000000, -1.000000000000000000, 0.0000000000000000000 ) ) ;
#3534 =( LENGTH_UNIT ( ) NAMED_UNIT ( * ) SI_UNIT ( .MILLI., .METRE. ) );
#3535 = VECTOR ( 'NONE', #3558, 1000.000000000000000 ) ;
#3536 = ADVANCED_FACE ( 'NONE', ( #200 ), #755, .T. ) ;
#3537 = ORIENTED_EDGE ( 'NONE', *, *, #2784, .T. ) ;
#3538 = CIRCLE ( 'NONE', #546, 0.5000000000000000000 ) ;
#3539 = FACE_OUTER_BOUND ( 'NONE', #381, .T. ) ;
#3540 = DIRECTION ( 'NONE',  ( 0.0000000000000000000, -3.675221047034999628E-15, 1.000000000000000000 ) ) ;
#3541 = CIRCLE ( 'NONE', #3054, 0.09999999999999939493 ) ;
#3542 = EDGE_LOOP ( 'NONE', ( #368, #3216, #4072, #4294 ) ) ;
#3543 =( LENGTH_UNIT ( ) NAMED_UNIT ( * ) SI_UNIT ( .MILLI., .METRE. ) );
#3544 = DIRECTION ( 'NONE',  ( 0.0000000000000000000, 1.000000000000000000, 0.0000000000000000000 ) ) ;
#3545 = EDGE_LOOP ( 'NONE', ( #3210, #4001, #166, #3143, #1955, #1642 ) ) ;
#3546 = ORIENTED_EDGE ( 'NONE', *, *, #3176, .T. ) ;
#3547 = DIRECTION ( 'NONE',  ( 0.0000000000000000000, -3.675221047034999628E-15, 1.000000000000000000 ) ) ;
#3548 = ADVANCED_FACE ( 'NONE', ( #556 ), #2885, .F. ) ;
#3549 = EDGE_CURVE ( 'NONE', #2094, #2592, #4035, .T. ) ;
#3550 = VERTEX_POINT ( 'NONE', #624 ) ;
#3551 = DIRECTION ( 'NONE',  ( 8.725247161685363089E-18, -0.07124704990663610626, -0.9974586998365402302 ) ) ;
#3552 = EDGE_CURVE ( 'NONE', #934, #1444, #3230, .T. ) ;
#3553 = FILL_AREA_STYLE ('',( #862 ) ) ;
#3554 = FILL_AREA_STYLE_COLOUR ( '', #4098 ) ;
#3555 = ORIENTED_EDGE ( 'NONE', *, *, #1030, .T. ) ;
#3556 = LINE ( 'NONE', #3166, #4026 ) ;
#3557 = EDGE_CURVE ( 'NONE', #3917, #3241, #3958, .T. ) ;
#3558 = DIRECTION ( 'NONE',  ( -0.3481553119113969808, -0.8703882797784889824, -0.3481553119113949823 ) ) ;
#3559 = PLANE ( 'NONE',  #4041 ) ;
#3560 = FACE_OUTER_BOUND ( 'NONE', #2637, .T. ) ;
#3561 = VERTEX_POINT ( 'NONE', #596 ) ;
#3562 = DIRECTION ( 'NONE',  ( 0.0000000000000000000, -0.9284766908852596368, 0.3713906763541028888 ) ) ;
#3563 = CARTESIAN_POINT ( 'NONE',  ( 3.549999999999999822, 3.592004494644689849, 2.875961234938980038 ) ) ;
#3564 = ORIENTED_EDGE ( 'NONE', *, *, #2413, .T. ) ;
#3565 = CARTESIAN_POINT ( 'NONE',  ( 1.302467390493500021, 6.864512672020650186, 4.512313905521390112 ) ) ;
#3566 = VECTOR ( 'NONE', #3115, 1000.000000000000000 ) ;
#3567 = ORIENTED_EDGE ( 'NONE', *, *, #2817, .T. ) ;
#3568 = VECTOR ( 'NONE', #293, 1000.000000000000000 ) ;
#3569 = CARTESIAN_POINT ( 'NONE',  ( 1.047237146905955374, 6.457750997099130252, 5.432878492312100072 ) ) ;
#3570 = EDGE_LOOP ( 'NONE', ( #2727, #630, #4183, #249, #1505, #1809, #1665, #3183 ) ) ;
#3571 = ORIENTED_EDGE ( 'NONE', *, *, #3793, .T. ) ;
#3572 = CARTESIAN_POINT ( 'NONE',  ( 8.550000000000000711, 6.700487189948059807, 3.990870176997169949 ) ) ;
#3573 = PRESENTATION_STYLE_ASSIGNMENT (( #285 ) ) ;
#3574 = CARTESIAN_POINT ( 'NONE',  ( 1.023037437513500070, 6.379043465882250352, 5.701156363462399845 ) ) ;
#3575 = EDGE_CURVE ( 'NONE', #648, #4207, #4278, .T. ) ;
#3576 = ORIENTED_EDGE ( 'NONE', *, *, #3015, .T. ) ;
#3577 = CYLINDRICAL_SURFACE ( 'NONE', #2014, 1.399999999999999911 ) ;
#3578 = DIRECTION ( 'NONE',  ( 0.0000000000000000000, 0.0000000000000000000, 1.000000000000000000 ) ) ;
#3579 = DIRECTION ( 'NONE',  ( -3.641714079092569968E-16, 0.0000000000000000000, -1.000000000000000000 ) ) ;
#3580 = EDGE_CURVE ( 'NONE', #982, #2512, #3680, .T. ) ;
#3581 = ORIENTED_EDGE ( 'NONE', *, *, #3049, .T. ) ;
#3582 = CARTESIAN_POINT ( 'NONE',  ( 9.062892611431221823, 4.650000000000010125, 9.314249409997579221 ) ) ;
#3583 = CARTESIAN_POINT ( 'NONE',  ( 5.925592927451260650, 3.850000000000010303, 9.158054070483689912 ) ) ;
#3584 = ORIENTED_EDGE ( 'NONE', *, *, #1633, .F. ) ;
#3585 = ADVANCED_FACE ( 'NONE', ( #1658 ), #4003, .T. ) ;
#3586 = MECHANICAL_DESIGN_GEOMETRIC_PRESENTATION_REPRESENTATION (  '', ( #2342 ), #1447 ) ;
#3587 = VERTEX_POINT ( 'NONE', #3622 ) ;
#3588 =( GEOMETRIC_REPRESENTATION_CONTEXT ( 3 ) GLOBAL_UNCERTAINTY_ASSIGNED_CONTEXT ( ( #2747 ) ) GLOBAL_UNIT_ASSIGNED_CONTEXT ( ( #1076, #3735, #398 ) ) REPRESENTATION_CONTEXT ( 'NONE', 'WORKASPACE' ) );
#3589 = ORIENTED_EDGE ( 'NONE', *, *, #869, .T. ) ;
#3590 = DIRECTION ( 'NONE',  ( 3.641714079092569968E-16, 0.0000000000000000000, -1.000000000000000000 ) ) ;
#3591 = ORIENTED_EDGE ( 'NONE', *, *, #1623, .T. ) ;
#3592 = ORIENTED_EDGE ( 'NONE', *, *, #702, .T. ) ;
#3593 = PRESENTATION_LAYER_ASSIGNMENT (  '', '', ( #2976 ) ) ;
#3594 = CARTESIAN_POINT ( 'NONE',  ( 6.005392207408168481, 6.250000000000030198, 5.499015461808848038 ) ) ;
#3595 = PRESENTATION_LAYER_ASSIGNMENT (  '', '', ( #2696 ) ) ;
#3596 = CARTESIAN_POINT ( 'NONE',  ( 0.0000000000000000000, 7.450000000000000178, 6.500000000000009770 ) ) ;
#3597 = SURFACE_SIDE_STYLE ('',( #1006 ) ) ;
#3598 = LINE ( 'NONE', #2992, #252 ) ;
#3599 = CIRCLE ( 'NONE', #2498, 1.599999999999999867 ) ;
#3600 = VECTOR ( 'NONE', #3551, 1000.000000000000227 ) ;
#3601 = ORIENTED_EDGE ( 'NONE', *, *, #3305, .F. ) ;
#3602 = PLANE ( 'NONE',  #2979 ) ;
#3603 = MECHANICAL_DESIGN_GEOMETRIC_PRESENTATION_REPRESENTATION (  '', ( #3321 ), #2431 ) ;
#3604 = EDGE_CURVE ( 'NONE', #1217, #838, #1675, .T. ) ;
#3605 = FACE_OUTER_BOUND ( 'NONE', #1256, .T. ) ;
#3606 = AXIS2_PLACEMENT_3D ( 'NONE', #2717, #910, #822 ) ;
#3607 = ORIENTED_EDGE ( 'NONE', *, *, #785, .F. ) ;
#3608 = SURFACE_STYLE_FILL_AREA ( #1971 ) ;
#3609 = EDGE_CURVE ( 'NONE', #2078, #2938, #972, .T. ) ;
#3610 =( GEOMETRIC_REPRESENTATION_CONTEXT ( 3 ) GLOBAL_UNCERTAINTY_ASSIGNED_CONTEXT ( ( #45 ) ) GLOBAL_UNIT_ASSIGNED_CONTEXT ( ( #3023, #1065, #3683 ) ) REPRESENTATION_CONTEXT ( 'NONE', 'WORKASPACE' ) );
#3611 = VERTEX_POINT ( 'NONE', #1616 ) ;
#3612 = CYLINDRICAL_SURFACE ( 'NONE', #2183, 0.5999999999999998668 ) ;
#3613 = ORIENTED_EDGE ( 'NONE', *, *, #1491, .T. ) ;
#3614 = DIRECTION ( 'NONE',  ( 0.0000000000000000000, 0.0000000000000000000, -1.000000000000000000 ) ) ;
#3615 = VERTEX_POINT ( 'NONE', #2630 ) ;
#3616 =( BOUNDED_CURVE ( )  B_SPLINE_CURVE ( 3, ( #3135, #3460, #4163, #1184 ),
 .UNSPECIFIED., .F., .T. ) 
 B_SPLINE_CURVE_WITH_KNOTS ( ( 4, 4 ),
 ( 3.152431614607874355, 3.305761861899165321 ),
 .UNSPECIFIED. ) 
 CURVE ( )  GEOMETRIC_REPRESENTATION_ITEM ( )  RATIONAL_B_SPLINE_CURVE ( ( 1.000000000000000000, 0.9980417790144378021, 0.9980417790144378021, 1.000000000000000000 ) ) 
 REPRESENTATION_ITEM ( '' )  );
#3617 = DIRECTION ( 'NONE',  ( 0.0000000000000000000, -1.000000000000000000, 0.0000000000000000000 ) ) ;
#3618 = DIRECTION ( 'NONE',  ( 0.0000000000000000000, 0.0000000000000000000, 1.000000000000000000 ) ) ;
#3619 = CARTESIAN_POINT ( 'NONE',  ( 3.976897247608217167, 6.379062758811455680, 5.679065084669190355 ) ) ;
#3620 = ORIENTED_EDGE ( 'NONE', *, *, #88, .T. ) ;
#3621 = CARTESIAN_POINT ( 'NONE',  ( 0.9371073885687780658, 4.650000000000010125, 9.314249409997584550 ) ) ;
#3622 = CARTESIAN_POINT ( 'NONE',  ( 0.2500000000000000000, 7.750000000000000000, 0.4500000000000010103 ) ) ;
#3623 = LINE ( 'NONE', #4307, #3755 ) ;
#3624 = LINE ( 'NONE', #4257, #2334 ) ;
#3625 = ORIENTED_EDGE ( 'NONE', *, *, #2374, .F. ) ;
#3626 = EDGE_CURVE ( 'NONE', #987, #2300, #33, .T. ) ;
#3627 = LINE ( 'NONE', #4033, #1108 ) ;
#3628 = VERTEX_POINT ( 'NONE', #394 ) ;
#3629 = EDGE_CURVE ( 'NONE', #2924, #298, #1034, .T. ) ;
#3630 = ORIENTED_EDGE ( 'NONE', *, *, #3575, .T. ) ;
#3631 = FACE_OUTER_BOUND ( 'NONE', #2214, .T. ) ;
#3632 = ORIENTED_EDGE ( 'NONE', *, *, #2654, .F. ) ;
#3633 =( GEOMETRIC_REPRESENTATION_CONTEXT ( 3 ) GLOBAL_UNCERTAINTY_ASSIGNED_CONTEXT ( ( #3790 ) ) GLOBAL_UNIT_ASSIGNED_CONTEXT ( ( #3478, #1554, #3458 ) ) REPRESENTATION_CONTEXT ( 'NONE', 'WORKASPACE' ) );
#3634 = ADVANCED_FACE ( 'NONE', ( #1412 ), #1431, .T. ) ;
#3635 = EDGE_CURVE ( 'NONE', #1312, #1478, #1037, .T. ) ;
#3636 = ORIENTED_EDGE ( 'NONE', *, *, #322, .T. ) ;
#3637 = CARTESIAN_POINT ( 'NONE',  ( 4.062892611435055201, 3.850000000000010303, 9.314249409999399987 ) ) ;
#3638 = CARTESIAN_POINT ( 'NONE',  ( 0.0000000000000000000, 1.800000000000000266, 9.999999999999989342 ) ) ;
#3639 = DIRECTION ( 'NONE',  ( 0.0000000000000000000, 0.0000000000000000000, 1.000000000000000000 ) ) ;
#3640 = MECHANICAL_DESIGN_GEOMETRIC_PRESENTATION_REPRESENTATION (  '', ( #511 ), #3158 ) ;
#3641 =( BOUNDED_CURVE ( )  B_SPLINE_CURVE ( 3, ( #1912, #2794, #1514, #1543 ),
 .UNSPECIFIED., .F., .T. ) 
 B_SPLINE_CURVE_WITH_KNOTS ( ( 4, 4 ),
 ( 4.150549750469672894, 4.642575810304896855 ),
 .UNSPECIFIED. ) 
 CURVE ( )  GEOMETRIC_REPRESENTATION_ITEM ( )  RATIONAL_B_SPLINE_CURVE ( ( 1.000000000000000000, 0.9799274069394412479, 0.9799274069394412479, 1.000000000000000000 ) ) 
 REPRESENTATION_ITEM ( '' )  );
#3642 = EDGE_LOOP ( 'NONE', ( #2179, #1603 ) ) ;
#3643 = CIRCLE ( 'NONE', #2324, 0.2000000000000005107 ) ;
#3644 = DIRECTION ( 'NONE',  ( 0.0000000000000000000, -1.000000000000000000, 0.0000000000000000000 ) ) ;
#3645 = DIRECTION ( 'NONE',  ( 1.000000000000000000, 2.232180943352509796E-16, 0.0000000000000000000 ) ) ;
#3646 = FILL_AREA_STYLE ('',( #2318 ) ) ;
#3647 = CARTESIAN_POINT ( 'NONE',  ( 5.450000000000009948, 7.250000000000000000, 5.700000000000000178 ) ) ;
#3648 = LINE ( 'NONE', #564, #3179 ) ;
#3649 = ORIENTED_EDGE ( 'NONE', *, *, #1633, .T. ) ;
#3650 = SURFACE_SIDE_STYLE ('',( #973 ) ) ;
#3651 = CARTESIAN_POINT ( 'NONE',  ( 7.500000000000000000, 6.250000000000031086, 0.7499999999999960032 ) ) ;
#3652 = SURFACE_SIDE_STYLE ('',( #3341 ) ) ;
#3653 = CARTESIAN_POINT ( 'NONE',  ( 9.206355740440962165, 6.087469401107320266, 5.606250910350270011 ) ) ;
#3654 = ORIENTED_EDGE ( 'NONE', *, *, #3471, .F. ) ;
#3655 = SURFACE_SIDE_STYLE ('',( #3366 ) ) ;
#3656 = CARTESIAN_POINT ( 'NONE',  ( 4.549999999999999822, 6.250000000000031086, 0.6499999999999990230 ) ) ;
#3657 = ADVANCED_FACE ( 'NONE', ( #1459 ), #3668, .T. ) ;
#3658 = UNCERTAINTY_MEASURE_WITH_UNIT (LENGTH_MEASURE( 1.000000000000000082E-05 ), #1327, 'distance_accuracy_value', 'NONE');
#3659 = VECTOR ( 'NONE', #16, 1000.000000000000000 ) ;
#3660 = PRESENTATION_STYLE_ASSIGNMENT (( #2619 ) ) ;
#3661 = LINE ( 'NONE', #3638, #1587 ) ;
#3662 = DIRECTION ( 'NONE',  ( 0.0000000000000000000, 0.0000000000000000000, 1.000000000000000000 ) ) ;
#3663 = AXIS2_PLACEMENT_3D ( 'NONE', #427, #2770, #718 ) ;
#3664 = CARTESIAN_POINT ( 'NONE',  ( 1.022645188653849901, 6.378927305446330465, 5.621766569588309892 ) ) ;
#3665 = AXIS2_PLACEMENT_3D ( 'NONE', #2312, #924, #985 ) ;
#3666 = ORIENTED_EDGE ( 'NONE', *, *, #1845, .T. ) ;
#3667 = DIRECTION ( 'NONE',  ( -1.000000000000000000, 0.0000000000000000000, 0.0000000000000000000 ) ) ;
#3668 = PLANE ( 'NONE',  #757 ) ;
#3669 = CARTESIAN_POINT ( 'NONE',  ( 0.9313491852498201329, 4.650000000000010125, 9.236151811974430359 ) ) ;
#3670 = VECTOR ( 'NONE', #122, 1000.000000000000000 ) ;
#3671 = PLANE ( 'NONE',  #4287 ) ;
#3672 = CARTESIAN_POINT ( 'NONE',  ( 3.892263480588888935, 6.816384655952807847, 5.200576600905342239 ) ) ;
#3673 = AXIS2_PLACEMENT_3D ( 'NONE', #2475, #4149, #1162 ) ;
#3674 = VERTEX_POINT ( 'NONE', #3203 ) ;
#3675 = PRESENTATION_LAYER_ASSIGNMENT (  '', '', ( #2907 ) ) ;
#3676 = B_SPLINE_CURVE_WITH_KNOTS ( 'NONE', 3,
 ( #2150, #171, #3855, #2859, #2207, #1193 ),
 .UNSPECIFIED., .F., .F.,
 ( 4, 2, 4 ),
 ( 1.489244388643034614E-11, 0.0002833862612368461746, 0.0005667725075812485172 ),
 .UNSPECIFIED. ) ;
#3677 = SURFACE_STYLE_USAGE ( .BOTH. , #3650 ) ;
#3678 = CARTESIAN_POINT ( 'NONE',  ( 4.198613071924840234, 6.089357680825980168, 5.509810034670159951 ) ) ;
#3679 = LINE ( 'NONE', #1708, #1582 ) ;
#3680 = CIRCLE ( 'NONE', #1819, 1.700000000000000178 ) ;
#3681 = VECTOR ( 'NONE', #2261, 1000.000000000000114 ) ;
#3682 = PRESENTATION_STYLE_ASSIGNMENT (( #4037 ) ) ;
#3683 =( NAMED_UNIT ( * ) SI_UNIT ( $, .STERADIAN. ) SOLID_ANGLE_UNIT ( ) );
#3684 = VERTEX_POINT ( 'NONE', #1877 ) ;
#3685 = LINE ( 'NONE', #2657, #1808 ) ;
#3686 = CARTESIAN_POINT ( 'NONE',  ( 6.124350997929269624, 6.820490948317419644, 5.141853884246489592 ) ) ;
#3687 =( NAMED_UNIT ( * ) SI_UNIT ( $, .STERADIAN. ) SOLID_ANGLE_UNIT ( ) );
#3688 = VECTOR ( 'NONE', #841, 1000.000000000000000 ) ;
#3689 = EDGE_LOOP ( 'NONE', ( #2125, #2957, #4031, #5, #121, #711 ) ) ;
#3690 = ADVANCED_FACE ( 'NONE', ( #2540 ), #3447, .T. ) ;
#3691 = PRODUCT_DEFINITION_FORMATION_WITH_SPECIFIED_SOURCE ( 'ANY', '', #119, .NOT_KNOWN. ) ;
#3692 =( NAMED_UNIT ( * ) SI_UNIT ( $, .STERADIAN. ) SOLID_ANGLE_UNIT ( ) );
#3693 = DIRECTION ( 'NONE',  ( 0.0000000000000000000, 0.0000000000000000000, 1.000000000000000000 ) ) ;
#3694 = ORIENTED_EDGE ( 'NONE', *, *, #1119, .F. ) ;
#3695 = EDGE_CURVE ( 'NONE', #554, #2659, #3962, .T. ) ;
#3696 = DIRECTION ( 'NONE',  ( 0.0000000000000000000, 0.0000000000000000000, 1.000000000000000000 ) ) ;
#3697 = CARTESIAN_POINT ( 'NONE',  ( 5.793645397510390538, 6.087469678630560210, 5.606236746784570180 ) ) ;
#3698 = DIRECTION ( 'NONE',  ( 0.0000000000000000000, 1.000000000000000000, 0.0000000000000000000 ) ) ;
#3699 = LINE ( 'NONE', #708, #1671 ) ;
#3700 = ORIENTED_EDGE ( 'NONE', *, *, #4144, .T. ) ;
#3701 = SURFACE_STYLE_FILL_AREA ( #3128 ) ;
#3702 = CARTESIAN_POINT ( 'NONE',  ( 6.005392207408168481, 6.250000000000030198, 5.499015461808848038 ) ) ;
#3703 = FACE_OUTER_BOUND ( 'NONE', #145, .T. ) ;
#3704 = ORIENTED_EDGE ( 'NONE', *, *, #4023, .T. ) ;
#3705 = CARTESIAN_POINT ( 'NONE',  ( 1.143990033716242083, 3.850000000000008527, 9.500000000000010658 ) ) ;
#3706 = CARTESIAN_POINT ( 'NONE',  ( 7.500000000000000000, 5.863267899285899531, 9.314249409997579221 ) ) ;
#3707 =( LENGTH_UNIT ( ) NAMED_UNIT ( * ) SI_UNIT ( .MILLI., .METRE. ) );
#3708 = PRODUCT_DEFINITION_CONTEXT ( 'detailed design', #304, 'design' ) ;
#3709 = ORIENTED_EDGE ( 'NONE', *, *, #646, .F. ) ;
#3710 = DIRECTION ( 'NONE',  ( -5.152643988049934774E-16, 0.0000000000000000000, -1.000000000000000000 ) ) ;
#3711 = CARTESIAN_POINT ( 'NONE',  ( 9.550000000000000711, 7.250000000000000000, 0.6500000000000020206 ) ) ;
#3712 = VECTOR ( 'NONE', #2805, 1000.000000000000000 ) ;
#3713 = CARTESIAN_POINT ( 'NONE',  ( 10.00000000000000000, 0.6500000000000001332, 6.388051065821461094 ) ) ;
#3714 = CARTESIAN_POINT ( 'NONE',  ( 0.9942342462682710602, 6.250000000000079936, 5.651381332702870353 ) ) ;
#3715 = CYLINDRICAL_SURFACE ( 'NONE', #1590, 1.749999999999990230 ) ;
#3716 = DIRECTION ( 'NONE',  ( 1.000000000000000000, 0.0000000000000000000, 0.0000000000000000000 ) ) ;
#3717 = ADVANCED_FACE ( 'NONE', ( #3490 ), #2476, .F. ) ;
#3718 = ORIENTED_EDGE ( 'NONE', *, *, #3873, .T. ) ;
#3719 = CARTESIAN_POINT ( 'NONE',  ( 6.001299467198440318, 6.250000000000079936, 5.536292564213420420 ) ) ;
#3720 = ORIENTED_EDGE ( 'NONE', *, *, #3880, .T. ) ;
#3721 = SURFACE_SIDE_STYLE ('',( #38 ) ) ;
#3722 = DIRECTION ( 'NONE',  ( 1.000000000000000000, 0.0000000000000000000, 0.0000000000000000000 ) ) ;
#3723 = VERTEX_POINT ( 'NONE', #502 ) ;
#3724 = LINE ( 'NONE', #41, #3455 ) ;
#3725 = CARTESIAN_POINT ( 'NONE',  ( 8.942559080254872228, 1.718879291340180027, 9.827925769509480602 ) ) ;
#3726 = ORIENTED_EDGE ( 'NONE', *, *, #2913, .F. ) ;
#3727 = AXIS2_PLACEMENT_3D ( 'NONE', #1661, #2564, #911 ) ;
#3728 = DIRECTION ( 'NONE',  ( 7.228014483236697541E-16, 0.0000000000000000000, -1.000000000000000000 ) ) ;
#3729 = CARTESIAN_POINT ( 'NONE',  ( 10.00000000000000000, 7.750000000000000000, 0.0000000000000000000 ) ) ;
#3730 = CARTESIAN_POINT ( 'NONE',  ( 4.549999999999999822, 2.200000000000000178, 0.6499999999999990230 ) ) ;
#3731 = ORIENTED_EDGE ( 'NONE', *, *, #4071, .T. ) ;
#3732 = AXIS2_PLACEMENT_3D ( 'NONE', #1389, #1719, #2456 ) ;
#3733 = PRESENTATION_STYLE_ASSIGNMENT (( #2254 ) ) ;
#3734 = LINE ( 'NONE', #461, #362 ) ;
#3735 =( NAMED_UNIT ( * ) PLANE_ANGLE_UNIT ( ) SI_UNIT ( $, .RADIAN. ) );
#3736 = AXIS2_PLACEMENT_3D ( 'NONE', #1494, #147, #900 ) ;
#3737 = PRESENTATION_LAYER_ASSIGNMENT (  '', '', ( #1236 ) ) ;
#3738 = ORIENTED_EDGE ( 'NONE', *, *, #2157, .F. ) ;
#3739 =( NAMED_UNIT ( * ) PLANE_ANGLE_UNIT ( ) SI_UNIT ( $, .RADIAN. ) );
#3740 = AXIS2_PLACEMENT_3D ( 'NONE', #4030, #250, #2670 ) ;
#3741 = EDGE_CURVE ( 'NONE', #1440, #3943, #1259, .T. ) ;
#3742 = AXIS2_PLACEMENT_3D ( 'NONE', #3119, #437, #111 ) ;
#3743 = ADVANCED_FACE ( 'NONE', ( #4248 ), #2984, .T. ) ;
#3744 =( NAMED_UNIT ( * ) PLANE_ANGLE_UNIT ( ) SI_UNIT ( $, .RADIAN. ) );
#3745 = AXIS2_PLACEMENT_3D ( 'NONE', #3488, #1854, #837 ) ;
#3746 = ORIENTED_EDGE ( 'NONE', *, *, #3793, .F. ) ;
#3747 = CARTESIAN_POINT ( 'NONE',  ( 139.0450000000000159, 0.8789603367746769980, 8.000000000000000000 ) ) ;
#3748 = UNCERTAINTY_MEASURE_WITH_UNIT (LENGTH_MEASURE( 1.000000000000000082E-05 ), #529, 'distance_accuracy_value', 'NONE');
#3749 = CONICAL_SURFACE ( 'NONE', #3889, 0.5000000000000000000, 0.4636476084710116075 ) ;
#3750 = ORIENTED_EDGE ( 'NONE', *, *, #1221, .T. ) ;
#3751 = B_SPLINE_CURVE_WITH_KNOTS ( 'NONE', 3,
 ( #2255, #2278, #1637, #1271, #3669, #2631 ),
 .UNSPECIFIED., .F., .F.,
 ( 4, 2, 4 ),
 ( 0.0000000000000000000, 0.5443967235633909718, 1.000000000000000000 ),
 .UNSPECIFIED. ) ;
#3752 =( NAMED_UNIT ( * ) PLANE_ANGLE_UNIT ( ) SI_UNIT ( $, .RADIAN. ) );
#3753 = SURFACE_STYLE_USAGE ( .BOTH. , #3371 ) ;
#3754 = PRESENTATION_STYLE_ASSIGNMENT (( #2384 ) ) ;
#3755 = VECTOR ( 'NONE', #1701, 1000.000000000000000 ) ;
#3756 = ORIENTED_EDGE ( 'NONE', *, *, #1623, .F. ) ;
#3757 = SURFACE_STYLE_FILL_AREA ( #2095 ) ;
#3758 = CARTESIAN_POINT ( 'NONE',  ( 2.500000000000000000, 2.500000000000000444, 9.999999999999982236 ) ) ;
#3759 = FACE_OUTER_BOUND ( 'NONE', #1235, .T. ) ;
#3760 = FILL_AREA_STYLE_COLOUR ( '', #4085 ) ;
#3761 = DIRECTION ( 'NONE',  ( 0.0000000000000000000, 1.000000000000000000, 0.0000000000000000000 ) ) ;
#3762 = ORIENTED_EDGE ( 'NONE', *, *, #902, .F. ) ;
#3763 = CARTESIAN_POINT ( 'NONE',  ( 8.999986798160710677, 6.250000000000079936, 5.549568022095440867 ) ) ;
#3764 = EDGE_LOOP ( 'NONE', ( #2142, #3509, #716, #3783 ) ) ;
#3765 = DIRECTION ( 'NONE',  ( -4.311199699514559827E-15, 1.000000000000000000, 0.0000000000000000000 ) ) ;
#3766 = CARTESIAN_POINT ( 'NONE',  ( 4.500000000000000888, 6.301461569844129862, 3.962967587499520050 ) ) ;
#3767 = ADVANCED_FACE ( 'NONE', ( #2602, #2067 ), #2785, .T. ) ;
#3768 = ORIENTED_EDGE ( 'NONE', *, *, #1845, .F. ) ;
#3769 = DIRECTION ( 'NONE',  ( 3.641714079092569968E-16, 0.0000000000000000000, -1.000000000000000000 ) ) ;
#3770 = LINE ( 'NONE', #454, #4024 ) ;
#3771 =( NAMED_UNIT ( * ) SI_UNIT ( $, .STERADIAN. ) SOLID_ANGLE_UNIT ( ) );
#3772 = LINE ( 'NONE', #3122, #2740 ) ;
#3773 = PRESENTATION_STYLE_ASSIGNMENT (( #2690 ) ) ;
#3774 = AXIS2_PLACEMENT_3D ( 'NONE', #230, #3970, #1976 ) ;
#3775 = CARTESIAN_POINT ( 'NONE',  ( 15.00000000000000000, 0.0000000000000000000, 0.0000000000000000000 ) ) ;
#3776 = LINE ( 'NONE', #3357, #3317 ) ;
#3777 = EDGE_CURVE ( 'NONE', #3940, #3969, #159, .T. ) ;
#3778 = ORIENTED_EDGE ( 'NONE', *, *, #1139, .F. ) ;
#3779 = CIRCLE ( 'NONE', #1143, 0.5000000000000004441 ) ;
#3780 = CARTESIAN_POINT ( 'NONE',  ( 5.996182525918290374, 6.250000000000079936, 5.603246506036859920 ) ) ;
#3781 = CARTESIAN_POINT ( 'NONE',  ( 3.549145049325979961, 6.700698492242080029, 3.987848413411089865 ) ) ;
#3782 =( LENGTH_UNIT ( ) NAMED_UNIT ( * ) SI_UNIT ( .MILLI., .METRE. ) );
#3783 = ORIENTED_EDGE ( 'NONE', *, *, #93, .F. ) ;
#3784 = CARTESIAN_POINT ( 'NONE',  ( 144.0449999999999875, 0.8789603367746769980, 8.000000000000000000 ) ) ;
#3785 = EDGE_CURVE ( 'NONE', #2267, #3902, #2568, .T. ) ;
#3786 = APPLICATION_PROTOCOL_DEFINITION ( 'draft international standard', 'automotive_design', 1998, #304 ) ;
#3787 = ORIENTED_EDGE ( 'NONE', *, *, #2649, .F. ) ;
#3788 = FACE_BOUND ( 'NONE', #1774, .T. ) ;
#3789 = CIRCLE ( 'NONE', #1430, 1.649999999999999467 ) ;
#3790 = UNCERTAINTY_MEASURE_WITH_UNIT (LENGTH_MEASURE( 1.000000000000000082E-05 ), #3478, 'distance_accuracy_value', 'NONE');
#3791 = ORIENTED_EDGE ( 'NONE', *, *, #2177, .T. ) ;
#3792 =( LENGTH_UNIT ( ) NAMED_UNIT ( * ) SI_UNIT ( .MILLI., .METRE. ) );
#3793 = EDGE_CURVE ( 'NONE', #4060, #1373, #206, .T. ) ;
#3794 =( GEOMETRIC_REPRESENTATION_CONTEXT ( 3 ) GLOBAL_UNCERTAINTY_ASSIGNED_CONTEXT ( ( #3302 ) ) GLOBAL_UNIT_ASSIGNED_CONTEXT ( ( #3782, #2194, #848 ) ) REPRESENTATION_CONTEXT ( 'NONE', 'WORKASPACE' ) );
#3795 = VERTEX_POINT ( 'NONE', #1889 ) ;
#3796 = PLANE ( 'NONE',  #3673 ) ;
#3797 = EDGE_CURVE ( 'NONE', #3507, #2223, #2529, .T. ) ;
#3798 = CARTESIAN_POINT ( 'NONE',  ( 7.500000000000000000, -4.450000000000000178, 2.649999999999999911 ) ) ;
#3799 = CARTESIAN_POINT ( 'NONE',  ( 3.907431421379208736, 4.650000000000011902, 9.500000000000010658 ) ) ;
#3800 = LINE ( 'NONE', #1167, #3688 ) ;
#3801 = DIRECTION ( 'NONE',  ( 0.0000000000000000000, -1.000000000000000000, 0.0000000000000000000 ) ) ;
#3802 = AXIS2_PLACEMENT_3D ( 'NONE', #1125, #134, #1482 ) ;
#3803 = CARTESIAN_POINT ( 'NONE',  ( 3.908230602241417717, 6.595770259307299099, 5.257011279829173489 ) ) ;
#3804 = EDGE_CURVE ( 'NONE', #1908, #1559, #3916, .T. ) ;
#3805 = CARTESIAN_POINT ( 'NONE',  ( 8.550000000000000711, 6.301461569844129862, 3.962967587499520050 ) ) ;
#3806 = CIRCLE ( 'NONE', #1244, 0.2499999999999997780 ) ;
#3807 = DIRECTION ( 'NONE',  ( 1.000000000000000000, 0.0000000000000000000, 0.0000000000000000000 ) ) ;
#3808 = CIRCLE ( 'NONE', #51, 1.400000000000000133 ) ;
#3809 = ORIENTED_EDGE ( 'NONE', *, *, #3049, .F. ) ;
#3810 = MECHANICAL_DESIGN_GEOMETRIC_PRESENTATION_REPRESENTATION (  '', ( #1095 ), #2497 ) ;
#3811 = CARTESIAN_POINT ( 'NONE',  ( 7.500000000000000000, 4.250000000000009770, 9.314249409997579221 ) ) ;
#3812 = DIRECTION ( 'NONE',  ( 0.0000000000000000000, 0.0000000000000000000, 1.000000000000000000 ) ) ;
#3813 = VERTEX_POINT ( 'NONE', #1247 ) ;
#3814 = CARTESIAN_POINT ( 'NONE',  ( 0.9938586087084732013, 6.250000000000052403, 5.699344090454423473 ) ) ;
#3815 = VECTOR ( 'NONE', #2408, 1000.000000000000000 ) ;
#3816 = CARTESIAN_POINT ( 'NONE',  ( 7.500000000000000000, 5.950000000000040146, 2.750000000000000000 ) ) ;
#3817 = STYLED_ITEM ( 'NONE', ( #369 ), #1077 ) ;
#3818 = ORIENTED_EDGE ( 'NONE', *, *, #2813, .T. ) ;
#3819 = AXIS2_PLACEMENT_3D ( 'NONE', #957, #3614, #3993 ) ;
#3820 = FACE_OUTER_BOUND ( 'NONE', #733, .T. ) ;
#3821 = CARTESIAN_POINT ( 'NONE',  ( 7.500000000000000000, 5.850000000000009415, 8.099999999999999645 ) ) ;
#3822 = FACE_OUTER_BOUND ( 'NONE', #1048, .T. ) ;
#3823 = EDGE_CURVE ( 'NONE', #1469, #4226, #1905, .T. ) ;
#3824 = ORIENTED_EDGE ( 'NONE', *, *, #190, .F. ) ;
#3825 = CARTESIAN_POINT ( 'NONE',  ( 0.0000000000000000000, 7.750000000000000000, 6.500000000000009770 ) ) ;
#3826 = B_SPLINE_CURVE_WITH_KNOTS ( 'NONE', 3,
 ( #2389, #2411, #3714, #2754, #3421, #1765, #1075, #2435 ),
 .UNSPECIFIED., .F., .F.,
 ( 4, 2, 2, 4 ),
 ( 0.0000000000000000000, 0.3582783410808529911, 0.7198210597566360169, 1.000000000000000000 ),
 .UNSPECIFIED. ) ;
#3827 =( NAMED_UNIT ( * ) SI_UNIT ( $, .STERADIAN. ) SOLID_ANGLE_UNIT ( ) );
#3828 = CARTESIAN_POINT ( 'NONE',  ( 10.00000000000000000, 0.0000000000000000000, 0.0000000000000000000 ) ) ;
#3829 = PRESENTATION_STYLE_ASSIGNMENT (( #2155 ) ) ;
#3830 = ADVANCED_FACE ( 'NONE', ( #225 ), #3749, .T. ) ;
#3831 = DIRECTION ( 'NONE',  ( 8.725247161685363089E-18, -0.07124704990663610626, -0.9974586998365402302 ) ) ;
#3832 = ORIENTED_EDGE ( 'NONE', *, *, #1842, .F. ) ;
#3833 = DIRECTION ( 'NONE',  ( 1.000000000000000000, 0.0000000000000000000, 0.0000000000000000000 ) ) ;
#3834 = PRESENTATION_STYLE_ASSIGNMENT (( #872 ) ) ;
#3835 = DIRECTION ( 'NONE',  ( 0.0000000000000000000, 0.0000000000000000000, 1.000000000000000000 ) ) ;
#3836 = PRODUCT_DEFINITION_CONTEXT ( 'detailed design', #87, 'design' ) ;
#3837 = DIRECTION ( 'NONE',  ( -0.2722442098535290400, 0.0000000000000000000, -0.9622281902964742173 ) ) ;
#3838 = CARTESIAN_POINT ( 'NONE',  ( 1.447367575152528341, 6.900324961960824233, 4.000174299198468120 ) ) ;
#3839 = DIRECTION ( 'NONE',  ( 0.0000000000000000000, 0.8944271912368472188, 0.4472135950260953119 ) ) ;
#3840 = CARTESIAN_POINT ( 'NONE',  ( 9.006141391221529346, 6.250000000000031086, 5.699344090454331990 ) ) ;
#3841 = DIRECTION ( 'NONE',  ( -1.000000000000000000, 0.0000000000000000000, 3.641714079092569968E-16 ) ) ;
#3842 = CARTESIAN_POINT ( 'NONE',  ( 0.4500000000000000666, 7.250000000000000000, 5.700000000000000178 ) ) ;
#3843 = CARTESIAN_POINT ( 'NONE',  ( 10.00000000000000000, 0.0000000000000000000, 0.0000000000000000000 ) ) ;
#3844 = EDGE_CURVE ( 'NONE', #2218, #2812, #582, .T. ) ;
#3845 = CARTESIAN_POINT ( 'NONE',  ( 5.799999999999999822, 3.850000000000010303, 8.800000000000000711 ) ) ;
#3846 = PRODUCT ( 'TB002V-500-02P_Blue - S', 'TB002V-500-02P_Blue - S', '', ( #103 ) ) ;
#3847 = AXIS2_PLACEMENT_3D ( 'NONE', #1152, #535, #2513 ) ;
#3848 = EDGE_LOOP ( 'NONE', ( #3925, #2768, #1780, #3832 ) ) ;
#3849 = APPLICATION_PROTOCOL_DEFINITION ( 'draft international standard', 'automotive_design', 1998, #87 ) ;
#3850 = ORIENTED_EDGE ( 'NONE', *, *, #3844, .F. ) ;
#3851 = DIRECTION ( 'NONE',  ( 0.0000000000000000000, 0.0000000000000000000, -1.000000000000000000 ) ) ;
#3852 = CARTESIAN_POINT ( 'NONE',  ( -4.549999999999999822, 5.950000000000040146, 0.6500000000000289990 ) ) ;
#3853 = VERTEX_POINT ( 'NONE', #2915 ) ;
#3854 = DIRECTION ( 'NONE',  ( 0.0000000000000000000, 0.0000000000000000000, 1.000000000000000000 ) ) ;
#3855 = CARTESIAN_POINT ( 'NONE',  ( 3.975706270041636348, 6.556592752525871148, 5.606841190859111812 ) ) ;
#3856 = SURFACE_SIDE_STYLE ('',( #840 ) ) ;
#3857 = CARTESIAN_POINT ( 'NONE',  ( 1.041868568309956222, 4.650000000000009237, 9.481228347016099178 ) ) ;
#3858 = DIRECTION ( 'NONE',  ( 0.0000000000000000000, 0.0000000000000000000, 1.000000000000000000 ) ) ;
#3859 = LINE ( 'NONE', #486, #819 ) ;
#3860 = DIRECTION ( 'NONE',  ( 0.0000000000000000000, 0.0000000000000000000, 1.000000000000000000 ) ) ;
#3861 =( NAMED_UNIT ( * ) SI_UNIT ( $, .STERADIAN. ) SOLID_ANGLE_UNIT ( ) );
#3862 = CARTESIAN_POINT ( 'NONE',  ( 2.500000000000000000, 4.250000000000009770, 9.314249409997589879 ) ) ;
#3863 = AXIS2_PLACEMENT_3D ( 'NONE', #707, #4069, #4052 ) ;
#3864 = ORIENTED_EDGE ( 'NONE', *, *, #3972, .F. ) ;
#3865 = EDGE_CURVE ( 'NONE', #2665, #2257, #3538, .T. ) ;
#3866 = CARTESIAN_POINT ( 'NONE',  ( 2.500000000000000000, 0.1499999999999999944, 2.649999999999990141 ) ) ;
#3867 = CARTESIAN_POINT ( 'NONE',  ( 5.931349185249990441, 3.850000000000010303, 9.236151811974499637 ) ) ;
#3868 = VECTOR ( 'NONE', #2140, 1000.000000000000000 ) ;
#3869 = ORIENTED_EDGE ( 'NONE', *, *, #3358, .F. ) ;
#3870 = CARTESIAN_POINT ( 'NONE',  ( 8.551316613977631320, 6.900595781960301878, 3.995523657362072711 ) ) ;
#3871 = CARTESIAN_POINT ( 'NONE',  ( 8.875649002070730376, 6.820490948317419644, 5.141853884246479822 ) ) ;
#3872 = TOROIDAL_SURFACE ( 'NONE', #3944, 1.600000000000000089, 0.1000000000000000056 ) ;
#3873 = EDGE_CURVE ( 'NONE', #4122, #2656, #404, .T. ) ;
#3874 = ORIENTED_EDGE ( 'NONE', *, *, #3129, .T. ) ;
#3875 = SURFACE_SIDE_STYLE ('',( #4129 ) ) ;
#3876 = CIRCLE ( 'NONE', #1943, 1.700000000000000178 ) ;
#3877 = CARTESIAN_POINT ( 'NONE',  ( 7.500000000000000000, 5.950000000000040146, 2.750000000000000000 ) ) ;
#3878 = VECTOR ( 'NONE', #3271, 1000.000000000000000 ) ;
#3879 = AXIS2_PLACEMENT_3D ( 'NONE', #817, #3841, #1169 ) ;
#3880 = EDGE_CURVE ( 'NONE', #2300, #3359, #1747, .T. ) ;
#3881 = ORIENTED_EDGE ( 'NONE', *, *, #3098, .T. ) ;
#3882 = CARTESIAN_POINT ( 'NONE',  ( 2.500000000000000000, 4.250000000000009770, 9.500000000000010658 ) ) ;
#3883 = DIRECTION ( 'NONE',  ( 1.000000000000000000, 0.0000000000000000000, 0.0000000000000000000 ) ) ;
#3884 = DIRECTION ( 'NONE',  ( 0.0000000000000000000, 1.000000000000000000, 0.0000000000000000000 ) ) ;
#3885 = CARTESIAN_POINT ( 'NONE',  ( 10.00000000000000000, 7.150000000000000355, 6.500000000000000888 ) ) ;
#3886 = AXIS2_PLACEMENT_3D ( 'NONE', #3474, #2819, #1593 ) ;
#3887 = LINE ( 'NONE', #174, #2088 ) ;
#3888 = PRODUCT_DEFINITION ( 'UNKNOWN', '', #3691, #3708 ) ;
#3889 = AXIS2_PLACEMENT_3D ( 'NONE', #1576, #3505, #914 ) ;
#3890 = CARTESIAN_POINT ( 'NONE',  ( 0.4500000000000000666, 6.250000000000031086, 0.6500000000000010214 ) ) ;
#3891 = ORIENTED_EDGE ( 'NONE', *, *, #1136, .T. ) ;
#3892 = CARTESIAN_POINT ( 'NONE',  ( 5.794121699421159732, 6.087585839000359655, 5.702638584486940054 ) ) ;
#3893 = CARTESIAN_POINT ( 'NONE',  ( 10.30499999999999972, 1.726091832102840007, 0.0000000000000000000 ) ) ;
#3894 = VERTEX_POINT ( 'NONE', #3937 ) ;
#3895 = CARTESIAN_POINT ( 'NONE',  ( 4.074407072548740238, 4.650000000000010125, 9.158054070483681031 ) ) ;
#3896 = ORIENTED_EDGE ( 'NONE', *, *, #844, .T. ) ;
#3897 = LINE ( 'NONE', #3922, #2391 ) ;
#3898 = ORIENTED_EDGE ( 'NONE', *, *, #1786, .F. ) ;
#3899 = CARTESIAN_POINT ( 'NONE',  ( 10.50000000000000000, 0.8864914703891380032, 0.0000000000000000000 ) ) ;
#3900 = ADVANCED_FACE ( 'NONE', ( #3988 ), #1406, .T. ) ;
#3901 = ORIENTED_EDGE ( 'NONE', *, *, #779, .F. ) ;
#3902 = VERTEX_POINT ( 'NONE', #4285 ) ;
#3903 = FACE_OUTER_BOUND ( 'NONE', #3050, .T. ) ;
#3904 = DIRECTION ( 'NONE',  ( -1.000000000000000000, 0.0000000000000000000, 0.0000000000000000000 ) ) ;
#3905 = PLANE ( 'NONE',  #3310 ) ;
#3906 = EDGE_CURVE ( 'NONE', #358, #2980, #1330, .T. ) ;
#3907 = ADVANCED_FACE ( 'NONE', ( #2695, #1358 ), #3319, .T. ) ;
#3908 = CARTESIAN_POINT ( 'NONE',  ( 3.977026237072491810, 6.335242407712279089, 5.690954293788339058 ) ) ;
#3909 = ORIENTED_EDGE ( 'NONE', *, *, #2784, .F. ) ;
#3910 = LINE ( 'NONE', #2158, #1524 ) ;
#3911 = CARTESIAN_POINT ( 'NONE',  ( -0.5000000000000000000, 6.250000000000031086, 5.699344090454340872 ) ) ;
#3912 = CYLINDRICAL_SURFACE ( 'NONE', #170, 0.5999999999999998668 ) ;
#3913 = EDGE_CURVE ( 'NONE', #1677, #3611, #3627, .T. ) ;
#3914 = ORIENTED_EDGE ( 'NONE', *, *, #1386, .F. ) ;
#3915 = PRESENTATION_LAYER_ASSIGNMENT (  '', '', ( #4193 ) ) ;
#3916 = LINE ( 'NONE', #1601, #2028 ) ;
#3917 = VERTEX_POINT ( 'NONE', #1040 ) ;
#3918 = STYLED_ITEM ( 'NONE', ( #3387 ), #1818 ) ;
#3919 = ORIENTED_EDGE ( 'NONE', *, *, #974, .T. ) ;
#3920 = VECTOR ( 'NONE', #798, 1000.000000000000000 ) ;
#3921 = EDGE_CURVE ( 'NONE', #1263, #3037, #1950, .T. ) ;
#3922 = CARTESIAN_POINT ( 'NONE',  ( 0.4500000000000000666, 6.250000000000031086, 5.700000000000000178 ) ) ;
#3923 = VERTEX_POINT ( 'NONE', #4008 ) ;
#3924 = DIRECTION ( 'NONE',  ( 0.0000000000000000000, 0.0000000000000000000, 1.000000000000000000 ) ) ;
#3925 = ORIENTED_EDGE ( 'NONE', *, *, #1599, .T. ) ;
#3926 = EDGE_LOOP ( 'NONE', ( #587, #2341, #971, #764 ) ) ;
#3927 = ADVANCED_FACE ( 'NONE', ( #2982 ), #2375, .T. ) ;
#3928 = CARTESIAN_POINT ( 'NONE',  ( 8.924099116621579952, -1.462314593354880232, 5.313097438219569923 ) ) ;
#3929 = CARTESIAN_POINT ( 'NONE',  ( 2.500000000000000000, 4.250000000000009770, 8.800000000000009592 ) ) ;
#3930 = EDGE_LOOP ( 'NONE', ( #1114, #2849, #2867, #3694 ) ) ;
#3931 = ADVANCED_FACE ( 'NONE', ( #471 ), #2759, .T. ) ;
#3932 = DIRECTION ( 'NONE',  ( 0.0000000000000000000, 0.0000000000000000000, -1.000000000000000000 ) ) ;
#3933 = CARTESIAN_POINT ( 'NONE',  ( 8.958155914341494608, 6.384612859941898755, 5.465433459296769492 ) ) ;
#3934 = ORIENTED_EDGE ( 'NONE', *, *, #4311, .F. ) ;
#3935 = AXIS2_PLACEMENT_3D ( 'NONE', #510, #4121, #1865 ) ;
#3936 = EDGE_CURVE ( 'NONE', #83, #987, #1181, .T. ) ;
#3937 = CARTESIAN_POINT ( 'NONE',  ( 8.550000000000000711, 5.950000000000040146, 3.494824785299559977 ) ) ;
#3938 = ORIENTED_EDGE ( 'NONE', *, *, #3134, .T. ) ;
#3939 = VECTOR ( 'NONE', #1697, 1000.000000000000000 ) ;
#3940 = VERTEX_POINT ( 'NONE', #220 ) ;
#3941 = COLOUR_RGB ( '',0.2862745098039215508, 0.6431372549019607199, 0.8666666666666666963 ) ;
#3942 = DIRECTION ( 'NONE',  ( 0.0000000000000000000, -1.000000000000000000, 0.0000000000000000000 ) ) ;
#3943 = VERTEX_POINT ( 'NONE', #2159 ) ;
#3944 = AXIS2_PLACEMENT_3D ( 'NONE', #3531, #3618, #1266 ) ;
#3945 = DIRECTION ( 'NONE',  ( 1.000000000000000000, 0.0000000000000000000, -4.231032868236119855E-16 ) ) ;
#3946 = CIRCLE ( 'NONE', #746, 1.599999999999999867 ) ;
#3947 = VECTOR ( 'NONE', #2537, 1000.000000000000000 ) ;
#3948 = CARTESIAN_POINT ( 'NONE',  ( 2.500000000000000000, 4.250000000000009770, 8.000000000000010658 ) ) ;
#3949 =( GEOMETRIC_REPRESENTATION_CONTEXT ( 3 ) GLOBAL_UNCERTAINTY_ASSIGNED_CONTEXT ( ( #3748 ) ) GLOBAL_UNIT_ASSIGNED_CONTEXT ( ( #529, #575, #1219 ) ) REPRESENTATION_CONTEXT ( 'NONE', 'WORKASPACE' ) );
#3950 = PLANE ( 'NONE',  #44 ) ;
#3951 = DIRECTION ( 'NONE',  ( 1.717547996016639994E-16, 0.0000000000000000000, 1.000000000000000000 ) ) ;
#3952 = CARTESIAN_POINT ( 'NONE',  ( 5.450000000000009948, 7.250000000000000000, 5.700000000000000178 ) ) ;
#3953 = EDGE_CURVE ( 'NONE', #888, #1677, #1594, .T. ) ;
#3954 =( GEOMETRIC_REPRESENTATION_CONTEXT ( 3 ) GLOBAL_UNCERTAINTY_ASSIGNED_CONTEXT ( ( #7 ) ) GLOBAL_UNIT_ASSIGNED_CONTEXT ( ( #1610, #2946, #2989 ) ) REPRESENTATION_CONTEXT ( 'NONE', 'WORKASPACE' ) );
#3955 = ORIENTED_EDGE ( 'NONE', *, *, #3880, .F. ) ;
#3956 = FACE_OUTER_BOUND ( 'NONE', #2079, .T. ) ;
#3957 = AXIS2_PLACEMENT_3D ( 'NONE', #1683, #2277, #3645 ) ;
#3958 = LINE ( 'NONE', #3911, #1254 ) ;
#3959 = DIRECTION ( 'NONE',  ( -1.717547996016639994E-16, 0.0000000000000000000, -1.000000000000000000 ) ) ;
#3960 = DIRECTION ( 'NONE',  ( 1.000000000000000000, 0.0000000000000000000, 0.0000000000000000000 ) ) ;
#3961 = ADVANCED_FACE ( 'NONE', ( #1198 ), #2217, .F. ) ;
#3962 = CIRCLE ( 'NONE', #2777, 0.2999999999999999334 ) ;
#3963 = EDGE_LOOP ( 'NONE', ( #1277, #979, #2686, #2958, #4118 ) ) ;
#3964 = PLANE ( 'NONE',  #91 ) ;
#3965 = ORIENTED_EDGE ( 'NONE', *, *, #1579, .F. ) ;
#3966 = ADVANCED_FACE ( 'NONE', ( #847 ), #3559, .T. ) ;
#3967 = EDGE_CURVE ( 'NONE', #3087, #1456, #4234, .T. ) ;
#3968 = CIRCLE ( 'NONE', #411, 1.749999999999999778 ) ;
#3969 = VERTEX_POINT ( 'NONE', #3498 ) ;
#3970 = DIRECTION ( 'NONE',  ( 0.0000000000000000000, 0.0000000000000000000, -1.000000000000000000 ) ) ;
#3971 = ORIENTED_EDGE ( 'NONE', *, *, #849, .T. ) ;
#3972 = EDGE_CURVE ( 'NONE', #612, #797, #557, .T. ) ;
#3973 = ORIENTED_EDGE ( 'NONE', *, *, #3513, .F. ) ;
#3974 = ORIENTED_EDGE ( 'NONE', *, *, #2128, .T. ) ;
#3975 = CYLINDRICAL_SURFACE ( 'NONE', #1457, 1.399999999999999911 ) ;
#3976 = CARTESIAN_POINT ( 'NONE',  ( 15.00000000000000000, 7.750000000000000000, 5.900000000000000355 ) ) ;
#3977 =( LENGTH_UNIT ( ) NAMED_UNIT ( * ) SI_UNIT ( .MILLI., .METRE. ) );
#3978 = CARTESIAN_POINT ( 'NONE',  ( 1.029021513128699938, 6.380815587897259888, 5.542350741529159741 ) ) ;
#3979 = ORIENTED_EDGE ( 'NONE', *, *, #2810, .T. ) ;
#3980 =( NAMED_UNIT ( * ) SI_UNIT ( $, .STERADIAN. ) SOLID_ANGLE_UNIT ( ) );
#3981 = CARTESIAN_POINT ( 'NONE',  ( 2.500000000000000000, 4.250000000000009770, 8.100000000000010303 ) ) ;
#3982 = CARTESIAN_POINT ( 'NONE',  ( 1.075900883378422934, 6.782835288287566655, 5.313097438219579693 ) ) ;
#3983 = DIRECTION ( 'NONE',  ( 1.000000000000000000, 0.0000000000000000000, 0.0000000000000000000 ) ) ;
#3984 = CARTESIAN_POINT ( 'NONE',  ( 6.450000000000000178, 6.700487189948050037, 3.990870176997169949 ) ) ;
#3985 = ORIENTED_EDGE ( 'NONE', *, *, #1200, .F. ) ;
#3986 = ADVANCED_FACE ( 'NONE', ( #2545 ), #2176, .T. ) ;
#3987 = FACE_OUTER_BOUND ( 'NONE', #1122, .T. ) ;
#3988 = FACE_OUTER_BOUND ( 'NONE', #3374, .T. ) ;
#3989 = ORIENTED_EDGE ( 'NONE', *, *, #2385, .T. ) ;
#3990 = DIRECTION ( 'NONE',  ( 1.000000000000000000, 0.0000000000000000000, 0.0000000000000000000 ) ) ;
#3991 = ORIENTED_EDGE ( 'NONE', *, *, #2177, .F. ) ;
#3992 = CARTESIAN_POINT ( 'NONE',  ( 6.075900883378422712, 6.782835288287570208, 5.313097438219570812 ) ) ;
#3993 = DIRECTION ( 'NONE',  ( 0.0000000000000000000, 1.000000000000000000, 0.0000000000000000000 ) ) ;
#3994 = ORIENTED_EDGE ( 'NONE', *, *, #194, .T. ) ;
#3995 =( GEOMETRIC_REPRESENTATION_CONTEXT ( 3 ) GLOBAL_UNCERTAINTY_ASSIGNED_CONTEXT ( ( #2451 ) ) GLOBAL_UNIT_ASSIGNED_CONTEXT ( ( #3042, #65, #667 ) ) REPRESENTATION_CONTEXT ( 'NONE', 'WORKASPACE' ) );
#3996 = ORIENTED_EDGE ( 'NONE', *, *, #1627, .F. ) ;
#3997 = EDGE_CURVE ( 'NONE', #2223, #2423, #1922, .T. ) ;
#3998 = LINE ( 'NONE', #2336, #2487 ) ;
#3999 = CARTESIAN_POINT ( 'NONE',  ( 0.0000000000000000000, 0.1977371785018489925, 6.601260681670580333 ) ) ;
#4000 = CARTESIAN_POINT ( 'NONE',  ( 2.500000000000000000, 4.250000000000009770, 8.000000000000000000 ) ) ;
#4001 = ORIENTED_EDGE ( 'NONE', *, *, #330, .F. ) ;
#4002 = CARTESIAN_POINT ( 'NONE',  ( 3.549999999999999822, -1.462314593354880232, 2.800000000000019806 ) ) ;
#4003 = PLANE ( 'NONE',  #3957 ) ;
#4004 = CARTESIAN_POINT ( 'NONE',  ( 7.500000000000000000, 4.250000000000009770, 9.314249409997579221 ) ) ;
#4005 = SURFACE_STYLE_FILL_AREA ( #684 ) ;
#4006 = CARTESIAN_POINT ( 'NONE',  ( 4.093910474793799992, 4.650000000000010125, 8.893318922984189356 ) ) ;
#4007 = ORIENTED_EDGE ( 'NONE', *, *, #2728, .T. ) ;
#4008 = CARTESIAN_POINT ( 'NONE',  ( 0.5500000000000000444, 1.877542648054139951, -7.728965982074889342E-15 ) ) ;
#4009 = ORIENTED_EDGE ( 'NONE', *, *, #2281, .T. ) ;
#4010 = AXIS2_PLACEMENT_3D ( 'NONE', #3845, #4177, #2802 ) ;
#4011 = EDGE_CURVE ( 'NONE', #425, #648, #3231, .T. ) ;
#4012 = ORIENTED_EDGE ( 'NONE', *, *, #1245, .F. ) ;
#4013 = FACE_BOUND ( 'NONE', #1038, .T. ) ;
#4014 = CARTESIAN_POINT ( 'NONE',  ( 8.550000000000000711, 6.301461569844129862, 3.962967587499520050 ) ) ;
#4015 = EDGE_CURVE ( 'NONE', #3943, #2592, #487, .T. ) ;
#4016 = UNCERTAINTY_MEASURE_WITH_UNIT (LENGTH_MEASURE( 1.000000000000000082E-05 ), #2243, 'distance_accuracy_value', 'NONE');
#4017 = AXIS2_PLACEMENT_3D ( 'NONE', #3081, #232, #3124 ) ;
#4018 = VERTEX_POINT ( 'NONE', #2483 ) ;
#4019 = CARTESIAN_POINT ( 'NONE',  ( 1.041844086465574692, 6.384612859889100100, 5.465433459372670555 ) ) ;
#4020 = DIRECTION ( 'NONE',  ( -0.9622281902964742173, 0.0000000000000000000, 0.2722442098535290400 ) ) ;
#4021 = VECTOR ( 'NONE', #2046, 1000.000000000000000 ) ;
#4022 = CARTESIAN_POINT ( 'NONE',  ( 1.075900883378422934, 6.782835288287566655, 5.313097438219579693 ) ) ;
#4023 = EDGE_CURVE ( 'NONE', #1376, #2167, #3472, .T. ) ;
#4024 = VECTOR ( 'NONE', #1807, 1000.000000000000000 ) ;
#4025 = ORIENTED_EDGE ( 'NONE', *, *, #702, .F. ) ;
#4026 = VECTOR ( 'NONE', #177, 1000.000000000000000 ) ;
#4027 =( LENGTH_UNIT ( ) NAMED_UNIT ( * ) SI_UNIT ( .MILLI., .METRE. ) );
#4028 = VECTOR ( 'NONE', #1613, 1000.000000000000000 ) ;
#4029 = DIRECTION ( 'NONE',  ( 0.0000000000000000000, 0.0000000000000000000, 1.000000000000000000 ) ) ;
#4030 = CARTESIAN_POINT ( 'NONE',  ( 7.500000000000000000, -3.950000000000000178, 2.649999999999999911 ) ) ;
#4031 = ORIENTED_EDGE ( 'NONE', *, *, #2196, .F. ) ;
#4032 = COLOUR_RGB ( '',0.2862745098039215508, 0.6431372549019607199, 0.8666666666666666963 ) ;
#4033 = CARTESIAN_POINT ( 'NONE',  ( 5.450000000000000178, 2.200000000000000178, 0.6500000000000040190 ) ) ;
#4034 = EDGE_LOOP ( 'NONE', ( #3546, #1866 ) ) ;
#4035 = CIRCLE ( 'NONE', #3886, 1.749999999999999778 ) ;
#4036 = VECTOR ( 'NONE', #3544, 1000.000000000000000 ) ;
#4037 = SURFACE_STYLE_USAGE ( .BOTH. , #3721 ) ;
#4038 = CARTESIAN_POINT ( 'NONE',  ( 9.034447604600114090, 4.650000000000011902, 9.413837825582238139 ) ) ;
#4039 = ORIENTED_EDGE ( 'NONE', *, *, #405, .F. ) ;
#4040 = CARTESIAN_POINT ( 'NONE',  ( -0.5000000000000000000, 6.370920840910899940, 3.569044486294639995 ) ) ;
#4041 = AXIS2_PLACEMENT_3D ( 'NONE', #202, #3475, #1220 ) ;
#4042 = ORIENTED_EDGE ( 'NONE', *, *, #3921, .T. ) ;
#4043 =( NAMED_UNIT ( * ) PLANE_ANGLE_UNIT ( ) SI_UNIT ( $, .RADIAN. ) );
#4044 = ADVANCED_FACE ( 'NONE', ( #4154 ), #1, .T. ) ;
#4045 = DIRECTION ( 'NONE',  ( 0.0000000000000000000, 0.0000000000000000000, 1.000000000000000000 ) ) ;
#4046 = PLANE ( 'NONE',  #2419 ) ;
#4047 = DIRECTION ( 'NONE',  ( 1.000000000000000000, 0.0000000000000000000, 0.0000000000000000000 ) ) ;
#4048 = ORIENTED_EDGE ( 'NONE', *, *, #789, .T. ) ;
#4049 = EDGE_CURVE ( 'NONE', #563, #2512, #3541, .T. ) ;
#4050 = EDGE_CURVE ( 'NONE', #2441, #3923, #2996, .T. ) ;
#4051 = CARTESIAN_POINT ( 'NONE',  ( 8.550000000000000711, 6.370920840910899940, 3.569044486294639995 ) ) ;
#4052 = DIRECTION ( 'NONE',  ( 0.0000000000000000000, 0.0000000000000000000, 1.000000000000000000 ) ) ;
#4053 = DIRECTION ( 'NONE',  ( 0.0000000000000000000, 0.0000000000000000000, 1.000000000000000000 ) ) ;
#4054 = ORIENTED_EDGE ( 'NONE', *, *, #1486, .F. ) ;
#4055 = EDGE_CURVE ( 'NONE', #1456, #1341, #1352, .T. ) ;
#4056 = CARTESIAN_POINT ( 'NONE',  ( 7.500000000000000000, 4.250000000000009770, 8.099999999999999645 ) ) ;
#4057 = FILL_AREA_STYLE_COLOUR ( '', #1140 ) ;
#4058 = CARTESIAN_POINT ( 'NONE',  ( 8.957786553235372651, 4.650000000000011013, 9.481490714224456440 ) ) ;
#4059 = CARTESIAN_POINT ( 'NONE',  ( 9.062892611431221823, 4.650000000000010125, 9.314249409997579221 ) ) ;
#4060 = VERTEX_POINT ( 'NONE', #2668 ) ;
#4061 = CARTESIAN_POINT ( 'NONE',  ( 3.549999999999999822, 5.950000000000040146, 2.800000000000019806 ) ) ;
#4062 = SURFACE_SIDE_STYLE ('',( #107 ) ) ;
#4063 = CARTESIAN_POINT ( 'NONE',  ( 2.500000000000000000, 0.1499999999999999944, 2.149999999999990141 ) ) ;
#4064 = COLOUR_RGB ( '',0.2862745098039215508, 0.6431372549019607199, 0.8666666666666666963 ) ;
#4065 = EDGE_CURVE ( 'NONE', #4277, #3364, #262, .T. ) ;
#4066 = EDGE_LOOP ( 'NONE', ( #3525, #3791, #2030, #2303 ) ) ;
#4067 = CARTESIAN_POINT ( 'NONE',  ( 4.062892611431221823, 4.650000000000010125, 9.314249409997589879 ) ) ;
#4068 =( LENGTH_UNIT ( ) NAMED_UNIT ( * ) SI_UNIT ( .MILLI., .METRE. ) );
#4069 = DIRECTION ( 'NONE',  ( 0.0000000000000000000, 1.000000000000000000, 0.0000000000000000000 ) ) ;
#4070 = CARTESIAN_POINT ( 'NONE',  ( 7.500000000000000000, 0.1499999999999999944, 2.149999999999999911 ) ) ;
#4071 = EDGE_CURVE ( 'NONE', #650, #569, #1187, .T. ) ;
#4072 = ORIENTED_EDGE ( 'NONE', *, *, #1713, .T. ) ;
#4073 = ORIENTED_EDGE ( 'NONE', *, *, #552, .F. ) ;
#4074 = EDGE_CURVE ( 'NONE', #3894, #1908, #2345, .T. ) ;
#4075 = VERTEX_POINT ( 'NONE', #4256 ) ;
#4076 =( LENGTH_UNIT ( ) NAMED_UNIT ( * ) SI_UNIT ( .MILLI., .METRE. ) );
#4077 = EDGE_LOOP ( 'NONE', ( #2993, #3746, #1043, #2329 ) ) ;
#4078 = DIRECTION ( 'NONE',  ( 1.000000000000000000, 0.0000000000000000000, 0.0000000000000000000 ) ) ;
#4079 = CIRCLE ( 'NONE', #1229, 0.2999999999999999334 ) ;
#4080 = ORIENTED_EDGE ( 'NONE', *, *, #1106, .T. ) ;
#4081 = DIRECTION ( 'NONE',  ( -0.2722442098535290400, 0.0000000000000000000, -0.9622281902964742173 ) ) ;
#4082 = VECTOR ( 'NONE', #2022, 1000.000000000000000 ) ;
#4083 = VERTEX_POINT ( 'NONE', #289 ) ;
#4084 = STYLED_ITEM ( 'NONE', ( #1452 ), #2453 ) ;
#4085 = COLOUR_RGB ( '',0.2862745098039215508, 0.6431372549019607199, 0.8666666666666666963 ) ;
#4086 = CARTESIAN_POINT ( 'NONE',  ( 2.500000000000000000, 4.250000000000009770, 9.314249409997589879 ) ) ;
#4087 = CARTESIAN_POINT ( 'NONE',  ( 10.50000000000000000, 0.6613248654051859798, 6.200000000000001066 ) ) ;
#4088 = EDGE_CURVE ( 'NONE', #2874, #1066, #3751, .T. ) ;
#4089 = SURFACE_SIDE_STYLE ('',( #816 ) ) ;
#4090 = FACE_OUTER_BOUND ( 'NONE', #859, .T. ) ;
#4091 =( GEOMETRIC_REPRESENTATION_CONTEXT ( 3 ) GLOBAL_UNCERTAINTY_ASSIGNED_CONTEXT ( ( #1448 ) ) GLOBAL_UNIT_ASSIGNED_CONTEXT ( ( #1541, #1910, #3467 ) ) REPRESENTATION_CONTEXT ( 'NONE', 'WORKASPACE' ) );
#4092 = CIRCLE ( 'NONE', #2205, 0.5999999999999998668 ) ;
#4093 = ORIENTED_EDGE ( 'NONE', *, *, #2681, .T. ) ;
#4094 = LINE ( 'NONE', #3429, #466 ) ;
#4095 = COLOUR_RGB ( '',0.2862745098039215508, 0.6431372549019607199, 0.8666666666666666963 ) ;
#4096 = EDGE_CURVE ( 'NONE', #3529, #3723, #1611, .T. ) ;
#4097 = EDGE_LOOP ( 'NONE', ( #3636, #3234, #2044, #2758 ) ) ;
#4098 = COLOUR_RGB ( '',0.2862745098039215508, 0.6431372549019607199, 0.8666666666666666963 ) ;
#4099 = EDGE_LOOP ( 'NONE', ( #1355, #3601, #1492, #3762 ) ) ;
#4100 = CONICAL_SURFACE ( 'NONE', #890, 0.5000000000000000000, 0.4636476084710116075 ) ;
#4101 = LINE ( 'NONE', #827, #1776 ) ;
#4102 = AXIS2_PLACEMENT_3D ( 'NONE', #3713, #1722, #3035 ) ;
#4103 = SHAPE_REPRESENTATION_RELATIONSHIP ( 'NONE' , 'NONE' ,  #355, #2609 ) ;
#4104 = ORIENTED_EDGE ( 'NONE', *, *, #4195, .F. ) ;
#4105 = EDGE_CURVE ( 'NONE', #1444, #436, #2586, .T. ) ;
#4106 = CARTESIAN_POINT ( 'NONE',  ( 15.00000000000000000, 7.750000000000000000, 0.0000000000000000000 ) ) ;
#4107 = DIRECTION ( 'NONE',  ( 1.000000000000000000, 0.0000000000000000000, 0.0000000000000000000 ) ) ;
#4108 = UNCERTAINTY_MEASURE_WITH_UNIT (LENGTH_MEASURE( 1.000000000000000082E-05 ), #790, 'distance_accuracy_value', 'NONE');
#4109 = AXIS2_PLACEMENT_3D ( 'NONE', #460, #131, #2841 ) ;
#4110 = ORIENTED_EDGE ( 'NONE', *, *, #3056, .F. ) ;
#4111 = LINE ( 'NONE', #4061, #2878 ) ;
#4112 = DIRECTION ( 'NONE',  ( -3.641714079092569968E-16, 0.0000000000000000000, -1.000000000000000000 ) ) ;
#4113 = DIRECTION ( 'NONE',  ( 0.0000000000000000000, 0.0000000000000000000, 1.000000000000000000 ) ) ;
#4114 = CARTESIAN_POINT ( 'NONE',  ( 3.961427646675763192, 6.340242470872355263, 5.485183436973967375 ) ) ;
#4115 = DIRECTION ( 'NONE',  ( 6.323770134184271214E-17, -0.9848077530122081313, -0.1736481776669300259 ) ) ;
#4116 = CYLINDRICAL_SURFACE ( 'NONE', #4017, 1.400000000000000133 ) ;
#4117 = CARTESIAN_POINT ( 'NONE',  ( 2.500000000000000000, 9.550000000000029132, 4.150000000000000355 ) ) ;
#4118 = ORIENTED_EDGE ( 'NONE', *, *, #1953, .F. ) ;
#4119 = FILL_AREA_STYLE ('',( #3760 ) ) ;
#4120 = DIRECTION ( 'NONE',  ( -5.152643988049929844E-16, 0.0000000000000000000, -1.000000000000000000 ) ) ;
#4121 = DIRECTION ( 'NONE',  ( 0.0000000000000000000, 0.0000000000000000000, -1.000000000000000000 ) ) ;
#4122 = VERTEX_POINT ( 'NONE', #2298 ) ;
#4123 = EDGE_CURVE ( 'NONE', #1539, #1376, #3623, .T. ) ;
#4124 = CARTESIAN_POINT ( 'NONE',  ( 2.500000000000000000, 4.250000000000009770, 9.314249409997589879 ) ) ;
#4125 = ORIENTED_EDGE ( 'NONE', *, *, #826, .F. ) ;
#4126 = LINE ( 'NONE', #801, #3312 ) ;
#4127 = CARTESIAN_POINT ( 'NONE',  ( 8.924099116621579952, 6.782835288287570208, 5.313097438219569923 ) ) ;
#4128 = VERTEX_POINT ( 'NONE', #3016 ) ;
#4129 = SURFACE_STYLE_FILL_AREA ( #1804 ) ;
#4130 = CARTESIAN_POINT ( 'NONE',  ( 0.9129626948656101026, 3.850000000000010303, 8.986637655680240755 ) ) ;
#4131 = PLANE ( 'NONE',  #1103 ) ;
#4132 = CARTESIAN_POINT ( 'NONE',  ( 0.0000000000000000000, 0.9399999999999999467, -7.728965982074889342E-15 ) ) ;
#4133 = PRESENTATION_STYLE_ASSIGNMENT (( #1878 ) ) ;
#4134 = MECHANICAL_DESIGN_GEOMETRIC_PRESENTATION_REPRESENTATION (  '', ( #3495 ), #3284 ) ;
#4135 = DIRECTION ( 'NONE',  ( 0.0000000000000000000, 1.000000000000000000, 0.0000000000000000000 ) ) ;
#4136 = EDGE_LOOP ( 'NONE', ( #2588, #1913, #2534 ) ) ;
#4137 = COLOUR_RGB ( '',0.2862745098039215508, 0.6431372549019607199, 0.8666666666666666963 ) ;
#4138 = LINE ( 'NONE', #2818, #183 ) ;
#4139 = DIRECTION ( 'NONE',  ( 0.0000000000000000000, 0.0000000000000000000, 1.000000000000000000 ) ) ;
#4140 = LINE ( 'NONE', #2488, #1986 ) ;
#4141 = ORIENTED_EDGE ( 'NONE', *, *, #140, .T. ) ;
#4142 = CARTESIAN_POINT ( 'NONE',  ( 7.500000000000000000, 5.850000000000009415, 8.000000000000000000 ) ) ;
#4143 = DIRECTION ( 'NONE',  ( 0.0000000000000000000, 0.0000000000000000000, 1.000000000000000000 ) ) ;
#4144 = EDGE_CURVE ( 'NONE', #4219, #748, #267, .T. ) ;
#4145 = UNCERTAINTY_MEASURE_WITH_UNIT (LENGTH_MEASURE( 1.000000000000000082E-05 ), #2882, 'distance_accuracy_value', 'NONE');
#4146 = EDGE_LOOP ( 'NONE', ( #4012, #1475, #1577, #4241 ) ) ;
#4147 = ADVANCED_FACE ( 'NONE', ( #1942 ), #1336, .T. ) ;
#4148 = CLOSED_SHELL ( 'NONE', ( #4044, #1391, #1332, #379, #2571, #3157, #3536, #4170, #923, #3830, #3743, #3416, #994, #4190, #1196, #570, #627, #201, #164, #551, #474, #3528, #735, #3657, #353, #574, #2032, #2574, #3182, #281, #3585, #70, #3986, #3411, #2457, #4302, #271, #2064, #2943, #495, #37, #3717, #25, #2544, #709, #2548, #2763, #2917, #2715, #1306, #2301, #2273, #3966, #2040, #3300, #3482, #1049, #4245, #2471, #3927, #1791, #1077, #812, #1072, #432, #2578, #4147, #3931, #1520, #490, #944, #540, #467, #1206, #978, #1192, #1690, #307, #3084, #300, #2523, #3767, #76, #2227, #2866, #1702, #1762, #1818, #1410, #3483, #2453, #820, #1528, #3456, #3144, #2601, #3503, #2742, #3265, #1831, #600, #3476, #1651, #2445, #3634, #998, #1521, #438, #273, #3334, #3900, #3907, #3548, #1082, #3690, #3961, #1313 ) ) ;
#4149 = DIRECTION ( 'NONE',  ( 0.0000000000000000000, 0.1736481776669300259, -0.9848077530122081313 ) ) ;
#4150 = FILL_AREA_STYLE_COLOUR ( '', #3091 ) ;
#4151 = DIRECTION ( 'NONE',  ( 0.0000000000000000000, 0.0000000000000000000, 1.000000000000000000 ) ) ;
#4152 = STYLED_ITEM ( 'NONE', ( #442 ), #432 ) ;
#4153 = LINE ( 'NONE', #2863, #2426 ) ;
#4154 = FACE_OUTER_BOUND ( 'NONE', #4292, .T. ) ;
#4155 = VECTOR ( 'NONE', #2536, 1000.000000000000000 ) ;
#4156 = FACE_OUTER_BOUND ( 'NONE', #2188, .T. ) ;
#4157 = CIRCLE ( 'NONE', #2279, 1.613267899285889984 ) ;
#4158 = AXIS2_PLACEMENT_3D ( 'NONE', #1417, #3360, #469 ) ;
#4159 = DIRECTION ( 'NONE',  ( 1.000000000000000000, 0.0000000000000000000, 0.0000000000000000000 ) ) ;
#4160 = CARTESIAN_POINT ( 'NONE',  ( 7.500000000000000000, 4.250000000000009770, 8.099999999999999645 ) ) ;
#4161 = DIRECTION ( 'NONE',  ( 1.000000000000000000, 0.0000000000000000000, 0.0000000000000000000 ) ) ;
#4162 = ORIENTED_EDGE ( 'NONE', *, *, #1003, .F. ) ;
#4163 = CARTESIAN_POINT ( 'NONE',  ( 8.969861671573269746, 6.381146321179252290, 5.536094731449538564 ) ) ;
#4164 =( GEOMETRIC_REPRESENTATION_CONTEXT ( 3 ) GLOBAL_UNCERTAINTY_ASSIGNED_CONTEXT ( ( #4145 ) ) GLOBAL_UNIT_ASSIGNED_CONTEXT ( ( #2882, #2211, #1195 ) ) REPRESENTATION_CONTEXT ( 'NONE', 'WORKASPACE' ) );
#4165 = CARTESIAN_POINT ( 'NONE',  ( 6.143990033716241861, 4.650000000000010125, 9.500000000000000000 ) ) ;
#4166 = AXIS2_PLACEMENT_3D ( 'NONE', #1896, #1230, #2519 ) ;
#4167 = MECHANICAL_DESIGN_GEOMETRIC_PRESENTATION_REPRESENTATION (  '', ( #1104 ), #3388 ) ;
#4168 = CYLINDRICAL_SURFACE ( 'NONE', #3736, 1.399999999999999911 ) ;
#4169 = AXIS2_PLACEMENT_3D ( 'NONE', #4086, #1097, #3420 ) ;
#4170 = ADVANCED_FACE ( 'NONE', ( #396 ), #1054, .F. ) ;
#4171 = LINE ( 'NONE', #212, #1326 ) ;
#4172 = CARTESIAN_POINT ( 'NONE',  ( 2.500000000000000000, 0.1499999999999999944, 3.149999999999990141 ) ) ;
#4173 = DIRECTION ( 'NONE',  ( 0.0000000000000000000, -1.000000000000000000, 0.0000000000000000000 ) ) ;
#4174 = CARTESIAN_POINT ( 'NONE',  ( 9.062892611435055201, 3.850000000000010303, 9.314249409999399987 ) ) ;
#4175 = CARTESIAN_POINT ( 'NONE',  ( 3.924099116621577288, 6.560463200155847829, 5.313097438219579693 ) ) ;
#4176 = CARTESIAN_POINT ( 'NONE',  ( 1.143990033716242083, 3.850000000000008527, 9.500000000000010658 ) ) ;
#4177 = DIRECTION ( 'NONE',  ( 0.0000000000000000000, 0.0000000000000000000, -1.000000000000000000 ) ) ;
#4178 = ORIENTED_EDGE ( 'NONE', *, *, #1573, .T. ) ;
#4179 = FACE_OUTER_BOUND ( 'NONE', #2855, .T. ) ;
#4180 = DIRECTION ( 'NONE',  ( -1.000000000000000000, 0.0000000000000000000, 5.152643988049929844E-16 ) ) ;
#4181 = ORIENTED_EDGE ( 'NONE', *, *, #1895, .F. ) ;
#4182 = CARTESIAN_POINT ( 'NONE',  ( 10.00000000000000000, 1.550000000000000266, 6.200000000000001066 ) ) ;
#4183 = ORIENTED_EDGE ( 'NONE', *, *, #1245, .T. ) ;
#4184 = DIRECTION ( 'NONE',  ( 0.0000000000000000000, 0.3713906763541028888, -0.9284766908852596368 ) ) ;
#4185 = ORIENTED_EDGE ( 'NONE', *, *, #1645, .T. ) ;
#4186 = FACE_OUTER_BOUND ( 'NONE', #1890, .T. ) ;
#4187 =( LENGTH_UNIT ( ) NAMED_UNIT ( * ) SI_UNIT ( .MILLI., .METRE. ) );
#4188 = DIRECTION ( 'NONE',  ( 0.0000000000000000000, 1.000000000000000000, 0.0000000000000000000 ) ) ;
#4189 = FACE_OUTER_BOUND ( 'NONE', #2530, .T. ) ;
#4190 = ADVANCED_FACE ( 'NONE', ( #3759 ), #3125, .T. ) ;
#4191 = ORIENTED_EDGE ( 'NONE', *, *, #2128, .F. ) ;
#4192 = FILL_AREA_STYLE_COLOUR ( '', #4095 ) ;
#4193 = STYLED_ITEM ( 'NONE', ( #1873 ), #1528 ) ;
#4194 = CARTESIAN_POINT ( 'NONE',  ( 9.550000000000000711, 6.250000000000031086, 5.700000000000000178 ) ) ;
#4195 = EDGE_CURVE ( 'NONE', #516, #1444, #2755, .T. ) ;
#4196 = ORIENTED_EDGE ( 'NONE', *, *, #4266, .T. ) ;
#4197 = LINE ( 'NONE', #2549, #3568 ) ;
#4198 = PRESENTATION_LAYER_ASSIGNMENT (  '', '', ( #511 ) ) ;
#4199 = ORIENTED_EDGE ( 'NONE', *, *, #593, .F. ) ;
#4200 = DIRECTION ( 'NONE',  ( 0.0000000000000000000, -1.000000000000000000, -3.965082230804130614E-15 ) ) ;
#4201 = DIRECTION ( 'NONE',  ( 0.0000000000000000000, 0.07124704990663610626, -0.9974586998365402302 ) ) ;
#4202 = VERTEX_POINT ( 'NONE', #863 ) ;
#4203 = CARTESIAN_POINT ( 'NONE',  ( 30.00000000000000000, 7.750000000000000000, 5.900000000000000355 ) ) ;
#4204 =( BOUNDED_CURVE ( )  B_SPLINE_CURVE ( 3, ( #395, #751, #2097, #3403 ),
 .UNSPECIFIED., .F., .T. ) 
 B_SPLINE_CURVE_WITH_KNOTS ( ( 4, 4 ),
 ( 1.617317421061991167, 1.640609496874676276 ),
 .UNSPECIFIED. ) 
 CURVE ( )  GEOMETRIC_REPRESENTATION_ITEM ( )  RATIONAL_B_SPLINE_CURVE ( ( 1.000000000000000000, 0.9999547904446798308, 0.9999547904446798308, 1.000000000000000000 ) ) 
 REPRESENTATION_ITEM ( '' )  );
#4205 = CARTESIAN_POINT ( 'NONE',  ( 15.00000000000000000, 6.436102000195529804, 10.00000000000000000 ) ) ;
#4206 = STYLED_ITEM ( 'NONE', ( #2249 ), #2273 ) ;
#4207 = VERTEX_POINT ( 'NONE', #2542 ) ;
#4208 = DIRECTION ( 'NONE',  ( 0.0000000000000000000, 0.0000000000000000000, 1.000000000000000000 ) ) ;
#4209 = CARTESIAN_POINT ( 'NONE',  ( 3.549999999999999822, 6.405650476444289865, 3.372082935692199968 ) ) ;
#4210 = CARTESIAN_POINT ( 'NONE',  ( 4.100781059358210356, 4.650000000000010125, 8.800000000000009592 ) ) ;
#4211 = CARTESIAN_POINT ( 'NONE',  ( 2.500000000000000000, -4.450000000000000178, 2.649999999999990141 ) ) ;
#4212 = DIRECTION ( 'NONE',  ( 0.0000000000000000000, -1.000000000000000000, 0.0000000000000000000 ) ) ;
#4213 = ORIENTED_EDGE ( 'NONE', *, *, #3129, .F. ) ;
#4214 = MECHANICAL_DESIGN_GEOMETRIC_PRESENTATION_REPRESENTATION (  '', ( #4206 ), #4288 ) ;
#4215 = EDGE_CURVE ( 'NONE', #1066, #338, #1789, .T. ) ;
#4216 = EDGE_LOOP ( 'NONE', ( #2148, #3768, #277, #3778 ) ) ;
#4217 = DIRECTION ( 'NONE',  ( 0.0000000000000000000, 0.0000000000000000000, -1.000000000000000000 ) ) ;
#4218 = PRESENTATION_LAYER_ASSIGNMENT (  '', '', ( #3177 ) ) ;
#4219 = VERTEX_POINT ( 'NONE', #214 ) ;
#4220 = CARTESIAN_POINT ( 'NONE',  ( 9.100781059358210356, 4.650000000000010125, 8.800000000000000711 ) ) ;
#4221 = VECTOR ( 'NONE', #162, 1000.000000000000000 ) ;
#4222 = ORIENTED_EDGE ( 'NONE', *, *, #102, .F. ) ;
#4223 = CIRCLE ( 'NONE', #2017, 1.599999999999999867 ) ;
#4224 = CARTESIAN_POINT ( 'NONE',  ( 6.075900883378422712, 6.560463200155849606, 5.313097438219570812 ) ) ;
#4225 = VECTOR ( 'NONE', #3142, 1000.000000000000000 ) ;
#4226 = VERTEX_POINT ( 'NONE', #4209 ) ;
#4227 = EDGE_CURVE ( 'NONE', #2655, #585, #2816, .T. ) ;
#4228 = LINE ( 'NONE', #4250, #2625 ) ;
#4229 = AXIS2_PLACEMENT_3D ( 'NONE', #99, #1438, #4120 ) ;
#4230 = CARTESIAN_POINT ( 'NONE',  ( 5.899218940641789644, 4.650000000000010125, 8.800000000000000711 ) ) ;
#4231 = ORIENTED_EDGE ( 'NONE', *, *, #518, .T. ) ;
#4232 = STYLED_ITEM ( 'NONE', ( #1688 ), #3927 ) ;
#4233 = CARTESIAN_POINT ( 'NONE',  ( 3.924099116621577288, 6.560463200155847829, 5.313097438219579693 ) ) ;
#4234 = LINE ( 'NONE', #885, #1334 ) ;
#4235 = CARTESIAN_POINT ( 'NONE',  ( 0.5500000000000000444, 1.652376043070270084, 6.200000000000001066 ) ) ;
#4236 = AXIS2_PLACEMENT_3D ( 'NONE', #1176, #333, #1684 ) ;
#4237 = ORIENTED_EDGE ( 'NONE', *, *, #3260, .T. ) ;
#4238 = CARTESIAN_POINT ( 'NONE',  ( 8.875649002070730376, 6.820490948317419644, 5.141853884246479822 ) ) ;
#4239 = ORIENTED_EDGE ( 'NONE', *, *, #1339, .F. ) ;
#4240 = EDGE_CURVE ( 'NONE', #2553, #3507, #2881, .T. ) ;
#4241 = ORIENTED_EDGE ( 'NONE', *, *, #2973, .F. ) ;
#4242 = FACE_OUTER_BOUND ( 'NONE', #2635, .T. ) ;
#4243 = EDGE_LOOP ( 'NONE', ( #301, #2679, #3991, #59 ) ) ;
#4244 = CARTESIAN_POINT ( 'NONE',  ( 6.091470100434436041, 6.803742317568938880, 5.258069125366935381 ) ) ;
#4245 = ADVANCED_FACE ( 'NONE', ( #1214 ), #1546, .F. ) ;
#4246 = ORIENTED_EDGE ( 'NONE', *, *, #493, .F. ) ;
#4247 = DIRECTION ( 'NONE',  ( 1.000000000000000000, 0.0000000000000000000, 0.0000000000000000000 ) ) ;
#4248 = FACE_OUTER_BOUND ( 'NONE', #1418, .T. ) ;
#4249 = CARTESIAN_POINT ( 'NONE',  ( 0.9371073885686268534, 3.850000000000009415, 9.314249409997653828 ) ) ;
#4250 = CARTESIAN_POINT ( 'NONE',  ( 0.3549999999999999822, 0.7350406544375860385, 6.200000000000001066 ) ) ;
#4251 = CARTESIAN_POINT ( 'NONE',  ( 0.7941216994211599545, 6.087585839000359655, 5.702638584486949824 ) ) ;
#4252 = EDGE_CURVE ( 'NONE', #1157, #185, #3800, .T. ) ;
#4253 = EDGE_CURVE ( 'NONE', #3628, #1602, #1859, .T. ) ;
#4254 = ORIENTED_EDGE ( 'NONE', *, *, #1495, .F. ) ;
#4255 = FILL_AREA_STYLE_COLOUR ( '', #1669 ) ;
#4256 = CARTESIAN_POINT ( 'NONE',  ( 7.500000000000000000, 0.1499999999999999944, 3.149999999999999911 ) ) ;
#4257 = CARTESIAN_POINT ( 'NONE',  ( 4.500000000000000888, 6.620978138265459556, 5.127902589497660202 ) ) ;
#4258 = ORIENTED_EDGE ( 'NONE', *, *, #2710, .T. ) ;
#4259 = CARTESIAN_POINT ( 'NONE',  ( -0.5000000000000000000, 3.592004494644689849, 2.875961234938980038 ) ) ;
#4260 = CARTESIAN_POINT ( 'NONE',  ( 4.500000000000000888, 6.900000000000019895, 4.004821471746000228 ) ) ;
#4261 = SURFACE_STYLE_USAGE ( .BOTH. , #340 ) ;
#4262 = ORIENTED_EDGE ( 'NONE', *, *, #1544, .T. ) ;
#4263 = STYLED_ITEM ( 'NONE', ( #4284 ), #2040 ) ;
#4264 = VERTEX_POINT ( 'NONE', #2171 ) ;
#4265 = DIRECTION ( 'NONE',  ( 0.8660254037845415143, 0.4999999999998216982, 0.0000000000000000000 ) ) ;
#4266 = EDGE_CURVE ( 'NONE', #3343, #1348, #3123, .T. ) ;
#4267 = ORIENTED_EDGE ( 'NONE', *, *, #3552, .F. ) ;
#4268 = LINE ( 'NONE', #1957, #4082 ) ;
#4269 = CARTESIAN_POINT ( 'NONE',  ( 8.890407047718351663, 6.616355096402059210, 5.194015168276943761 ) ) ;
#4270 = VECTOR ( 'NONE', #3370, 1000.000000000000000 ) ;
#4271 = ORIENTED_EDGE ( 'NONE', *, *, #559, .F. ) ;
#4272 = DIRECTION ( 'NONE',  ( 0.0000000000000000000, 1.000000000000000000, 0.0000000000000000000 ) ) ;
#4273 = EDGE_CURVE ( 'NONE', #874, #338, #128, .T. ) ;
#4274 = CARTESIAN_POINT ( 'NONE',  ( 1.027326048814293902, 6.293418682409068765, 5.495963488081318182 ) ) ;
#4275 = PRESENTATION_STYLE_ASSIGNMENT (( #3273 ) ) ;
#4276 = PLANE ( 'NONE',  #1598 ) ;
#4277 = VERTEX_POINT ( 'NONE', #815 ) ;
#4278 = LINE ( 'NONE', #639, #3187 ) ;
#4279 = AXIS2_PLACEMENT_3D ( 'NONE', #3651, #2821, #4139 ) ;
#4280 = DIRECTION ( 'NONE',  ( 0.0000000000000000000, -1.000000000000000000, -3.965082230804130614E-15 ) ) ;
#4281 = ORIENTED_EDGE ( 'NONE', *, *, #676, .T. ) ;
#4282 = CIRCLE ( 'NONE', #2412, 1.749999999999999778 ) ;
#4283 = FILL_AREA_STYLE ('',( #2955 ) ) ;
#4284 = PRESENTATION_STYLE_ASSIGNMENT (( #3280 ) ) ;
#4285 = CARTESIAN_POINT ( 'NONE',  ( 1.449999999999999956, 6.900812423267500328, 3.990870176997180607 ) ) ;
#4286 = ORIENTED_EDGE ( 'NONE', *, *, #3741, .T. ) ;
#4287 = AXIS2_PLACEMENT_3D ( 'NONE', #1372, #3404, #726 ) ;
#4288 =( GEOMETRIC_REPRESENTATION_CONTEXT ( 3 ) GLOBAL_UNCERTAINTY_ASSIGNED_CONTEXT ( ( #3092 ) ) GLOBAL_UNIT_ASSIGNED_CONTEXT ( ( #503, #1838, #172 ) ) REPRESENTATION_CONTEXT ( 'NONE', 'WORKASPACE' ) );
#4289 = ORIENTED_EDGE ( 'NONE', *, *, #435, .T. ) ;
#4290 =( GEOMETRIC_REPRESENTATION_CONTEXT ( 3 ) GLOBAL_UNCERTAINTY_ASSIGNED_CONTEXT ( ( #4016 ) ) GLOBAL_UNIT_ASSIGNED_CONTEXT ( ( #2243, #96, #2922 ) ) REPRESENTATION_CONTEXT ( 'NONE', 'WORKASPACE' ) );
#4291 = CARTESIAN_POINT ( 'NONE',  ( 1.041844086465574692, 6.384612859889100100, 5.465433459372670555 ) ) ;
#4292 = EDGE_LOOP ( 'NONE', ( #871, #635, #2971, #1756 ) ) ;
#4293 = PRESENTATION_LAYER_ASSIGNMENT (  '', '', ( #3380 ) ) ;
#4294 = ORIENTED_EDGE ( 'NONE', *, *, #4304, .T. ) ;
#4295 = CIRCLE ( 'NONE', #1383, 0.1000000000000002554 ) ;
#4296 = CARTESIAN_POINT ( 'NONE',  ( 0.0000000000000000000, 6.650000000000000355, 9.999999999999989342 ) ) ;
#4297 = CARTESIAN_POINT ( 'NONE',  ( 2.500000000000000000, 4.250000000000009770, 9.500000000000010658 ) ) ;
#4298 = SURFACE_STYLE_USAGE ( .BOTH. , #3307 ) ;
#4299 = FACE_OUTER_BOUND ( 'NONE', #2199, .T. ) ;
#4300 = VECTOR ( 'NONE', #1567, 1000.000000000000000 ) ;
#4301 = AXIS2_PLACEMENT_3D ( 'NONE', #3202, #1564, #1837 ) ;
#4302 = ADVANCED_FACE ( 'NONE', ( #2153 ), #1881, .T. ) ;
#4303 = FILL_AREA_STYLE_COLOUR ( '', #1171 ) ;
#4304 = EDGE_CURVE ( 'NONE', #1269, #2643, #3968, .T. ) ;
#4305 = AXIS2_PLACEMENT_3D ( 'NONE', #1570, #3191, #3497 ) ;
#4306 = DIRECTION ( 'NONE',  ( 0.0000000000000000000, 0.0000000000000000000, 1.000000000000000000 ) ) ;
#4307 = CARTESIAN_POINT ( 'NONE',  ( 8.549145049325982626, 6.700698492242080029, 3.987848413411089865 ) ) ;
#4308 = CARTESIAN_POINT ( 'NONE',  ( 1.449999999999999956, 6.405650476444289865, 3.372082935692199968 ) ) ;
#4309 = DIRECTION ( 'NONE',  ( 1.000000000000000000, 0.0000000000000000000, 0.0000000000000000000 ) ) ;
#4310 = VECTOR ( 'NONE', #3154, 1000.000000000000000 ) ;
#4311 = EDGE_CURVE ( 'NONE', #1348, #569, #2764, .T. ) ;
#4312 = FACE_OUTER_BOUND ( 'NONE', #3151, .T. ) ;
#4313 = NEXT_ASSEMBLY_USAGE_OCCURRENCE ( 'NAUO1', ' ', ' ', #3888, #1666, $ ) ;
ENDSEC;
END-ISO-10303-21;
